time,rec-q-can.CVL.V,rec-q-can.CCL.A,rec-q-can.DVL.V,rec-q-can.DCL.A,rec-q-can.SOC.%,rec-q-can.SOH.%,rec-q-can.SOC_HR.%,rec-q-can.Battery Voltage.V,rec-q-can.Battery Current.A,rec-q-can.Battery Temp.C,rec-q-can.Min Cell Voltage.V,rec-q-can.Max Cell Voltage.V,rec-q-can.Min Temperature.C,rec-q-can.Max Temperature.C,rec-q-can.Rated Capacity.AH,rec-q-can.Remaining Capacity.AH,rec-q-can.Warning Bits.binary,rec-q-can.Alarm Bits.binary,ws-can.CVT.V,ws-can.CCT.A,ws-can.CV.V,ws-can.Alternator Temperature.C,ws-can.Alternator Speed.RPM,ws-can.Engine Speed.RPM
2022-06-23 17:29:00.209058,28.1,279.9,23.1,279.9,0,0,0,26.52,-2.5,27.0,3.315,3.317,26,27,0,0,,,0,0,26.55,26.0,32767.5,0
2022-06-23 17:29:01.216557,28.1,279.9,23.1,279.9,0,0,0,26.53,-2.5,27.0,3.315,3.317,26,27,560,0,,,28.1,274.25,26.55,26.0,32767.5,0
2022-06-23 17:29:02.220072,28.1,279.9,23.1,279.9,79,100,0.0,26.53,-2.5,27.0,3.315,3.317,26,27,560,0,00000000 10101000 10000010 00001010,10101000 10100000 10001010 00000000,28.1,274.25,26.5,26.0,32767.5,0
2022-06-23 17:29:03.223164,28.1,279.9,23.1,279.9,79,100,0.0,26.53,-2.5,27.0,3.315,3.318,26,27,560,558,00000000 10101000 10000010 00001010,10101000 10100000 10001010 00000000,28.1,274.25,26.5,26.0,32767.5,0
2022-06-23 17:29:04.225929,28.1,279.9,23.1,279.9,79,100,0.0,26.52,-7.2,27.0,3.315,3.318,26,27,560,558,00000000 10101000 10000010 00001010,10101000 10100000 10001010 00000000,28.1,274.25,26.5,26.0,32767.5,0
2022-06-23 17:29:05.228234,28.1,279.9,23.1,279.9,79,100,0.0,26.52,-6.9,27.0,3.315,3.318,26,27,560,558,00000000 10101000 10000010 00001010,10101000 10100000 10001010 00000000,28.1,274.25,26.5,26.0,32767.5,0
2022-06-23 17:29:06.232214,28.1,279.9,23.1,279.9,79,100,0.0,26.52,-6.9,27.0,3.314,3.317,26,27,560,558,00000000 10101000 10000010 00001010,10101000 10100000 10001010 00000000,28.1,274.25,26.55,26.0,32767.5,0
2022-06-23 17:29:07.235798,28.1,279.9,23.1,279.9,79,100,0.0,26.52,-6.8,27.0,3.314,3.317,26,27,560,558,00000000 10101000 10000010 00001010,10101000 10100000 10001010 00000000,28.1,274.25,26.55,26.0,32767.5,0
2022-06-23 17:29:08.239284,28.1,279.9,23.1,279.9,79,100,0.0,26.52,-2.5,27.0,3.314,3.317,26,27,560,558,00000000 10101000 10000010 00001010,10101000 10100000 10001010 00000000,28.1,274.25,26.55,26.0,32767.5,0
2022-06-23 17:29:09.242141,28.1,279.9,23.1,279.9,79,100,0.0,26.52,-2.5,27.0,3.315,3.317,26,27,560,558,00000000 10101000 10000010 00001010,10101000 10100000 10001010 00000000,28.1,274.25,26.55,26.0,32767.5,0
2022-06-23 17:29:10.245725,28.1,279.9,23.1,279.9,79,100,0.0,26.52,-2.5,27.0,3.315,3.317,26,27,560,558,00000000 10101000 10000010 00001010,10101000 10100000 10001010 00000000,28.1,274.25,26.55,26.0,32767.5,0
2022-06-23 17:29:11.249569,28.1,279.9,23.1,279.9,79,100,0.0,26.52,-2.5,27.0,3.315,3.317,26,27,560,558,00000000 10101000 10000010 00001010,10101000 10100000 10001010 00000000,28.1,274.25,26.55,26.0,32767.5,0
2022-06-23 17:29:12.253475,28.1,279.9,23.1,279.9,79,100,0.0,26.52,-2.5,27.0,3.315,3.317,26,27,560,558,00000000 10101000 10000010 00001010,10101000 10100000 10001010 00000000,28.1,274.25,26.55,26.0,32767.5,0
2022-06-23 17:29:13.257161,28.1,279.9,23.1,279.9,79,100,0.0,26.52,-2.5,27.0,3.315,3.317,26,27,560,558,00000000 10101000 10000010 00001010,10101000 10100000 10001010 00000000,28.1,274.25,26.55,26.0,32767.5,0
2022-06-23 17:29:14.259948,28.1,279.9,23.1,279.9,79,100,0.0,26.52,-2.5,27.0,3.315,3.317,26,27,560,558,00000000 10101000 10000010 00001010,10101000 10100000 10001010 00000000,28.1,274.25,26.55,26.0,32767.5,0
2022-06-23 17:29:15.262792,28.1,279.9,23.1,279.9,79,100,0.0,26.52,-2.5,27.0,3.315,3.317,26,27,560,558,00000000 10101000 10000010 00001010,10101000 10100000 10001010 00000000,28.1,274.25,26.55,26.0,32767.5,0
2022-06-23 17:29:16.265723,28.1,279.9,23.1,279.9,79,100,0.0,26.52,-2.6,27.0,3.315,3.317,26,27,560,558,00000000 10101000 10000010 00001010,10101000 10100000 10001010 00000000,28.1,274.25,26.55,26.0,32767.5,0
2022-06-23 17:29:17.268870,28.1,279.9,23.1,279.9,79,100,0.0,26.53,-2.6,27.0,3.315,3.317,26,27,560,558,00000000 10101000 10000010 00001010,10101000 10100000 10001010 00000000,28.1,274.25,26.55,26.0,32767.5,0
2022-06-23 17:29:18.272082,28.1,279.9,23.1,279.9,79,100,0.0,26.53,-2.6,27.0,3.315,3.317,26,27,560,558,00000000 10101000 10000010 00001010,10101000 10100000 10001010 00000000,28.1,274.25,26.55,26.0,32767.5,0
2022-06-23 17:29:19.275246,28.1,279.9,23.1,279.9,79,100,0.0,26.53,-2.6,27.0,3.315,3.318,26,27,560,558,00000000 10101000 10000010 00001010,10101000 10100000 10001010 00000000,28.1,274.25,26.55,26.0,32767.5,0
2022-06-23 17:29:20.278241,28.1,279.9,23.1,279.9,79,100,0.0,26.53,-2.6,27.0,3.315,3.318,26,27,560,558,00000000 10101000 10000010 00001010,10101000 10100000 10001010 00000000,28.1,274.25,26.55,26.0,32767.5,0
2022-06-23 17:29:21.281383,28.1,279.9,23.1,279.9,79,100,0.0,26.53,-2.6,27.0,3.315,3.318,26,27,560,558,00000000 10101000 10000010 00001010,10101000 10100000 10001010 00000000,28.1,274.25,26.55,26.0,32767.5,0
2022-06-23 17:29:22.284524,28.1,279.9,23.1,279.9,79,100,0.0,26.53,-2.6,27.0,3.315,3.318,26,27,560,558,00000000 10101000 10000010 00001010,10101000 10100000 10001010 00000000,28.1,274.25,26.55,26.0,32767.5,0
2022-06-23 17:29:23.287412,28.1,279.9,23.1,279.9,79,100,0.0,26.53,-2.6,27.0,3.315,3.318,26,27,560,558,00000000 10101000 10000010 00001010,10101000 10100000 10001010 00000000,28.1,274.25,26.55,26.0,32767.5,0
2022-06-23 17:29:24.290569,28.1,279.9,23.1,279.9,79,100,0.0,26.53,-2.6,27.0,3.315,3.318,26,27,560,558,00000000 10101000 10000010 00001010,10101000 10100000 10001010 00000000,28.1,274.25,26.55,26.0,32767.5,0
2022-06-23 17:29:25.293500,28.1,279.9,23.1,279.9,79,100,0.0,26.53,-2.6,27.0,3.315,3.318,26,27,560,558,00000000 10101000 10000010 00001010,10101000 10100000 10001010 00000000,28.1,274.25,26.55,26.0,32767.5,0
2022-06-23 17:29:26.296038,28.1,279.9,23.1,279.9,79,100,0.0,26.53,-2.6,27.0,3.315,3.318,26,27,560,558,00000000 10101000 10000010 00001010,10101000 10100000 10001010 00000000,28.1,274.25,26.55,26.0,32767.5,0
2022-06-23 17:29:27.299332,28.1,279.9,23.1,279.9,79,100,0.0,26.53,-2.6,27.0,3.315,3.318,26,27,560,558,00000000 10101000 10000010 00001010,10101000 10100000 10001010 00000000,28.1,274.25,26.55,26.0,32767.5,0
2022-06-23 17:29:28.302918,28.1,279.9,23.1,279.9,79,100,0.0,26.53,-2.5,27.0,3.315,3.318,26,27,560,558,00000000 10101000 10000010 00001010,10101000 10100000 10001010 00000000,28.1,274.25,26.55,26.0,32767.5,0
2022-06-23 17:29:29.305710,28.1,279.9,23.1,279.9,79,100,0.0,26.53,-2.5,27.0,3.315,3.318,26,27,560,558,00000000 10101000 10000010 00001010,10101000 10100000 10001010 00000000,28.1,274.25,26.55,26.0,32767.5,0
2022-06-23 17:29:30.308357,28.1,279.9,23.1,279.9,79,100,0.0,26.53,-2.5,27.0,3.315,3.318,26,27,560,558,00000000 10101000 10000010 00001010,10101000 10100000 10001010 00000000,28.1,274.25,26.55,26.0,32767.5,0
2022-06-23 17:29:31.311245,28.1,279.9,23.1,279.9,79,100,0.0,26.53,-2.5,27.0,3.315,3.318,26,27,560,558,00000000 10101000 10000010 00001010,10101000 10100000 10001010 00000000,28.1,274.25,26.55,26.0,32767.5,0
2022-06-23 17:29:32.315129,28.1,279.9,23.1,279.9,79,100,0.0,26.53,-2.5,27.0,3.315,3.318,26,27,560,558,00000000 10101000 10000010 00001010,10101000 10100000 10001010 00000000,28.1,274.25,26.55,26.0,32767.5,0
2022-06-23 17:29:33.318355,28.1,279.9,23.1,279.9,79,100,0.0,26.53,-2.5,27.0,3.315,3.318,26,27,560,558,00000000 10101000 10000010 00001010,10101000 10100000 10001010 00000000,28.1,274.25,26.55,26.0,32767.5,0
2022-06-23 17:29:34.321223,28.1,279.9,23.1,279.9,79,100,0.0,26.53,-2.5,27.0,3.315,3.318,26,27,560,558,00000000 10101000 10000010 00001010,10101000 10100000 10001010 00000000,28.1,274.25,26.55,26.0,32767.5,0
2022-06-23 17:29:35.323552,28.1,279.9,23.1,279.9,79,100,0.0,26.53,-2.5,27.0,3.315,3.318,26,27,560,558,00000000 10101000 10000010 00001010,10101000 10100000 10001010 00000000,28.1,274.25,26.55,26.0,32767.5,0
2022-06-23 17:29:36.326625,28.1,279.9,23.1,279.9,79,100,0.0,26.53,-2.5,27.0,3.315,3.318,26,27,560,558,00000000 10101000 10000010 00001010,10101000 10100000 10001010 00000000,28.1,274.25,26.55,26.0,32767.5,0
2022-06-23 17:29:37.330096,28.1,279.9,23.1,279.9,79,100,0.0,26.53,-2.5,27.0,3.315,3.318,26,27,560,558,00000000 10101000 10000010 00001010,10101000 10100000 10001010 00000000,28.1,274.25,26.55,26.0,32767.5,0
2022-06-23 17:29:38.333625,28.1,279.9,23.1,279.9,79,100,0.0,26.53,-2.5,27.0,3.315,3.318,26,27,560,558,00000000 10101000 10000010 00001010,10101000 10100000 10001010 00000000,28.1,274.25,26.55,26.0,32767.5,0
2022-06-23 17:29:39.336878,28.1,279.9,23.1,279.9,79,100,0.0,26.53,-2.5,27.0,3.315,3.318,26,27,560,558,00000000 10101000 10000010 00001010,10101000 10100000 10001010 00000000,28.1,274.25,26.55,26.0,32767.5,0
2022-06-23 17:29:40.340065,28.1,279.9,23.1,279.9,79,100,0.0,26.53,-2.5,27.0,3.315,3.318,26,27,560,558,00000000 10101000 10000010 00001010,10101000 10100000 10001010 00000000,28.1,274.25,26.55,26.0,32767.5,0
2022-06-23 17:29:41.342492,28.1,279.9,23.1,279.9,79,100,0.0,26.53,-2.5,27.0,3.315,3.318,26,27,560,558,00000000 10101000 10000010 00001010,10101000 10100000 10001010 00000000,28.1,274.25,26.55,26.0,32767.5,0
2022-06-23 17:29:42.345205,28.1,279.9,23.1,279.9,79,100,0.0,26.53,-2.5,27.0,3.315,3.318,26,27,560,558,00000000 10101000 10000010 00001010,10101000 10100000 10001010 00000000,28.1,274.25,26.55,26.0,32767.5,0
2022-06-23 17:29:43.347955,28.1,279.9,23.1,279.9,79,100,0.0,26.53,-2.5,27.0,3.315,3.318,26,27,560,558,00000000 10101000 10000010 00001010,10101000 10100000 10001010 00000000,28.1,274.25,26.55,26.0,32767.5,0
2022-06-23 17:29:44.351053,28.1,279.9,23.1,279.9,79,100,0.0,26.53,-2.5,27.0,3.315,3.318,26,27,560,558,00000000 10101000 10000010 00001010,10101000 10100000 10001010 00000000,28.1,274.25,26.55,26.0,32767.5,0
2022-06-23 17:29:45.359236,28.1,279.9,23.1,279.9,79,100,0.0,26.53,-2.5,27.0,3.315,3.318,26,27,560,558,00000000 10101000 10000010 00001010,10101000 10100000 10001010 00000000,28.1,274.25,26.55,26.0,32767.5,0
2022-06-23 17:29:46.362004,28.1,279.9,23.1,279.9,79,100,0.0,26.53,-2.5,27.0,3.315,3.318,26,27,560,558,00000000 10101000 10000010 00001010,10101000 10100000 10001010 00000000,28.1,274.25,26.55,26.0,32767.5,0
2022-06-23 17:29:47.364399,28.1,279.9,23.1,279.9,79,100,0.0,26.53,-2.6,27.0,3.315,3.318,26,27,560,558,00000000 10101000 10000010 00001010,10101000 10100000 10001010 00000000,28.1,274.25,26.55,26.0,32767.5,0
2022-06-23 17:29:48.368027,28.1,279.9,23.1,279.9,79,100,0.0,26.53,-2.5,27.0,3.315,3.318,26,27,560,558,00000000 10101000 10000010 00001010,10101000 10100000 10001010 00000000,28.1,274.25,26.55,26.0,32767.5,0
2022-06-23 17:29:49.371283,28.1,279.9,23.1,279.9,79,100,0.0,26.53,-2.5,27.0,3.315,3.318,26,27,560,558,00000000 10101000 10000010 00001010,10101000 10100000 10001010 00000000,28.1,274.25,26.55,26.0,32767.5,0
2022-06-23 17:29:50.374908,28.1,279.9,23.1,279.9,79,100,0.0,26.53,-2.5,27.0,3.315,3.318,26,27,560,558,00000000 10101000 10000010 00001010,10101000 10100000 10001010 00000000,28.1,274.25,26.55,26.0,32767.5,0
2022-06-23 17:29:51.377597,28.1,279.9,23.1,279.9,79,100,0.0,26.53,-2.5,27.0,3.315,3.318,26,27,560,558,00000000 10101000 10000010 00001010,10101000 10100000 10001010 00000000,28.1,274.25,26.55,26.0,32767.5,0
2022-06-23 17:29:52.380215,28.1,279.9,23.1,279.9,79,100,0.0,26.53,-2.5,27.0,3.315,3.318,26,27,560,558,00000000 10101000 10000010 00001010,10101000 10100000 10001010 00000000,28.1,274.25,26.55,26.0,32767.5,0
2022-06-23 17:29:53.383596,28.1,279.9,23.1,279.9,79,100,0.0,26.53,-2.5,27.0,3.315,3.318,26,27,560,558,00000000 10101000 10000010 00001010,10101000 10100000 10001010 00000000,28.1,274.25,26.55,26.0,32767.5,0
2022-06-23 17:29:54.387250,28.1,279.9,23.1,279.9,79,100,0.0,26.53,-2.5,27.0,3.315,3.318,26,27,560,558,00000000 10101000 10000010 00001010,10101000 10100000 10001010 00000000,28.1,274.25,26.55,26.0,32767.5,0
2022-06-23 17:29:55.390143,28.1,279.9,23.1,279.9,79,100,0.0,26.53,-2.5,27.0,3.315,3.318,26,27,560,558,00000000 10101000 10000010 00001010,10101000 10100000 10001010 00000000,28.1,274.25,26.55,26.0,32767.5,0
2022-06-23 17:29:56.392702,28.1,279.9,23.1,279.9,79,100,0.0,26.53,-2.6,27.0,3.315,3.318,26,27,560,558,00000000 10101000 10000010 00001010,10101000 10100000 10001010 00000000,28.1,274.25,26.55,26.0,32767.5,0
2022-06-23 17:29:57.395186,28.1,279.9,23.1,279.9,79,100,0.0,26.53,-2.6,27.0,3.315,3.318,26,27,560,558,00000000 10101000 10000010 00001010,10101000 10100000 10001010 00000000,28.1,274.25,26.55,26.0,32767.5,0
2022-06-23 17:29:58.398508,28.1,279.9,23.1,279.9,79,100,0.0,26.53,-2.6,27.0,3.315,3.318,26,27,560,558,00000000 10101000 10000010 00001010,10101000 10100000 10001010 00000000,28.1,274.25,26.55,26.0,32767.5,0
2022-06-23 17:29:59.402159,28.1,279.9,23.1,279.9,79,100,0.0,26.53,-2.5,27.0,3.315,3.318,26,27,560,558,00000000 10101000 10000010 00001010,10101000 10100000 10001010 00000000,28.1,274.25,26.55,26.0,32767.5,0
2022-06-23 17:30:00.405216,28.1,279.9,23.1,279.9,79,100,0.0,26.53,-2.0,27.0,3.315,3.318,26,27,560,558,00000000 10101000 10000010 00001010,10101000 10100000 10001010 00000000,28.1,274.25,26.55,26.0,32767.5,0
2022-06-23 17:30:01.408349,28.1,279.9,23.1,279.9,79,100,0.0,26.53,-2.0,27.0,3.315,3.318,26,27,560,558,00000000 10101000 10000010 00001010,10101000 10100000 10001010 00000000,28.1,274.25,26.55,26.0,32767.5,0
2022-06-23 17:30:02.410937,28.1,279.9,23.1,279.9,79,100,0.0,26.53,-0.7,27.0,3.315,3.318,26,27,560,558,00000000 10101000 10000010 00001010,10101000 10100000 10001010 00000000,28.1,274.25,26.55,26.0,32767.5,0
2022-06-23 17:30:03.419998,28.1,279.9,23.1,279.9,79,100,0.0,26.53,-0.7,27.0,3.315,3.318,26,27,560,558,00000000 10101000 10000010 00001010,10101000 10100000 10001010 00000000,28.1,274.25,26.55,26.0,32767.5,0
2022-06-23 17:30:04.424247,28.1,279.9,23.1,279.9,79,100,0.0,26.53,-0.7,27.0,3.315,3.318,26,27,560,558,00000000 10101000 10000010 00001010,10101000 10100000 10001010 00000000,28.1,274.25,26.55,26.0,32767.5,0
2022-06-23 17:30:05.428118,28.1,279.9,23.1,279.9,79,100,0.0,26.53,-0.7,27.0,3.315,3.318,26,27,560,558,00000000 10101000 10000010 00001010,10101000 10100000 10001010 00000000,28.1,274.25,26.55,26.0,32767.5,0
2022-06-23 17:30:06.431560,28.1,279.9,23.1,279.9,79,100,0.0,26.53,-0.7,27.0,3.315,3.318,26,27,560,558,00000000 10101000 10000010 00001010,10101000 10100000 10001010 00000000,28.1,274.25,26.55,26.0,32767.5,0
2022-06-23 17:30:07.434852,28.1,279.9,23.1,279.9,79,100,0.0,26.53,-0.7,27.0,3.315,3.318,26,27,560,558,00000000 10101000 10000010 00001010,10101000 10100000 10001010 00000000,28.1,274.25,26.55,26.0,32767.5,0
2022-06-23 17:30:08.441968,28.1,279.9,23.1,279.9,79,100,0.0,26.53,-0.7,27.0,3.315,3.318,26,27,560,558,00000000 10101000 10000010 00001010,10101000 10100000 10001010 00000000,28.1,274.25,26.55,26.0,32767.5,0
2022-06-23 17:30:09.444763,28.1,279.9,23.1,279.9,79,100,0.0,26.53,-0.7,27.0,3.315,3.318,26,27,560,558,00000000 10101000 10000010 00001010,10101000 10100000 10001010 00000000,28.1,274.25,26.55,26.0,32767.5,0
2022-06-23 17:30:10.448542,28.1,279.9,23.1,279.9,79,100,0.0,26.53,-0.7,27.0,3.315,3.318,26,27,560,558,00000000 10101000 10000010 00001010,10101000 10100000 10001010 00000000,28.1,274.25,26.55,26.0,32767.5,0
2022-06-23 17:30:11.452952,28.1,279.9,23.1,279.9,79,100,0.0,26.54,-0.7,27.0,3.315,3.318,26,27,560,558,00000000 10101000 10000010 00001010,10101000 10100000 10001010 00000000,28.1,274.25,26.55,26.0,32767.5,0
2022-06-23 17:30:12.455617,28.1,279.9,23.1,279.9,79,100,0.0,26.53,-0.7,27.0,3.315,3.318,26,27,560,558,00000000 10101000 10000010 00001010,10101000 10100000 10001010 00000000,28.1,274.25,26.55,26.0,32767.5,0
2022-06-23 17:30:13.464222,28.1,279.9,23.1,279.9,79,100,0.0,26.53,-0.7,27.0,3.315,3.318,26,27,560,558,00000000 10101000 10000010 00001010,10101000 10100000 10001010 00000000,28.1,274.25,26.55,26.0,32767.5,0
2022-06-23 17:30:14.468242,28.1,279.9,23.1,279.9,79,100,0.0,26.53,-0.7,27.0,3.315,3.318,26,27,560,558,00000000 10101000 10000010 00001010,10101000 10100000 10001010 00000000,28.1,274.25,26.55,26.0,32767.5,0
2022-06-23 17:30:15.472483,28.1,279.9,23.1,279.9,79,100,0.0,26.54,-0.7,27.0,3.315,3.318,26,27,560,558,00000000 10101000 10000010 00001010,10101000 10100000 10001010 00000000,28.1,274.25,26.55,26.0,32767.5,0
2022-06-23 17:30:16.476604,28.1,279.9,23.1,279.9,79,100,0.0,26.53,-0.7,27.0,3.315,3.318,26,27,560,558,00000000 10101000 10000010 00001010,10101000 10100000 10001010 00000000,28.1,274.25,26.55,26.0,32767.5,0
2022-06-23 17:30:17.480053,28.1,279.9,23.1,279.9,79,100,0.0,26.53,-0.7,27.0,3.315,3.318,26,27,560,558,00000000 10101000 10000010 00001010,10101000 10100000 10001010 00000000,28.1,274.25,26.55,26.0,32767.5,0
2022-06-23 17:30:18.483557,28.1,279.9,23.1,279.9,79,100,0.0,26.54,-0.7,27.0,3.315,3.318,26,27,560,558,00000000 10101000 10000010 00001010,10101000 10100000 10001010 00000000,28.1,274.25,26.55,26.0,32767.5,0
2022-06-23 17:30:19.487115,28.1,279.9,23.1,279.9,79,100,0.0,26.53,-0.7,27.0,3.315,3.318,26,27,560,558,00000000 10101000 10000010 00001010,10101000 10100000 10001010 00000000,28.1,274.25,26.55,26.0,32767.5,0
2022-06-23 17:30:20.489748,28.1,279.9,23.1,279.9,79,100,0.0,26.54,-0.7,27.0,3.315,3.318,26,27,560,558,00000000 10101000 10000010 00001010,10101000 10100000 10001010 00000000,28.1,274.25,26.55,26.0,32767.5,0
2022-06-23 17:30:21.492900,28.1,279.9,23.1,279.9,79,100,0.0,26.54,-0.7,27.0,3.315,3.318,26,27,560,558,00000000 10101000 10000010 00001010,10101000 10100000 10001010 00000000,28.1,274.25,26.55,26.0,32767.5,0
2022-06-23 17:30:22.495479,28.1,279.9,23.1,279.9,79,100,0.0,26.54,-0.7,27.0,3.315,3.318,26,27,560,558,00000000 10101000 10000010 00001010,10101000 10100000 10001010 00000000,28.1,274.25,26.55,26.0,32767.5,0
2022-06-23 17:30:23.498169,28.1,279.9,23.1,279.9,79,100,0.0,26.53,-0.7,27.0,3.315,3.318,26,27,560,558,00000000 10101000 10000010 00001010,10101000 10100000 10001010 00000000,28.1,274.25,26.55,26.0,32767.5,0
2022-06-23 17:30:24.502017,28.1,279.9,23.1,279.9,79,100,0.0,26.54,-0.7,27.0,3.315,3.318,26,27,560,558,00000000 10101000 10000010 00001010,10101000 10100000 10001010 00000000,28.1,274.25,26.55,26.0,32767.5,0
2022-06-23 17:30:25.505526,28.1,279.9,23.1,279.9,79,100,0.0,26.54,-0.7,27.0,3.315,3.318,26,27,560,558,00000000 10101000 10000010 00001010,10101000 10100000 10001010 00000000,28.1,274.25,26.55,26.0,32767.5,0
2022-06-23 17:30:26.509048,28.1,279.9,23.1,279.9,79,100,0.0,26.54,-0.7,27.0,3.315,3.318,26,27,560,558,00000000 10101000 10000010 00001010,10101000 10100000 10001010 00000000,28.1,274.25,26.55,26.0,32767.5,0
2022-06-23 17:30:27.512577,28.1,279.9,23.1,279.9,79,100,0.0,26.54,-0.7,27.0,3.315,3.318,26,27,560,558,00000000 10101000 10000010 00001010,10101000 10100000 10001010 00000000,28.1,274.25,26.55,26.0,32767.5,0
2022-06-23 17:30:28.515134,28.1,279.9,23.1,279.9,79,100,0.0,26.54,-0.7,27.0,3.315,3.318,26,27,560,558,00000000 10101000 10000010 00001010,10101000 10100000 10001010 00000000,28.1,274.25,26.55,26.0,32767.5,0
2022-06-23 17:30:29.518717,28.1,279.9,23.1,279.9,79,100,0.0,26.86,70.6,27.0,3.315,3.318,26,27,560,558,00000000 10101000 10000010 00001010,10101000 10100000 10001010 00000000,28.1,274.25,26.75,26.0,263.0,165.0
2022-06-23 17:30:30.521958,28.1,279.9,23.1,279.9,79,100,0.0,26.86,70.6,27.0,3.353,3.363,26,27,560,558,00000000 10101000 10000010 00001010,10101000 10100000 10001010 00000000,28.1,274.25,26.75,26.0,1099.0,490.0
2022-06-23 17:30:31.525416,28.1,279.9,23.1,279.9,79,100,0.0,26.88,156.4,27.0,3.353,3.363,26,27,560,558,00000000 10101000 10000010 00001010,10101000 10100000 10001010 00000000,28.1,274.25,26.75,26.0,1875.0,720.0
2022-06-23 17:30:32.528528,28.1,279.9,23.1,279.9,79,100,0.0,26.88,156.4,27.0,3.353,3.363,26,27,560,558,00000000 10101000 10000010 00001010,10101000 10100000 10001010 00000000,28.1,274.25,26.7,26.0,2388.0,845.0
2022-06-23 17:30:33.530935,28.1,279.9,23.1,279.9,79,100,0.0,26.9,154.7,27.0,3.359,3.369,26,27,560,558,00000000 10101000 10000010 00001010,10101000 10100000 10001010 00000000,28.1,274.25,26.8,26.0,2769.0,965.0
2022-06-23 17:30:34.533692,28.1,279.9,23.1,279.9,79,100,0.0,26.9,154.7,27.0,3.359,3.369,26,27,560,558,00000000 10101000 10000010 00001010,10101000 10100000 10001010 00000000,28.1,274.25,26.85,26.0,3033.0,1050.0
2022-06-23 17:30:35.536567,28.1,279.9,23.1,279.9,79,100,0.0,26.92,158.4,27.0,3.359,3.369,26,27,560,558,00000000 10101000 10000010 00001010,10101000 10100000 10001010 00000000,28.1,274.25,26.75,26.0,3209.0,1105.0
2022-06-23 17:30:36.539925,28.1,279.9,23.1,279.9,79,100,0.0,26.93,156.4,27.0,3.362,3.372,26,27,560,558,00000000 10101000 10000010 00001010,10101000 10100000 10001010 00000000,28.1,274.25,26.8,26.0,3341.0,1145.0
2022-06-23 17:30:37.543508,28.1,279.9,23.1,279.9,79,100,0.0,26.94,155.8,27.0,3.362,3.372,26,27,560,558,00000000 10101000 10000010 00001010,10101000 10100000 10001010 00000000,28.1,274.25,26.75,26.0,3414.0,1170.0
2022-06-23 17:30:38.545763,28.1,279.9,23.1,279.9,79,100,0.0,26.94,155.8,27.0,3.362,3.372,26,27,560,558,00000000 10101000 10000010 00001010,10101000 10100000 10001010 00000000,28.1,274.25,26.85,26.0,3487.0,1195.0
2022-06-23 17:30:39.548993,28.1,279.9,23.1,279.9,79,100,0.0,26.96,154.7,27.0,3.362,3.372,26,27,560,558,00000000 10101000 10000010 00001010,10101000 10100000 10001010 00000000,28.1,274.25,26.8,26.0,3531.0,1205.0
2022-06-23 17:30:40.552879,28.1,279.9,23.1,279.9,79,100,0.0,26.97,155.2,27.0,3.366,3.378,26,27,560,558,00000000 10101000 10000010 00001010,10101000 10100000 10001010 00000000,28.1,274.25,26.9,26.0,3531.0,1210.0
2022-06-23 17:30:41.555802,28.1,279.9,23.1,279.9,79,100,0.0,26.98,154.8,27.0,3.366,3.378,26,27,560,558,00000000 10101000 10000010 00001010,10101000 10100000 10001010 00000000,28.1,274.25,26.85,26.0,3546.0,1210.0
2022-06-23 17:30:42.559134,28.1,279.9,23.1,279.9,80,100,0.0,26.98,154.8,27.0,3.366,3.378,26,27,560,558,00000000 10101000 10000010 00001010,10101000 10100000 10001010 00000000,28.1,274.25,26.85,26.0,3546.0,1210.0
2022-06-23 17:30:43.561996,28.1,279.9,23.1,279.9,80,100,0.0,26.99,153.8,27.0,3.369,3.378,26,27,560,558,00000000 10101000 10000010 00001010,10101000 10100000 10001010 00000000,28.1,274.25,26.85,26.0,3546.0,1215.0
2022-06-23 17:30:44.565511,28.1,279.9,23.1,279.9,80,100,0.0,27.01,158.3,27.0,3.369,3.378,26,27,560,558,00000000 10101000 10000010 00001010,10101000 10100000 10001010 00000000,28.1,274.25,26.85,26.0,3619.0,1240.0
2022-06-23 17:30:45.568720,28.1,279.9,23.1,279.9,80,100,0.0,27.01,158.3,27.0,3.369,3.378,26,27,560,558,00000000 10101000 10000010 00001010,10101000 10100000 10001010 00000000,28.1,274.25,26.85,26.0,3634.0,1240.0
2022-06-23 17:30:46.571262,28.1,279.9,23.1,279.9,80,100,0.0,27.02,155.9,27.0,3.372,3.384,26,27,560,558,00000000 10101000 10000010 00001010,10101000 10100000 10001010 00000000,28.1,274.25,26.9,26.0,3634.0,1240.0
2022-06-23 17:30:47.573968,28.1,279.9,23.1,279.9,80,100,0.0,27.02,155.9,27.0,3.372,3.384,26,27,560,558,00000000 10101000 10000010 00001010,10101000 10100000 10001010 00000000,28.1,274.25,26.85,26.0,3634.0,1240.0
2022-06-23 17:30:48.576682,28.1,279.9,23.1,279.9,80,100,0.0,27.03,153.6,27.0,3.372,3.384,26,27,560,558,00000000 10101000 10000010 00001010,10101000 10100000 10001010 00000000,28.1,274.25,26.95,26.0,3634.0,1240.0
2022-06-23 17:30:49.579956,28.1,279.9,23.1,279.9,80,100,0.0,27.04,154.1,27.0,3.372,3.384,26,27,560,558,00000000 10101000 10000010 00001010,10101000 10100000 10001010 00000000,28.1,274.25,26.9,26.0,3634.0,1240.0
2022-06-23 17:30:50.583302,28.1,279.9,23.1,279.9,80,100,0.0,27.04,154.1,27.0,3.375,3.387,26,27,560,558,00000000 10101000 10000010 00001010,10101000 10100000 10001010 00000000,28.1,274.25,26.9,26.0,3634.0,1240.0
2022-06-23 17:30:51.586671,28.1,279.9,23.1,279.9,80,100,0.0,27.05,154.4,27.0,3.375,3.387,26,27,560,558,00000000 10101000 10000010 00001010,10101000 10100000 10001010 00000000,28.1,274.25,26.9,27.0,3634.0,1240.0
2022-06-23 17:30:52.589590,28.1,279.9,23.1,279.9,80,100,0.0,27.05,153.9,27.0,3.375,3.387,26,27,560,558,00000000 10101000 10000010 00001010,10101000 10100000 10001010 00000000,28.1,274.25,26.9,27.0,3634.0,1240.0
2022-06-23 17:30:53.592639,28.1,279.9,23.1,279.9,80,100,0.0,27.05,154.6,27.0,3.378,3.387,26,27,560,558,00000000 10101000 10000010 00001010,10101000 10100000 10001010 00000000,28.1,274.25,26.9,27.0,3634.0,1240.0
2022-06-23 17:30:54.595381,28.1,279.9,23.1,279.9,80,100,0.0,27.05,154.6,27.0,3.378,3.387,26,27,560,558,00000000 10101000 10000010 00001010,10101000 10100000 10001010 00000000,28.1,274.25,26.9,27.0,3634.0,1240.0
2022-06-23 17:30:55.599346,28.1,279.9,23.1,279.9,80,100,0.0,27.05,154.6,27.0,3.378,3.387,26,27,560,558,00000000 10101000 10000010 00001010,10101000 10100000 10001010 00000000,28.1,274.25,26.9,27.0,3604.0,1225.0
2022-06-23 17:30:56.603294,28.1,279.9,23.1,279.9,80,100,0.0,27.05,142.6,27.0,3.378,3.387,26,27,560,558,00000000 10101000 10000010 00001010,10101000 10100000 10001010 00000000,28.1,274.25,26.9,27.0,3546.0,1205.0
2022-06-23 17:30:57.606740,28.1,279.9,23.1,279.9,80,100,0.0,27.02,129.1,27.0,3.378,3.387,26,27,560,558,00000000 10101000 10000010 00001010,10101000 10100000 10001010 00000000,28.1,274.25,26.9,27.0,3458.0,1170.0
2022-06-23 17:30:58.609842,28.1,279.9,23.1,279.9,80,100,0.0,27.02,129.1,27.0,3.378,3.387,26,27,560,558,00000000 10101000 10000010 00001010,10101000 10100000 10001010 00000000,28.1,274.25,26.85,27.0,3341.0,1130.0
2022-06-23 17:30:59.612152,28.1,279.9,23.1,279.9,80,100,0.0,27.02,129.1,27.0,3.378,3.387,26,27,560,558,00000000 10101000 10000010 00001010,10101000 10100000 10001010 00000000,28.1,274.25,26.8,27.0,3223.0,1090.0
2022-06-23 17:31:00.615052,28.1,279.9,23.1,279.9,80,100,0.0,27.0,117.1,27.0,3.372,3.381,26,27,560,558,00000000 10101000 10000010 00001010,10101000 10100000 10001010 00000000,28.1,274.25,26.8,27.0,3106.0,1050.0
2022-06-23 17:31:01.618582,28.1,279.9,23.1,279.9,80,100,0.0,26.99,107.1,27.0,3.372,3.381,26,27,560,558,00000000 10101000 10000010 00001010,10101000 10100000 10001010 00000000,28.1,274.25,26.8,27.0,2989.0,1010.0
2022-06-23 17:31:02.626451,28.1,279.9,23.1,279.9,80,100,0.0,26.99,101.3,27.0,3.372,3.381,26,27,560,558,00000000 10101000 10000010 00001010,10101000 10100000 10001010 00000000,28.1,274.25,26.8,27.0,2916.0,990.0
2022-06-23 17:31:03.630007,28.1,279.9,23.1,279.9,80,100,0.0,26.99,101.3,27.0,3.369,3.378,26,27,560,558,00000000 10101000 10000010 00001010,10101000 10100000 10001010 00000000,28.1,274.25,26.8,27.0,2857.0,970.0
2022-06-23 17:31:04.632601,28.1,279.9,23.1,279.9,80,100,0.0,26.98,100.9,27.0,3.369,3.378,26,27,560,558,00000000 10101000 10000010 00001010,10101000 10100000 10001010 00000000,28.1,274.25,26.75,27.0,2813.0,955.0
2022-06-23 17:31:05.636075,28.1,279.9,23.1,279.9,80,100,0.0,26.99,97.8,27.0,3.369,3.378,26,27,560,558,00000000 10101000 10000010 00001010,10101000 10100000 10001010 00000000,28.1,274.25,26.85,27.0,2754.0,935.0
2022-06-23 17:31:06.639450,28.1,279.9,23.1,279.9,80,100,0.0,26.99,97.8,27.0,3.369,3.378,26,27,560,558,00000000 10101000 10000010 00001010,10101000 10100000 10001010 00000000,28.1,274.25,26.85,27.0,2710.0,920.0
2022-06-23 17:31:07.643015,28.1,279.9,23.1,279.9,80,100,0.0,26.98,98.5,27.0,3.369,3.378,26,27,560,558,00000000 10101000 10000010 00001010,10101000 10100000 10001010 00000000,28.1,274.25,26.85,27.0,2667.0,910.0
2022-06-23 17:31:08.646456,28.1,279.9,23.1,279.9,80,100,0.0,26.98,98.5,27.0,3.369,3.378,26,27,560,558,00000000 10101000 10000010 00001010,10101000 10100000 10001010 00000000,28.1,274.25,26.8,28.0,2667.0,910.0
2022-06-23 17:31:09.649515,28.1,279.9,23.1,279.9,80,100,0.0,26.98,96.8,27.0,3.372,3.378,26,27,560,558,00000000 10101000 10000010 00001010,10101000 10100000 10001010 00000000,28.1,274.25,26.8,28.0,2652.0,900.0
2022-06-23 17:31:10.652711,28.1,279.9,23.1,279.9,80,100,0.0,26.99,95.1,27.0,3.372,3.378,26,27,560,558,00000000 10101000 10000010 00001010,10101000 10100000 10001010 00000000,28.1,274.25,26.85,28.0,2637.0,900.0
2022-06-23 17:31:11.655384,28.1,279.9,23.1,279.9,80,100,0.0,26.99,97.7,27.0,3.372,3.378,26,27,560,558,00000000 10101000 10000010 00001010,10101000 10100000 10001010 00000000,28.1,274.25,26.8,28.0,2637.0,900.0
2022-06-23 17:31:12.658059,28.1,279.9,23.1,279.9,80,100,0.0,26.99,97.7,27.0,3.372,3.378,26,27,560,558,00000000 10101000 10000010 00001010,10101000 10100000 10001010 00000000,28.1,274.25,26.8,28.0,2637.0,900.0
2022-06-23 17:31:13.660893,28.1,279.9,23.1,279.9,80,100,0.0,26.99,97.8,27.0,3.372,3.378,26,27,560,558,00000000 10101000 10000010 00001010,10101000 10100000 10001010 00000000,28.1,274.25,26.8,28.0,2637.0,900.0
2022-06-23 17:31:14.664135,28.1,279.9,23.1,279.9,80,100,0.0,26.99,98.7,27.0,3.372,3.378,26,27,560,558,00000000 10101000 10000010 00001010,10101000 10100000 10001010 00000000,28.1,274.25,26.8,28.0,2637.0,900.0
2022-06-23 17:31:15.667570,28.1,279.9,23.1,279.9,80,100,0.0,26.99,98.7,27.0,3.372,3.378,26,27,560,558,00000000 10101000 10000010 00001010,10101000 10100000 10001010 00000000,28.1,274.25,26.85,28.0,2637.0,900.0
2022-06-23 17:31:16.671374,28.1,279.9,23.1,279.9,80,100,0.0,26.99,98.7,27.0,3.372,3.378,26,27,560,558,00000000 10101000 10000010 00001010,10101000 10100000 10001010 00000000,28.1,274.25,26.8,28.0,2637.0,900.0
2022-06-23 17:31:17.674780,28.1,279.9,23.1,279.9,80,100,0.0,27.0,96.8,27.0,3.372,3.378,26,27,560,558,00000000 10101000 10000010 00001010,10101000 10100000 10001010 00000000,28.1,274.25,26.85,28.0,2637.0,900.0
2022-06-23 17:31:18.682576,28.1,279.9,23.1,279.9,80,100,0.0,27.0,96.8,27.0,3.372,3.378,26,27,560,558,00000000 10101000 10000010 00001010,10101000 10100000 10001010 00000000,28.1,274.25,26.8,28.0,2637.0,900.0
2022-06-23 17:31:19.685960,28.1,279.9,23.1,279.9,80,100,0.0,27.0,97.6,27.0,3.372,3.381,26,27,560,558,00000000 10101000 10000010 00001010,10101000 10100000 10001010 00000000,28.1,274.25,26.85,28.0,2637.0,900.0
2022-06-23 17:31:20.688629,28.1,279.9,23.1,279.9,80,100,0.0,27.0,96.6,27.0,3.372,3.381,26,27,560,558,00000000 10101000 10000010 00001010,10101000 10100000 10001010 00000000,28.1,274.25,26.85,28.0,2637.0,900.0
2022-06-23 17:31:21.691957,28.1,279.9,23.1,279.9,80,100,0.0,27.0,96.6,27.0,3.372,3.381,26,27,560,558,00000000 10101000 10000010 00001010,10101000 10100000 10001010 00000000,28.1,274.25,26.8,28.0,2637.0,900.0
2022-06-23 17:31:22.695464,28.1,279.9,23.1,279.9,80,100,0.0,27.01,96.5,27.0,3.372,3.381,26,27,560,558,00000000 10101000 10000010 00001010,10101000 10100000 10001010 00000000,28.1,274.25,26.85,28.0,2637.0,900.0
2022-06-23 17:31:23.698672,28.1,279.9,23.1,279.9,80,100,0.0,27.01,96.8,27.0,3.372,3.381,26,27,560,558,00000000 10101000 10000010 00001010,10101000 10100000 10001010 00000000,28.1,274.25,26.8,28.0,2637.0,900.0
2022-06-23 17:31:24.701342,28.1,279.9,23.1,279.9,80,100,0.0,27.01,96.8,27.0,3.372,3.381,26,27,560,558,00000000 10101000 10000010 00001010,10101000 10100000 10001010 00000000,28.1,274.25,26.8,28.0,2637.0,900.0
2022-06-23 17:31:25.703623,28.1,279.9,23.1,279.9,80,100,0.0,27.02,96.3,27.0,3.372,3.381,26,27,560,558,00000000 10101000 10000010 00001010,10101000 10100000 10001010 00000000,28.1,274.25,26.85,29.0,2637.0,900.0
2022-06-23 17:31:26.706349,28.1,279.9,23.1,279.9,80,100,0.0,27.01,96.6,27.0,3.374,3.381,26,27,560,558,00000000 10101000 10000010 00001010,10101000 10100000 10001010 00000000,28.1,274.25,26.85,29.0,2637.0,900.0
2022-06-23 17:31:27.709671,28.1,279.9,23.1,279.9,80,100,0.0,27.02,97.1,27.0,3.374,3.381,26,27,560,558,00000000 10101000 10000010 00001010,10101000 10100000 10001010 00000000,28.1,274.25,26.85,29.0,2637.0,900.0
2022-06-23 17:31:28.713584,28.1,279.9,23.1,279.9,80,100,0.0,27.02,97.1,27.0,3.374,3.381,26,27,560,558,00000000 10101000 10000010 00001010,10101000 10100000 10001010 00000000,28.1,274.25,26.85,29.0,2637.0,900.0
2022-06-23 17:31:29.717266,28.1,279.9,23.1,279.9,80,100,0.0,27.02,96.4,27.0,3.375,3.381,26,27,560,558,00000000 10101000 10000010 00001010,10101000 10100000 10001010 00000000,28.1,274.25,26.85,29.0,2637.0,900.0
2022-06-23 17:31:30.719651,28.1,279.9,23.1,279.9,80,100,0.0,27.02,96.4,27.0,3.375,3.381,26,27,560,558,00000000 10101000 10000010 00001010,10101000 10100000 10001010 00000000,28.1,274.25,26.85,29.0,2637.0,900.0
2022-06-23 17:31:31.723107,28.1,279.9,23.1,279.9,80,100,0.0,27.02,96.8,27.0,3.375,3.381,26,27,560,558,00000000 10101000 10000010 00001010,10101000 10100000 10001010 00000000,28.1,274.25,26.8,29.0,2637.0,900.0
2022-06-23 17:31:32.726100,28.1,279.9,23.1,279.9,80,100,0.0,27.02,96.6,27.0,3.375,3.381,26,27,560,558,00000000 10101000 10000010 00001010,10101000 10100000 10001010 00000000,28.1,274.25,26.85,29.0,2637.0,900.0
2022-06-23 17:31:33.729479,28.1,279.9,23.1,279.9,80,100,0.0,27.02,96.6,27.0,3.375,3.381,26,27,560,558,00000000 10101000 10000010 00001010,10101000 10100000 10001010 00000000,28.1,274.25,26.85,29.0,2637.0,900.0
2022-06-23 17:31:34.733087,28.1,279.9,23.1,279.9,80,100,0.0,27.02,96.5,27.0,3.375,3.381,26,27,560,558,00000000 10101000 10000010 00001010,10101000 10100000 10001010 00000000,28.1,274.25,26.85,29.0,2637.0,900.0
2022-06-23 17:31:35.735497,28.1,279.9,23.1,279.9,80,100,0.0,27.02,96.6,27.0,3.375,3.381,26,27,560,558,00000000 10101000 10000010 00001010,10101000 10100000 10001010 00000000,28.1,274.25,26.85,29.0,2637.0,900.0
2022-06-23 17:31:36.739326,28.1,279.9,23.1,279.9,80,100,0.0,27.04,96.4,27.0,3.375,3.381,26,27,560,558,00000000 10101000 10000010 00001010,10101000 10100000 10001010 00000000,28.1,274.25,26.9,29.0,2637.0,900.0
2022-06-23 17:31:37.742381,28.1,279.9,23.1,279.9,80,100,0.0,27.04,96.4,27.0,3.375,3.381,26,27,560,558,00000000 10101000 10000010 00001010,10101000 10100000 10001010 00000000,28.1,274.25,26.9,29.0,2637.0,900.0
2022-06-23 17:31:38.745265,28.1,279.9,23.1,279.9,80,100,0.0,27.04,96.1,27.0,3.375,3.381,26,27,560,558,00000000 10101000 10000010 00001010,10101000 10100000 10001010 00000000,28.1,274.25,26.85,29.0,2637.0,900.0
2022-06-23 17:31:39.748556,28.1,279.9,23.1,279.9,80,100,0.0,27.04,96.2,27.0,3.378,3.384,26,27,560,558,00000000 10101000 10000010 00001010,10101000 10100000 10001010 00000000,28.1,274.25,26.85,29.0,2637.0,900.0
2022-06-23 17:31:40.751228,28.1,279.9,23.1,279.9,80,100,0.0,27.04,96.3,27.0,3.378,3.384,26,27,560,558,00000000 10101000 10000010 00001010,10101000 10100000 10001010 00000000,28.1,274.25,26.85,29.0,2637.0,900.0
2022-06-23 17:31:41.754703,28.1,279.9,23.1,279.9,80,100,0.0,27.04,96.3,27.0,3.378,3.384,26,27,560,558,00000000 10101000 10000010 00001010,10101000 10100000 10001010 00000000,28.1,274.25,26.85,30.0,2637.0,900.0
2022-06-23 17:31:42.758347,28.1,279.9,23.1,279.9,80,100,0.0,27.04,96.3,27.0,3.378,3.384,26,27,560,558,00000000 10101000 10000010 00001010,10101000 10100000 10001010 00000000,28.1,274.25,26.85,30.0,2637.0,900.0
2022-06-23 17:31:43.761991,28.1,279.9,23.1,279.9,80,100,0.0,27.04,95.9,27.0,3.378,3.384,26,27,560,558,00000000 10101000 10000010 00001010,10101000 10100000 10001010 00000000,28.1,274.25,26.9,30.0,2637.0,900.0
2022-06-23 17:31:44.765550,28.1,279.9,23.1,279.9,80,100,0.0,27.04,96.4,27.0,3.378,3.384,26,27,560,558,00000000 10101000 10000010 00001010,10101000 10100000 10001010 00000000,28.1,274.25,26.9,30.0,2637.0,900.0
2022-06-23 17:31:45.768487,28.1,279.9,23.1,279.9,80,100,0.0,27.04,95.9,27.0,3.378,3.384,26,27,560,558,00000000 10101000 10000010 00001010,10101000 10100000 10001010 00000000,28.1,274.25,26.85,30.0,2637.0,900.0
2022-06-23 17:31:46.771766,28.1,279.9,23.1,279.9,80,100,0.0,27.04,95.9,27.0,3.378,3.384,26,27,560,558,00000000 10101000 10000010 00001010,10101000 10100000 10001010 00000000,28.1,274.25,26.9,30.0,2637.0,900.0
2022-06-23 17:31:47.775405,28.1,279.9,23.1,279.9,80,100,0.0,27.04,95.7,27.0,3.378,3.384,26,27,560,558,00000000 10101000 10000010 00001010,10101000 10100000 10001010 00000000,28.1,274.25,26.95,30.0,2637.0,900.0
2022-06-23 17:31:48.779022,28.1,279.9,23.1,279.9,80,100,0.0,27.04,95.7,27.0,3.378,3.384,26,27,560,558,00000000 10101000 10000010 00001010,10101000 10100000 10001010 00000000,28.1,274.25,26.85,30.0,2637.0,900.0
2022-06-23 17:31:49.782381,28.1,279.9,23.1,279.9,80,100,0.0,27.04,94.9,27.0,3.378,3.386,26,27,560,558,00000000 10101000 10000010 00001010,10101000 10100000 10001010 00000000,28.1,274.25,26.9,30.0,2637.0,900.0
2022-06-23 17:31:50.784906,28.1,279.9,23.1,279.9,80,100,0.0,27.05,94.9,27.0,3.378,3.386,26,27,560,558,00000000 10101000 10000010 00001010,10101000 10100000 10001010 00000000,28.1,274.25,26.9,30.0,2637.0,900.0
2022-06-23 17:31:51.787626,28.1,279.9,23.1,279.9,80,100,0.0,27.05,94.9,27.0,3.378,3.386,26,27,560,558,00000000 10101000 10000010 00001010,10101000 10100000 10001010 00000000,28.1,274.25,26.85,30.0,2637.0,900.0
2022-06-23 17:31:52.791289,28.1,279.9,23.1,279.9,80,100,0.0,27.05,95.9,27.0,3.378,3.386,26,27,560,558,00000000 10101000 10000010 00001010,10101000 10100000 10001010 00000000,28.1,274.25,26.85,30.0,2637.0,900.0
2022-06-23 17:31:53.794709,28.1,279.9,23.1,279.9,80,100,0.0,27.05,95.7,27.0,3.378,3.384,26,27,560,558,00000000 10101000 10000010 00001010,10101000 10100000 10001010 00000000,28.1,274.25,26.9,30.0,2637.0,900.0
2022-06-23 17:31:54.798105,28.1,279.9,23.1,279.9,80,100,0.0,27.05,95.1,27.0,3.378,3.384,26,27,560,558,00000000 10101000 10000010 00001010,10101000 10100000 10001010 00000000,28.1,274.25,26.9,30.0,2637.0,900.0
2022-06-23 17:31:55.801352,28.1,279.9,23.1,279.9,80,100,0.0,27.06,95.2,27.0,3.378,3.384,26,27,560,558,00000000 10101000 10000010 00001010,10101000 10100000 10001010 00000000,28.1,274.25,26.9,30.0,2637.0,900.0
2022-06-23 17:31:56.803983,28.1,279.9,23.1,279.9,80,100,0.0,27.06,95.2,27.0,3.381,3.387,26,27,560,558,00000000 10101000 10000010 00001010,10101000 10100000 10001010 00000000,28.1,274.25,26.9,30.0,2637.0,900.0
2022-06-23 17:31:57.807751,28.1,279.9,23.1,279.9,80,100,0.0,27.05,95.3,27.0,3.381,3.387,26,27,560,558,00000000 10101000 10000010 00001010,10101000 10100000 10001010 00000000,28.1,274.25,26.9,31.0,2637.0,900.0
2022-06-23 17:31:58.811331,28.1,279.9,23.1,279.9,80,100,0.0,27.06,95.0,27.0,3.381,3.387,26,27,560,558,00000000 10101000 10000010 00001010,10101000 10100000 10001010 00000000,28.1,274.25,26.95,31.0,2637.0,900.0
2022-06-23 17:31:59.814708,28.1,279.9,23.1,279.9,80,100,0.0,27.06,95.0,27.0,3.381,3.387,26,27,560,558,00000000 10101000 10000010 00001010,10101000 10100000 10001010 00000000,28.1,274.25,26.95,31.0,2637.0,900.0
2022-06-23 17:32:00.818529,28.1,279.9,23.1,279.9,80,100,0.0,27.06,95.5,27.0,3.381,3.387,26,27,560,558,00000000 10101000 10000010 00001010,10101000 10100000 10001010 00000000,28.1,274.25,26.9,31.0,2637.0,900.0
2022-06-23 17:32:01.820938,28.1,279.9,23.1,279.9,80,100,0.0,27.06,95.5,27.0,3.381,3.387,26,27,560,558,00000000 10101000 10000010 00001010,10101000 10100000 10001010 00000000,28.1,274.25,26.95,31.0,2637.0,900.0
2022-06-23 17:32:02.823380,28.1,279.9,23.1,279.9,80,100,0.0,27.07,95.3,27.0,3.381,3.387,26,27,560,558,00000000 10101000 10000010 00001010,10101000 10100000 10001010 00000000,28.1,274.25,26.9,31.0,2637.0,900.0
2022-06-23 17:32:03.825917,28.1,279.9,23.1,279.9,80,100,0.0,27.07,95.1,27.0,3.381,3.387,26,27,560,558,00000000 10101000 10000010 00001010,10101000 10100000 10001010 00000000,28.1,274.25,26.9,31.0,2637.0,900.0
2022-06-23 17:32:04.828751,28.1,279.9,23.1,279.9,80,100,0.0,27.07,95.1,27.0,3.381,3.387,26,27,560,558,00000000 10101000 10000010 00001010,10101000 10100000 10001010 00000000,28.1,274.25,26.95,31.0,2637.0,900.0
2022-06-23 17:32:05.832071,28.1,279.9,23.1,279.9,80,100,0.0,27.07,94.8,27.0,3.381,3.387,26,27,560,558,00000000 10101000 10000010 00001010,10101000 10100000 10001010 00000000,28.1,274.25,26.95,31.0,2637.0,900.0
2022-06-23 17:32:06.834521,28.1,279.9,23.1,279.9,80,100,0.0,27.07,94.3,27.0,3.381,3.387,26,27,560,558,00000000 10101000 10000010 00001010,10101000 10100000 10001010 00000000,28.1,274.25,26.9,31.0,2637.0,900.0
2022-06-23 17:32:07.837977,28.1,279.9,23.1,279.9,80,100,0.0,27.07,94.3,27.0,3.381,3.387,26,27,560,558,00000000 10101000 10000010 00001010,10101000 10100000 10001010 00000000,28.1,274.25,26.9,31.0,2637.0,900.0
2022-06-23 17:32:08.841349,28.1,279.9,23.1,279.9,80,100,0.0,27.07,94.7,27.0,3.381,3.387,26,27,560,558,00000000 10101000 10000010 00001010,10101000 10100000 10001010 00000000,28.1,274.25,26.95,31.0,2637.0,900.0
2022-06-23 17:32:09.844873,28.1,279.9,23.1,279.9,80,100,0.0,27.07,95.2,27.0,3.381,3.387,26,27,560,558,00000000 10101000 10000010 00001010,10101000 10100000 10001010 00000000,28.1,274.25,26.95,31.0,2637.0,900.0
2022-06-23 17:32:10.848420,28.1,279.9,23.1,279.9,80,100,0.0,27.07,94.0,27.0,3.381,3.387,26,27,560,558,00000000 10101000 10000010 00001010,10101000 10100000 10001010 00000000,28.1,274.25,26.9,31.0,2637.0,900.0
2022-06-23 17:32:11.851222,28.1,279.9,23.1,279.9,80,100,0.0,27.07,94.0,27.0,3.381,3.387,26,27,560,558,00000000 10101000 10000010 00001010,10101000 10100000 10001010 00000000,28.1,274.25,26.9,31.0,2637.0,900.0
2022-06-23 17:32:12.854689,28.1,279.9,23.1,279.9,80,100,0.0,27.07,94.9,27.0,3.381,3.387,26,27,560,558,00000000 10101000 10000010 00001010,10101000 10100000 10001010 00000000,28.1,274.25,26.95,31.0,2637.0,900.0
2022-06-23 17:32:13.857975,28.1,279.9,23.1,279.9,80,100,0.0,27.07,94.9,27.0,3.381,3.387,26,27,560,558,00000000 10101000 10000010 00001010,10101000 10100000 10001010 00000000,28.1,274.25,26.9,32.0,2637.0,900.0
2022-06-23 17:32:14.861093,28.1,279.9,23.1,279.9,80,100,0.0,27.07,94.9,27.0,3.381,3.387,26,27,560,558,00000000 10101000 10000010 00001010,10101000 10100000 10001010 00000000,28.1,274.25,26.9,32.0,2637.0,900.0
2022-06-23 17:32:15.863872,28.1,279.9,23.1,279.9,80,100,0.0,27.07,93.4,27.0,3.381,3.387,26,27,560,558,00000000 10101000 10000010 00001010,10101000 10100000 10001010 00000000,28.1,274.25,26.9,32.0,2637.0,900.0
2022-06-23 17:32:16.866386,28.1,279.9,23.1,279.9,80,100,0.0,27.07,94.2,27.0,3.381,3.387,26,27,560,558,00000000 10101000 10000010 00001010,10101000 10100000 10001010 00000000,28.1,274.25,26.95,32.0,2637.0,900.0
2022-06-23 17:32:17.869103,28.1,279.9,23.1,279.9,80,100,0.0,27.07,94.2,27.0,3.381,3.387,26,27,560,558,00000000 10101000 10000010 00001010,10101000 10100000 10001010 00000000,28.1,274.25,26.85,32.0,2637.0,890.0
2022-06-23 17:32:18.873281,28.1,279.9,23.1,279.9,80,100,0.0,27.05,90.8,27.0,3.378,3.384,26,27,560,558,00000000 10101000 10000010 00001010,10101000 10100000 10001010 00000000,28.1,274.25,26.85,32.0,2593.0,875.0
2022-06-23 17:32:19.876928,28.1,279.9,23.1,279.9,80,100,0.0,27.05,90.8,27.0,3.378,3.384,26,27,560,558,00000000 10101000 10000010 00001010,10101000 10100000 10001010 00000000,28.1,274.25,26.9,32.0,2549.0,860.0
2022-06-23 17:32:20.880837,28.1,279.9,23.1,279.9,80,100,0.0,27.03,79.0,27.0,3.378,3.384,26,27,560,558,00000000 10101000 10000010 00001010,10101000 10100000 10001010 00000000,28.1,274.25,26.8,32.0,2505.0,840.0
2022-06-23 17:32:21.884092,28.1,279.9,23.1,279.9,80,100,0.0,27.01,68.5,27.0,3.378,3.384,26,27,560,558,00000000 10101000 10000010 00001010,10101000 10100000 10001010 00000000,28.1,274.25,26.8,32.0,2461.0,825.0
2022-06-23 17:32:22.886811,28.1,279.9,23.1,279.9,80,100,0.0,26.99,61.4,27.0,3.375,3.378,26,27,560,558,00000000 10101000 10000010 00001010,10101000 10100000 10001010 00000000,28.1,274.25,26.8,32.0,2417.0,810.0
2022-06-23 17:32:23.890580,28.1,279.9,23.1,279.9,80,100,0.0,26.99,61.4,27.0,3.375,3.378,26,27,560,558,00000000 10101000 10000010 00001010,10101000 10100000 10001010 00000000,28.1,274.25,26.8,32.0,2373.0,800.0
2022-06-23 17:32:24.894676,28.1,279.9,23.1,279.9,80,100,0.0,26.99,56.1,27.0,3.375,3.378,26,27,560,558,00000000 10101000 10000010 00001010,10101000 10100000 10001010 00000000,28.1,274.25,26.75,32.0,2344.0,785.0
2022-06-23 17:32:25.898597,28.1,279.9,23.1,279.9,80,100,0.0,26.97,55.2,27.0,3.369,3.375,26,27,560,558,00000000 10101000 10000010 00001010,10101000 10100000 10001010 00000000,28.1,274.25,26.8,32.0,2300.0,780.0
2022-06-23 17:32:26.902220,28.1,279.9,23.1,279.9,80,100,0.0,26.97,55.2,27.0,3.369,3.375,26,27,560,558,00000000 10101000 10000010 00001010,10101000 10100000 10001010 00000000,28.1,274.25,26.75,32.0,2271.0,775.0
2022-06-23 17:32:27.904654,28.1,279.9,23.1,279.9,80,100,0.0,26.97,51.4,27.0,3.369,3.375,26,27,560,558,00000000 10101000 10000010 00001010,10101000 10100000 10001010 00000000,28.1,274.25,26.75,32.0,2271.0,770.0
2022-06-23 17:32:28.907344,28.1,279.9,23.1,279.9,80,100,0.0,26.96,48.2,27.0,3.369,3.372,26,27,560,558,00000000 10101000 10000010 00001010,10101000 10100000 10001010 00000000,28.1,274.25,26.75,32.0,2256.0,770.0
2022-06-23 17:32:29.909889,28.1,279.9,23.1,279.9,80,100,0.0,26.96,48.1,27.0,3.369,3.372,26,27,560,558,00000000 10101000 10000010 00001010,10101000 10100000 10001010 00000000,28.1,274.25,26.8,33.0,2256.0,770.0
2022-06-23 17:32:30.912880,28.1,279.9,23.1,279.9,80,100,0.0,26.96,48.1,27.0,3.369,3.372,26,27,560,558,00000000 10101000 10000010 00001010,10101000 10100000 10001010 00000000,28.1,274.25,26.75,33.0,2256.0,765.0
2022-06-23 17:32:31.916232,28.1,279.9,23.1,279.9,80,100,0.0,26.95,46.0,27.0,3.366,3.372,26,27,560,558,00000000 10101000 10000010 00001010,10101000 10100000 10001010 00000000,28.1,274.25,26.75,33.0,2242.0,760.0
2022-06-23 17:32:32.918682,28.1,279.9,23.1,279.9,80,100,0.0,26.95,44.9,27.0,3.366,3.372,26,27,560,558,00000000 10101000 10000010 00001010,10101000 10100000 10001010 00000000,28.1,274.25,26.7,33.0,2227.0,760.0
2022-06-23 17:32:33.922032,28.1,279.9,23.1,279.9,80,100,0.0,26.95,44.9,27.0,3.366,3.372,26,27,560,558,00000000 10101000 10000010 00001010,10101000 10100000 10001010 00000000,28.1,274.25,26.75,33.0,2227.0,760.0
2022-06-23 17:32:34.926278,28.1,279.9,23.1,279.9,80,100,0.0,26.94,46.2,27.0,3.365,3.372,26,27,560,558,00000000 10101000 10000010 00001010,10101000 10100000 10001010 00000000,28.1,274.25,26.75,33.0,2227.0,760.0
2022-06-23 17:32:35.930030,28.1,279.9,23.1,279.9,80,100,0.0,26.94,46.2,27.0,3.365,3.372,26,27,560,558,00000000 10101000 10000010 00001010,10101000 10100000 10001010 00000000,28.1,274.25,26.75,33.0,2227.0,760.0
2022-06-23 17:32:36.933358,28.1,279.9,23.1,279.9,80,100,0.0,26.94,46.2,27.0,3.365,3.372,26,27,560,558,00000000 10101000 10000010 00001010,10101000 10100000 10001010 00000000,28.1,274.25,26.75,33.0,2227.0,760.0
2022-06-23 17:32:37.935706,28.1,279.9,23.1,279.9,80,100,0.0,26.94,45.6,27.0,3.365,3.372,26,27,560,558,00000000 10101000 10000010 00001010,10101000 10100000 10001010 00000000,28.1,274.25,26.75,33.0,2227.0,760.0
2022-06-23 17:32:38.939576,28.1,279.9,23.1,279.9,80,100,0.0,26.94,45.6,27.0,3.365,3.371,26,27,560,558,00000000 10101000 10000010 00001010,10101000 10100000 10001010 00000000,28.1,274.25,26.7,33.0,2227.0,760.0
2022-06-23 17:32:39.943157,28.1,279.9,23.1,279.9,80,100,0.0,26.94,46.4,27.0,3.365,3.371,26,27,560,558,00000000 10101000 10000010 00001010,10101000 10100000 10001010 00000000,28.1,274.25,26.75,33.0,2227.0,760.0
2022-06-23 17:32:40.946444,28.1,279.9,23.1,279.9,80,100,0.0,26.93,45.9,27.0,3.365,3.371,26,27,560,558,00000000 10101000 10000010 00001010,10101000 10100000 10001010 00000000,28.1,274.25,26.7,33.0,2227.0,760.0
2022-06-23 17:32:41.949505,28.1,279.9,23.1,279.9,80,100,0.0,26.9,39.3,27.0,3.365,3.369,26,27,560,558,00000000 10101000 10000010 00001010,10101000 10100000 10001010 00000000,28.1,274.25,26.65,33.0,2212.0,745.0
2022-06-23 17:32:42.952159,28.1,279.9,23.1,279.9,80,100,0.0,26.9,39.3,27.0,3.365,3.369,26,27,560,558,00000000 10101000 10000010 00001010,10101000 10100000 10001010 00000000,28.1,274.25,26.65,33.0,2168.0,730.0
2022-06-23 17:32:43.955771,28.1,279.9,23.1,279.9,80,100,0.0,26.87,20.9,27.0,3.365,3.369,26,27,560,558,00000000 10101000 10000010 00001010,10101000 10100000 10001010 00000000,28.1,274.25,26.6,33.0,2139.0,720.0
2022-06-23 17:32:44.959443,28.1,279.9,23.1,279.9,80,100,0.0,26.84,8.3,27.0,3.353,3.357,26,27,560,558,00000000 10101000 10000010 00001010,10101000 10100000 10001010 00000000,28.1,274.25,26.6,33.0,2051.0,705.0
2022-06-23 17:32:45.963881,28.1,279.9,23.1,279.9,80,100,0.0,26.82,0.5,27.0,3.353,3.357,26,27,560,558,00000000 10101000 10000010 00001010,10101000 10100000 10001010 00000000,28.1,274.25,26.6,33.0,2022.0,690.0
2022-06-23 17:32:46.967268,28.1,279.9,23.1,279.9,80,100,0.0,26.82,0.5,27.0,3.353,3.357,26,27,560,558,00000000 10101000 10000010 00001010,10101000 10100000 10001010 00000000,28.1,274.25,26.6,33.0,1978.0,680.0
2022-06-23 17:32:47.970487,28.1,279.9,23.1,279.9,80,100,0.0,26.82,0.5,27.0,3.351,3.354,26,27,560,558,00000000 10101000 10000010 00001010,10101000 10100000 10001010 00000000,28.1,274.25,26.55,34.0,1948.0,665.0
2022-06-23 17:32:48.974317,28.1,279.9,23.1,279.9,80,100,0.0,26.82,-4.1,27.0,3.351,3.354,26,27,560,558,00000000 10101000 10000010 00001010,10101000 10100000 10001010 00000000,28.1,274.25,26.55,34.0,1905.0,655.0
2022-06-23 17:32:49.977840,28.1,279.9,23.1,279.9,80,100,0.0,26.8,-4.4,27.0,3.351,3.354,26,27,560,558,00000000 10101000 10000010 00001010,10101000 10100000 10001010 00000000,28.1,274.25,26.55,34.0,1875.0,640.0
2022-06-23 17:32:50.981218,28.1,279.9,23.1,279.9,80,100,0.0,26.8,-5.6,27.0,3.351,3.354,26,27,560,558,00000000 10101000 10000010 00001010,10101000 10100000 10001010 00000000,28.1,274.25,26.55,34.0,1861.0,635.0
2022-06-23 17:32:51.984668,28.1,279.9,23.1,279.9,80,100,0.0,26.8,-5.6,27.0,3.348,3.353,26,27,560,558,00000000 10101000 10000010 00001010,10101000 10100000 10001010 00000000,28.1,274.25,26.55,34.0,1861.0,635.0
2022-06-23 17:32:52.987818,28.1,279.9,23.1,279.9,80,100,0.0,26.79,-5.6,27.0,3.348,3.353,26,27,560,558,00000000 10101000 10000010 00001010,10101000 10100000 10001010 00000000,28.1,274.25,26.55,34.0,1861.0,635.0
2022-06-23 17:32:53.990215,28.1,279.9,23.1,279.9,80,100,0.0,26.79,-4.7,27.0,3.348,3.353,26,27,560,558,00000000 10101000 10000010 00001010,10101000 10100000 10001010 00000000,28.1,274.25,26.5,34.0,1861.0,635.0
2022-06-23 17:32:54.992762,28.1,279.9,23.1,279.9,80,100,0.0,26.79,-4.7,27.0,3.348,3.35,26,27,560,558,00000000 10101000 10000010 00001010,10101000 10100000 10001010 00000000,28.1,274.25,26.55,34.0,1861.0,635.0
2022-06-23 17:32:55.995450,28.1,279.9,23.1,279.9,80,100,0.0,26.78,-4.9,27.0,3.348,3.35,26,27,560,558,00000000 10101000 10000010 00001010,10101000 10100000 10001010 00000000,28.1,274.25,26.5,34.0,1861.0,635.0
2022-06-23 17:32:56.999097,28.1,279.9,23.1,279.9,80,100,0.0,26.78,-5.6,27.0,3.348,3.35,26,27,560,558,00000000 10101000 10000010 00001010,10101000 10100000 10001010 00000000,28.1,274.25,26.5,34.0,1861.0,635.0
2022-06-23 17:32:58.002291,28.1,279.9,23.1,279.9,80,100,0.0,26.78,-4.7,27.0,3.347,3.35,26,27,560,558,00000000 10101000 10000010 00001010,10101000 10100000 10001010 00000000,28.1,274.25,26.55,34.0,1861.0,635.0
2022-06-23 17:32:59.004828,28.1,279.9,23.1,279.9,80,100,0.0,26.78,-4.7,27.0,3.347,3.35,26,27,560,558,00000000 10101000 10000010 00001010,10101000 10100000 10001010 00000000,28.1,274.25,26.55,34.0,1861.0,635.0
2022-06-23 17:33:00.008200,28.1,279.9,23.1,279.9,80,100,0.0,26.78,-4.7,27.0,3.347,3.35,26,27,560,558,00000000 10101000 10000010 00001010,10101000 10100000 10001010 00000000,28.1,274.25,26.5,34.0,1861.0,635.0
2022-06-23 17:33:01.011544,28.1,279.9,23.1,279.9,80,100,0.0,26.77,-4.9,27.0,3.345,3.348,26,27,560,558,00000000 10101000 10000010 00001010,10101000 10100000 10001010 00000000,28.1,274.25,26.5,34.0,1861.0,635.0
2022-06-23 17:33:02.014790,28.1,279.9,23.1,279.9,80,100,0.0,26.77,-4.9,27.0,3.345,3.348,26,27,560,558,00000000 10101000 10000010 00001010,10101000 10100000 10001010 00000000,28.1,274.25,26.5,34.0,1861.0,635.0
2022-06-23 17:33:03.018182,28.1,279.9,23.1,279.9,80,100,0.0,26.77,-4.9,27.0,3.345,3.348,26,27,560,558,00000000 10101000 10000010 00001010,10101000 10100000 10001010 00000000,28.1,274.25,26.5,34.0,1861.0,635.0
2022-06-23 17:33:04.020958,28.1,279.9,23.1,279.9,80,100,0.0,26.76,-4.3,27.0,3.344,3.35,26,27,560,558,00000000 10101000 10000010 00001010,10101000 10100000 10001010 00000000,28.1,274.25,26.55,34.0,1861.0,635.0
2022-06-23 17:33:05.024297,28.1,279.9,23.1,279.9,80,100,0.0,26.77,-5.3,27.0,3.344,3.35,26,27,560,558,00000000 10101000 10000010 00001010,10101000 10100000 10001010 00000000,28.1,274.25,26.55,34.0,1861.0,635.0
2022-06-23 17:33:06.027311,28.1,279.9,23.1,279.9,80,100,0.0,26.76,-5.1,27.0,3.344,3.35,26,27,560,558,00000000 10101000 10000010 00001010,10101000 10100000 10001010 00000000,28.1,274.25,26.5,34.0,1861.0,635.0
2022-06-23 17:33:07.030093,28.1,279.9,23.1,279.9,80,100,0.0,26.76,-5.1,27.0,3.344,3.35,26,27,560,558,00000000 10101000 10000010 00001010,10101000 10100000 10001010 00000000,28.1,274.25,26.55,34.0,1861.0,635.0
2022-06-23 17:33:08.032846,28.1,279.9,23.1,279.9,80,100,0.0,26.76,-4.1,27.0,3.344,3.347,26,27,560,558,00000000 10101000 10000010 00001010,10101000 10100000 10001010 00000000,28.1,274.25,26.55,35.0,1861.0,635.0
2022-06-23 17:33:09.035201,28.1,279.9,23.1,279.9,80,100,0.0,26.76,-4.5,27.0,3.344,3.347,26,27,560,558,00000000 10101000 10000010 00001010,10101000 10100000 10001010 00000000,28.1,274.25,26.55,35.0,1861.0,635.0
2022-06-23 17:33:10.038831,28.1,279.9,23.1,279.9,80,100,0.0,26.75,-4.7,27.0,3.344,3.347,26,27,560,558,00000000 10101000 10000010 00001010,10101000 10100000 10001010 00000000,28.1,274.25,26.55,35.0,1861.0,635.0
2022-06-23 17:33:11.042720,28.1,279.9,23.1,279.9,80,100,0.0,26.75,-4.7,27.0,3.342,3.347,26,27,560,558,00000000 10101000 10000010 00001010,10101000 10100000 10001010 00000000,28.1,274.25,26.5,35.0,1861.0,635.0
2022-06-23 17:33:12.046327,28.1,279.9,23.1,279.9,80,100,0.0,26.76,-4.7,27.0,3.342,3.347,26,27,560,558,00000000 10101000 10000010 00001010,10101000 10100000 10001010 00000000,28.1,274.25,26.55,35.0,1861.0,635.0
2022-06-23 17:33:13.049862,28.1,279.9,23.1,279.9,80,100,0.0,26.76,-4.7,27.0,3.342,3.347,26,27,560,558,00000000 10101000 10000010 00001010,10101000 10100000 10001010 00000000,28.1,274.25,26.5,35.0,1861.0,635.0
2022-06-23 17:33:14.053064,28.1,279.9,23.1,279.9,80,100,0.0,26.75,-4.7,27.0,3.342,3.345,26,27,560,558,00000000 10101000 10000010 00001010,10101000 10100000 10001010 00000000,28.1,274.25,26.5,35.0,1861.0,635.0
2022-06-23 17:33:15.056752,28.1,279.9,23.1,279.9,80,100,0.0,26.75,-4.7,27.0,3.342,3.345,26,27,560,558,00000000 10101000 10000010 00001010,10101000 10100000 10001010 00000000,28.1,274.25,26.55,35.0,1861.0,635.0
2022-06-23 17:33:16.060461,28.1,279.9,23.1,279.9,80,100,0.0,26.75,-4.7,27.0,3.342,3.345,26,27,560,558,00000000 10101000 10000010 00001010,10101000 10100000 10001010 00000000,28.1,274.25,26.5,35.0,1861.0,635.0
2022-06-23 17:33:17.063851,28.1,279.9,23.1,279.9,80,100,0.0,26.74,-4.7,27.0,3.342,3.347,26,27,560,558,00000000 10101000 10000010 00001010,10101000 10100000 10001010 00000000,28.1,274.25,26.5,35.0,1861.0,635.0
2022-06-23 17:33:18.067662,28.1,279.9,23.1,279.9,80,100,0.0,26.75,-4.4,27.0,3.342,3.347,26,27,560,558,00000000 10101000 10000010 00001010,10101000 10100000 10001010 00000000,28.1,274.25,26.5,35.0,1861.0,635.0
2022-06-23 17:33:19.079557,28.1,279.9,23.1,279.9,80,100,0.0,26.74,-4.4,27.0,3.342,3.347,26,27,560,558,00000000 10101000 10000010 00001010,10101000 10100000 10001010 00000000,28.1,274.25,26.5,35.0,1861.0,635.0
2022-06-23 17:33:20.081976,28.1,279.9,23.1,279.9,80,100,0.0,26.74,-4.4,27.0,3.342,3.347,26,27,560,558,00000000 10101000 10000010 00001010,10101000 10100000 10001010 00000000,28.1,274.25,26.45,35.0,1861.0,635.0
2022-06-23 17:33:21.084583,28.1,279.9,23.1,279.9,80,100,0.0,26.74,-5.0,27.0,3.341,3.345,26,27,560,558,00000000 10101000 10000010 00001010,10101000 10100000 10001010 00000000,28.1,274.25,26.5,35.0,1861.0,635.0
2022-06-23 17:33:22.087421,28.1,279.9,23.1,279.9,80,100,0.0,26.74,-4.6,27.0,3.341,3.345,26,27,560,558,00000000 10101000 10000010 00001010,10101000 10100000 10001010 00000000,28.1,274.25,26.5,35.0,1861.0,635.0
2022-06-23 17:33:23.090634,28.1,279.9,23.1,279.9,80,100,0.0,26.73,-4.2,27.0,3.341,3.345,26,27,560,558,00000000 10101000 10000010 00001010,10101000 10100000 10001010 00000000,28.1,274.25,26.55,35.0,1861.0,635.0
2022-06-23 17:33:24.103529,28.1,279.9,23.1,279.9,80,100,0.0,26.73,-4.2,27.0,3.341,3.344,26,27,560,558,00000000 10101000 10000010 00001010,10101000 10100000 10001010 00000000,28.1,274.25,26.5,35.0,1861.0,635.0
2022-06-23 17:33:25.106291,28.1,279.9,23.1,279.9,80,100,0.0,26.74,-4.4,27.0,3.341,3.344,26,27,560,558,00000000 10101000 10000010 00001010,10101000 10100000 10001010 00000000,28.1,274.25,26.5,35.0,1861.0,635.0
2022-06-23 17:33:26.109775,28.1,279.9,23.1,279.9,80,100,0.0,26.74,-4.4,27.0,3.341,3.344,26,27,560,558,00000000 10101000 10000010 00001010,10101000 10100000 10001010 00000000,28.1,274.25,26.5,35.0,1861.0,635.0
2022-06-23 17:33:27.113108,28.1,279.9,23.1,279.9,80,100,0.0,26.74,-4.5,27.0,3.341,3.344,26,27,560,558,00000000 10101000 10000010 00001010,10101000 10100000 10001010 00000000,28.1,274.25,26.45,35.0,1861.0,635.0
2022-06-23 17:33:28.116496,28.1,279.9,23.1,279.9,80,100,0.0,26.74,-4.5,27.0,3.341,3.344,26,27,560,558,00000000 10101000 10000010 00001010,10101000 10100000 10001010 00000000,28.1,274.25,26.5,35.0,1861.0,635.0
2022-06-23 17:33:29.135676,28.1,279.9,23.1,279.9,80,100,0.0,26.73,-4.8,27.0,3.341,3.344,26,27,560,558,00000000 10101000 10000010 00001010,10101000 10100000 10001010 00000000,28.1,274.25,26.45,35.0,1861.0,635.0
2022-06-23 17:33:30.138201,28.1,279.9,23.1,279.9,80,100,0.0,26.74,-4.7,27.0,3.341,3.344,26,27,560,558,00000000 10101000 10000010 00001010,10101000 10100000 10001010 00000000,28.1,274.25,26.5,35.0,1861.0,635.0
2022-06-23 17:33:31.141561,28.1,279.9,23.1,279.9,80,100,0.0,26.74,-4.7,27.0,3.341,3.344,26,27,560,558,00000000 10101000 10000010 00001010,10101000 10100000 10001010 00000000,28.1,274.25,26.55,36.0,1861.0,635.0
2022-06-23 17:33:32.144815,28.1,279.9,23.1,279.9,80,100,0.0,26.73,-4.4,27.0,3.341,3.344,26,27,560,558,00000000 10101000 10000010 00001010,10101000 10100000 10001010 00000000,28.1,274.25,26.5,36.0,1861.0,635.0
2022-06-23 17:33:33.147282,28.1,279.9,23.1,279.9,80,100,0.0,26.72,-4.6,27.0,3.341,3.344,26,27,560,558,00000000 10101000 10000010 00001010,10101000 10100000 10001010 00000000,28.1,274.25,26.45,36.0,1861.0,635.0
2022-06-23 17:33:34.149904,28.1,279.9,23.1,279.9,80,100,0.0,26.72,-4.7,27.0,3.339,3.344,26,27,560,558,00000000 10101000 10000010 00001010,10101000 10100000 10001010 00000000,28.1,274.25,26.5,36.0,1861.0,635.0
2022-06-23 17:33:35.152502,28.1,279.9,23.1,279.9,80,100,0.0,26.72,-4.7,27.0,3.339,3.344,26,27,560,558,00000000 10101000 10000010 00001010,10101000 10100000 10001010 00000000,28.1,274.25,26.5,36.0,1861.0,635.0
2022-06-23 17:33:36.155955,28.1,279.9,23.1,279.9,80,100,0.0,26.72,-5.0,27.0,3.339,3.344,26,27,560,558,00000000 10101000 10000010 00001010,10101000 10100000 10001010 00000000,28.1,274.25,26.5,36.0,1861.0,635.0
2022-06-23 17:33:37.159384,28.1,279.9,23.1,279.9,80,100,0.0,26.72,-4.3,27.0,3.339,3.342,26,27,560,558,00000000 10101000 10000010 00001010,10101000 10100000 10001010 00000000,28.1,274.25,26.5,36.0,1861.0,635.0
2022-06-23 17:33:38.162789,28.1,279.9,23.1,279.9,80,100,0.0,26.72,-4.4,27.0,3.339,3.342,26,27,560,558,00000000 10101000 10000010 00001010,10101000 10100000 10001010 00000000,28.1,274.25,26.5,36.0,1861.0,635.0
2022-06-23 17:33:39.166730,28.1,279.9,23.1,279.9,80,100,0.0,26.72,-4.4,27.0,3.339,3.342,26,27,560,558,00000000 10101000 10000010 00001010,10101000 10100000 10001010 00000000,28.1,274.25,26.45,36.0,1861.0,635.0
2022-06-23 17:33:40.169076,28.1,279.9,23.1,279.9,80,100,0.0,26.72,-3.6,27.0,3.339,3.342,26,27,560,558,00000000 10101000 10000010 00001010,10101000 10100000 10001010 00000000,28.1,274.25,26.5,36.0,1861.0,635.0
2022-06-23 17:33:41.172657,28.1,279.9,23.1,279.9,80,100,0.0,26.73,-4.2,27.0,3.339,3.342,26,27,560,558,00000000 10101000 10000010 00001010,10101000 10100000 10001010 00000000,28.1,274.25,26.45,36.0,1861.0,635.0
2022-06-23 17:33:42.176383,28.1,279.9,23.1,279.9,80,100,0.0,26.73,-4.2,27.0,3.339,3.342,26,27,560,558,00000000 10101000 10000010 00001010,10101000 10100000 10001010 00000000,28.1,274.25,26.45,36.0,1861.0,635.0
2022-06-23 17:33:43.180333,28.1,279.9,23.1,279.9,80,100,0.0,26.72,-3.8,27.0,3.339,3.342,26,27,560,558,00000000 10101000 10000010 00001010,10101000 10100000 10001010 00000000,28.1,274.25,26.45,36.0,1861.0,635.0
2022-06-23 17:33:44.184416,28.1,279.9,23.1,279.9,80,100,0.0,26.72,-3.8,27.0,3.339,3.342,26,27,560,558,00000000 10101000 10000010 00001010,10101000 10100000 10001010 00000000,28.1,274.25,26.45,36.0,1861.0,635.0
2022-06-23 17:33:45.187580,28.1,279.9,23.1,279.9,80,100,0.0,26.72,-3.8,27.0,3.339,3.342,26,27,560,558,00000000 10101000 10000010 00001010,10101000 10100000 10001010 00000000,28.1,274.25,26.45,36.0,1861.0,635.0
2022-06-23 17:33:46.190154,28.1,279.9,23.1,279.9,80,100,0.0,26.72,-4.2,27.0,3.339,3.342,26,27,560,558,00000000 10101000 10000010 00001010,10101000 10100000 10001010 00000000,28.1,274.25,26.5,36.0,1861.0,635.0
2022-06-23 17:33:47.193114,28.1,279.9,23.1,279.9,80,100,0.0,26.72,-4.2,27.0,3.338,3.342,26,27,560,558,00000000 10101000 10000010 00001010,10101000 10100000 10001010 00000000,28.1,274.25,26.45,36.0,1861.0,635.0
2022-06-23 17:33:48.197382,28.1,279.9,23.1,279.9,80,100,0.0,26.72,-4.3,27.0,3.338,3.342,26,27,560,558,00000000 10101000 10000010 00001010,10101000 10100000 10001010 00000000,28.1,274.25,26.5,36.0,1861.0,635.0
2022-06-23 17:33:49.201274,28.1,279.9,23.1,279.9,80,100,0.0,26.71,-4.0,27.0,3.338,3.342,26,27,560,558,00000000 10101000 10000010 00001010,10101000 10100000 10001010 00000000,28.1,274.25,26.5,36.0,1861.0,635.0
2022-06-23 17:33:50.204183,28.1,279.9,23.1,279.9,80,100,0.0,26.72,-3.9,27.0,3.339,3.341,26,27,560,558,00000000 10101000 10000010 00001010,10101000 10100000 10001010 00000000,28.1,274.25,26.5,36.0,1861.0,635.0
2022-06-23 17:33:51.206815,28.1,279.9,23.1,279.9,80,100,0.0,26.72,-3.9,27.0,3.339,3.341,26,27,560,558,00000000 10101000 10000010 00001010,10101000 10100000 10001010 00000000,28.1,274.25,26.5,36.0,1861.0,635.0
2022-06-23 17:33:52.210901,28.1,279.9,23.1,279.9,80,100,0.0,26.72,-3.9,27.0,3.339,3.341,26,27,560,558,00000000 10101000 10000010 00001010,10101000 10100000 10001010 00000000,28.1,274.25,26.5,36.0,1861.0,635.0
2022-06-23 17:33:53.214238,28.1,279.9,23.1,279.9,80,100,0.0,26.72,-4.1,27.0,3.339,3.342,26,27,560,558,00000000 10101000 10000010 00001010,10101000 10100000 10001010 00000000,28.1,274.25,26.45,36.0,1861.0,635.0
2022-06-23 17:33:54.217609,28.1,279.9,23.1,279.9,80,100,0.0,26.72,-4.0,27.0,3.339,3.342,26,27,560,558,00000000 10101000 10000010 00001010,10101000 10100000 10001010 00000000,28.1,274.25,26.5,36.0,1861.0,635.0
2022-06-23 17:33:55.220772,28.1,279.9,23.1,279.9,80,100,0.0,26.71,-4.2,27.0,3.339,3.342,26,27,560,558,00000000 10101000 10000010 00001010,10101000 10100000 10001010 00000000,28.1,274.25,26.45,36.0,1861.0,635.0
2022-06-23 17:33:56.223518,28.1,279.9,23.1,279.9,80,100,0.0,26.71,-4.0,27.0,3.339,3.342,26,27,560,558,00000000 10101000 10000010 00001010,10101000 10100000 10001010 00000000,28.1,274.25,26.5,36.0,1861.0,635.0
2022-06-23 17:33:57.226949,28.1,279.9,23.1,279.9,80,100,0.0,26.71,-4.0,27.0,3.338,3.341,26,27,560,558,00000000 10101000 10000010 00001010,10101000 10100000 10001010 00000000,28.1,274.25,26.5,36.0,1861.0,635.0
2022-06-23 17:33:58.229636,28.1,279.9,23.1,279.9,80,100,0.0,26.71,-4.2,27.0,3.338,3.341,26,27,560,558,00000000 10101000 10000010 00001010,10101000 10100000 10001010 00000000,28.1,274.25,26.5,37.0,1861.0,635.0
2022-06-23 17:33:59.232493,28.1,279.9,23.1,279.9,80,100,0.0,26.71,-4.5,27.0,3.338,3.341,26,27,560,558,00000000 10101000 10000010 00001010,10101000 10100000 10001010 00000000,28.1,274.25,26.45,37.0,1861.0,635.0
2022-06-23 17:34:00.235212,28.1,279.9,23.1,279.9,80,100,0.0,26.71,-4.5,27.0,3.336,3.341,26,27,560,558,00000000 10101000 10000010 00001010,10101000 10100000 10001010 00000000,28.1,274.25,26.5,37.0,1861.0,635.0
2022-06-23 17:34:01.237817,28.1,279.9,23.1,279.9,80,100,0.0,26.71,-4.4,27.0,3.336,3.341,26,27,560,558,00000000 10101000 10000010 00001010,10101000 10100000 10001010 00000000,28.1,274.25,26.45,37.0,1861.0,635.0
2022-06-23 17:34:02.241346,28.1,279.9,23.1,279.9,80,100,0.0,26.71,-4.4,27.0,3.336,3.341,26,27,560,558,00000000 10101000 10000010 00001010,10101000 10100000 10001010 00000000,28.1,274.25,26.5,37.0,1861.0,635.0
2022-06-23 17:34:03.244756,28.1,279.9,23.1,279.9,80,100,0.0,26.71,-4.6,27.0,3.338,3.341,26,27,560,558,00000000 10101000 10000010 00001010,10101000 10100000 10001010 00000000,28.1,274.25,26.5,37.0,1861.0,635.0
2022-06-23 17:34:04.248058,28.1,279.9,23.1,279.9,80,100,0.0,26.71,-4.6,27.0,3.338,3.341,26,27,560,558,00000000 10101000 10000010 00001010,10101000 10100000 10001010 00000000,28.1,274.25,26.45,37.0,1861.0,635.0
2022-06-23 17:34:05.251429,28.1,279.9,23.1,279.9,80,100,0.0,26.71,-4.6,27.0,3.338,3.341,26,27,560,558,00000000 10101000 10000010 00001010,10101000 10100000 10001010 00000000,28.1,274.25,26.45,37.0,1861.0,635.0
2022-06-23 17:34:06.253961,28.1,279.9,23.1,279.9,80,100,0.0,26.7,-3.8,27.0,3.336,3.341,26,27,560,558,00000000 10101000 10000010 00001010,10101000 10100000 10001010 00000000,28.1,274.25,26.45,37.0,1861.0,635.0
2022-06-23 17:34:07.257279,28.1,279.9,23.1,279.9,80,100,0.0,26.71,-4.6,27.0,3.336,3.341,26,27,560,558,00000000 10101000 10000010 00001010,10101000 10100000 10001010 00000000,28.1,274.25,26.45,37.0,1861.0,635.0
2022-06-23 17:34:08.260790,28.1,279.9,23.1,279.9,80,100,0.0,26.7,-3.6,27.0,3.336,3.341,26,27,560,558,00000000 10101000 10000010 00001010,10101000 10100000 10001010 00000000,28.1,274.25,26.45,37.0,1861.0,635.0
2022-06-23 17:34:09.264164,28.1,279.9,23.1,279.9,80,100,0.0,26.7,-4.3,27.0,3.336,3.341,26,27,560,558,00000000 10101000 10000010 00001010,10101000 10100000 10001010 00000000,28.1,274.25,26.45,37.0,1861.0,635.0
2022-06-23 17:34:10.267541,28.1,279.9,23.1,279.9,80,100,0.0,26.7,-4.3,27.0,3.336,3.341,26,27,560,558,00000000 10101000 10000010 00001010,10101000 10100000 10001010 00000000,28.1,274.25,26.45,37.0,1861.0,635.0
2022-06-23 17:34:11.269862,28.1,279.9,23.1,279.9,80,100,0.0,26.71,-3.9,27.0,3.336,3.341,26,27,560,558,00000000 10101000 10000010 00001010,10101000 10100000 10001010 00000000,28.1,274.25,26.5,37.0,1861.0,635.0
2022-06-23 17:34:12.272486,28.1,279.9,23.1,279.9,80,100,0.0,26.71,-3.9,27.0,3.336,3.341,26,27,560,558,00000000 10101000 10000010 00001010,10101000 10100000 10001010 00000000,28.1,274.25,26.5,37.0,1861.0,635.0
2022-06-23 17:34:13.275330,28.1,279.9,23.1,279.9,80,100,0.0,26.69,-3.6,27.0,3.336,3.339,26,27,560,558,00000000 10101000 10000010 00001010,10101000 10100000 10001010 00000000,28.1,274.25,26.5,37.0,1861.0,635.0
2022-06-23 17:34:14.278696,28.1,279.9,23.1,279.9,80,100,0.0,26.7,-4.0,27.0,3.336,3.339,26,27,560,558,00000000 10101000 10000010 00001010,10101000 10100000 10001010 00000000,28.1,274.25,26.5,37.0,1861.0,635.0
2022-06-23 17:34:15.282070,28.1,279.9,23.1,279.9,80,100,0.0,26.7,-4.0,27.0,3.336,3.339,26,27,560,558,00000000 10101000 10000010 00001010,10101000 10100000 10001010 00000000,28.1,274.25,26.45,37.0,1861.0,635.0
2022-06-23 17:34:16.285876,28.1,279.9,23.1,279.9,80,100,0.0,26.7,-4.0,27.0,3.336,3.341,26,27,560,558,00000000 10101000 10000010 00001010,10101000 10100000 10001010 00000000,28.1,274.25,26.5,37.0,1861.0,635.0
2022-06-23 17:34:17.289288,28.1,279.9,23.1,279.9,80,100,0.0,26.7,-3.5,27.0,3.336,3.341,26,27,560,558,00000000 10101000 10000010 00001010,10101000 10100000 10001010 00000000,28.1,274.25,26.45,37.0,1861.0,635.0
2022-06-23 17:34:18.292724,28.1,279.9,23.1,279.9,80,100,0.0,26.7,-3.5,27.0,3.336,3.341,26,27,560,558,00000000 10101000 10000010 00001010,10101000 10100000 10001010 00000000,28.1,274.25,26.45,37.0,1861.0,635.0
2022-06-23 17:34:19.296012,28.1,279.9,23.1,279.9,80,100,0.0,26.69,-4.1,27.0,3.336,3.341,26,27,560,558,00000000 10101000 10000010 00001010,10101000 10100000 10001010 00000000,28.1,274.25,26.45,37.0,1861.0,635.0
2022-06-23 17:34:20.299278,28.1,279.9,23.1,279.9,80,100,0.0,26.7,-4.4,27.0,3.336,3.339,26,27,560,558,00000000 10101000 10000010 00001010,10101000 10100000 10001010 00000000,28.1,274.25,26.45,37.0,1861.0,635.0
2022-06-23 17:34:21.302297,28.1,279.9,23.1,279.9,80,100,0.0,26.7,-4.4,27.0,3.336,3.339,26,27,560,558,00000000 10101000 10000010 00001010,10101000 10100000 10001010 00000000,28.1,274.25,26.5,37.0,1861.0,635.0
2022-06-23 17:34:22.305015,28.1,279.9,23.1,279.9,80,100,0.0,26.69,-3.8,27.0,3.336,3.339,26,27,560,558,00000000 10101000 10000010 00001010,10101000 10100000 10001010 00000000,28.1,274.25,26.45,37.0,1861.0,635.0
2022-06-23 17:34:23.308082,28.1,279.9,23.1,279.9,80,100,0.0,26.69,-3.7,27.0,3.336,3.339,26,27,560,558,00000000 10101000 10000010 00001010,10101000 10100000 10001010 00000000,28.1,274.25,26.45,37.0,1861.0,635.0
2022-06-23 17:34:24.310619,28.1,279.9,23.1,279.9,80,100,0.0,26.7,-4.2,27.0,3.336,3.339,26,27,560,558,00000000 10101000 10000010 00001010,10101000 10100000 10001010 00000000,28.1,274.25,26.45,37.0,1861.0,635.0
2022-06-23 17:34:25.313234,28.1,279.9,23.1,279.9,80,100,0.0,26.7,-4.2,27.0,3.336,3.339,26,27,560,558,00000000 10101000 10000010 00001010,10101000 10100000 10001010 00000000,28.1,274.25,26.5,37.0,1861.0,635.0
2022-06-23 17:34:26.316565,28.1,279.9,23.1,279.9,80,100,0.0,26.69,-4.0,27.0,3.335,3.338,26,27,560,558,00000000 10101000 10000010 00001010,10101000 10100000 10001010 00000000,28.1,274.25,26.45,37.0,1861.0,635.0
2022-06-23 17:34:27.319389,28.1,279.9,23.1,279.9,80,100,0.0,26.69,-3.9,27.0,3.335,3.338,26,27,560,558,00000000 10101000 10000010 00001010,10101000 10100000 10001010 00000000,28.1,274.25,26.45,37.0,1861.0,635.0
2022-06-23 17:34:28.322242,28.1,279.9,23.1,279.9,80,100,0.0,26.69,-3.9,27.0,3.335,3.338,26,27,560,558,00000000 10101000 10000010 00001010,10101000 10100000 10001010 00000000,28.1,274.25,26.45,37.0,1861.0,635.0
2022-06-23 17:34:29.325666,28.1,279.9,23.1,279.9,80,100,0.0,26.69,-4.5,27.0,3.336,3.339,26,27,560,558,00000000 10101000 10000010 00001010,10101000 10100000 10001010 00000000,28.1,274.25,26.45,37.0,1861.0,635.0
2022-06-23 17:34:30.329367,28.1,279.9,23.1,279.9,80,100,0.0,26.69,-4.5,27.0,3.336,3.339,26,27,560,558,00000000 10101000 10000010 00001010,10101000 10100000 10001010 00000000,28.1,274.25,26.45,37.0,1861.0,635.0
2022-06-23 17:34:31.332465,28.1,279.9,23.1,279.9,80,100,0.0,26.7,-3.8,27.0,3.336,3.339,26,27,560,558,00000000 10101000 10000010 00001010,10101000 10100000 10001010 00000000,28.1,274.25,26.45,37.0,1861.0,635.0
2022-06-23 17:34:32.334881,28.1,279.9,23.1,279.9,80,100,0.0,26.69,-4.6,27.0,3.336,3.339,26,27,560,558,00000000 10101000 10000010 00001010,10101000 10100000 10001010 00000000,28.1,274.25,26.45,37.0,1861.0,635.0
2022-06-23 17:34:33.338284,28.1,279.9,23.1,279.9,80,100,0.0,26.69,-4.6,27.0,3.336,3.339,26,27,560,558,00000000 10101000 10000010 00001010,10101000 10100000 10001010 00000000,28.1,274.25,26.45,37.0,1861.0,635.0
2022-06-23 17:34:34.341375,28.1,279.9,23.1,279.9,80,100,0.0,26.69,-3.8,27.0,3.336,3.339,26,27,560,558,00000000 10101000 10000010 00001010,10101000 10100000 10001010 00000000,28.1,274.25,26.45,37.0,1861.0,635.0
2022-06-23 17:34:35.344713,28.1,279.9,23.1,279.9,80,100,0.0,26.69,-3.4,27.0,3.336,3.339,26,27,560,558,00000000 10101000 10000010 00001010,10101000 10100000 10001010 00000000,28.1,274.25,26.45,37.0,1861.0,635.0
2022-06-23 17:34:36.347798,28.1,279.9,23.1,279.9,80,100,0.0,26.69,-4.6,27.0,3.336,3.338,26,27,560,558,00000000 10101000 10000010 00001010,10101000 10100000 10001010 00000000,28.1,274.25,26.45,37.0,1861.0,635.0
2022-06-23 17:34:37.349991,28.1,279.9,23.1,279.9,80,100,0.0,26.69,-4.6,27.0,3.336,3.338,26,27,560,558,00000000 10101000 10000010 00001010,10101000 10100000 10001010 00000000,28.1,274.25,26.45,37.0,1861.0,635.0
2022-06-23 17:34:38.352857,28.1,279.9,23.1,279.9,80,100,0.0,26.69,-4.2,27.0,3.336,3.338,26,27,560,558,00000000 10101000 10000010 00001010,10101000 10100000 10001010 00000000,28.1,274.25,26.5,37.0,1861.0,635.0
2022-06-23 17:34:39.356281,28.1,279.9,23.1,279.9,80,100,0.0,26.69,-4.1,27.0,3.335,3.338,26,27,560,558,00000000 10101000 10000010 00001010,10101000 10100000 10001010 00000000,28.1,274.25,26.45,37.0,1861.0,635.0
2022-06-23 17:34:40.359489,28.1,279.9,23.1,279.9,80,100,0.0,26.69,-4.1,27.0,3.335,3.338,26,27,560,558,00000000 10101000 10000010 00001010,10101000 10100000 10001010 00000000,28.1,274.25,26.5,37.0,1861.0,635.0
2022-06-23 17:34:41.362929,28.1,279.9,23.1,279.9,80,100,0.0,26.69,-4.3,27.0,3.335,3.338,26,27,560,558,00000000 10101000 10000010 00001010,10101000 10100000 10001010 00000000,28.1,274.25,26.45,37.0,1861.0,635.0
2022-06-23 17:34:42.365440,28.1,279.9,23.1,279.9,80,100,0.0,26.69,-4.1,27.0,3.336,3.338,26,27,560,558,00000000 10101000 10000010 00001010,10101000 10100000 10001010 00000000,28.1,274.25,26.45,37.0,1861.0,635.0
2022-06-23 17:34:43.368677,28.1,279.9,23.1,279.9,80,100,0.0,26.69,-4.1,27.0,3.336,3.338,26,27,560,558,00000000 10101000 10000010 00001010,10101000 10100000 10001010 00000000,28.1,274.25,26.45,37.0,1861.0,635.0
2022-06-23 17:34:44.372150,28.1,279.9,23.1,279.9,80,100,0.0,26.69,-4.5,27.0,3.336,3.338,26,27,560,558,00000000 10101000 10000010 00001010,10101000 10100000 10001010 00000000,28.1,274.25,26.5,38.0,1861.0,635.0
2022-06-23 17:34:45.375647,28.1,279.9,23.1,279.9,80,100,0.0,26.69,-3.9,27.0,3.335,3.338,26,27,560,558,00000000 10101000 10000010 00001010,10101000 10100000 10001010 00000000,28.1,274.25,26.45,38.0,1861.0,635.0
2022-06-23 17:34:46.379139,28.1,279.9,23.1,279.9,80,100,0.0,26.69,-3.9,27.0,3.335,3.338,26,27,560,558,00000000 10101000 10000010 00001010,10101000 10100000 10001010 00000000,28.1,274.25,26.45,38.0,1861.0,635.0
2022-06-23 17:34:47.382378,28.1,279.9,23.1,279.9,80,100,0.0,26.69,-4.3,27.0,3.335,3.338,26,27,560,558,00000000 10101000 10000010 00001010,10101000 10100000 10001010 00000000,28.1,274.25,26.45,38.0,1861.0,635.0
2022-06-23 17:34:48.385755,28.1,279.9,23.1,279.9,80,100,0.0,26.69,-3.8,27.0,3.335,3.338,26,27,560,558,00000000 10101000 10000010 00001010,10101000 10100000 10001010 00000000,28.1,274.25,26.45,38.0,1861.0,635.0
2022-06-23 17:34:49.388623,28.1,279.9,23.1,279.9,80,100,0.0,26.69,-3.8,27.0,3.335,3.338,26,27,560,558,00000000 10101000 10000010 00001010,10101000 10100000 10001010 00000000,28.1,274.25,26.45,38.0,1861.0,635.0
2022-06-23 17:34:50.391314,28.1,279.9,23.1,279.9,80,100,0.0,26.69,-3.7,27.0,3.335,3.338,26,27,560,558,00000000 10101000 10000010 00001010,10101000 10100000 10001010 00000000,28.1,274.25,26.45,38.0,1861.0,635.0
2022-06-23 17:34:51.394102,28.1,279.9,23.1,279.9,80,100,0.0,26.69,-3.3,27.0,3.335,3.338,26,27,560,558,00000000 10101000 10000010 00001010,10101000 10100000 10001010 00000000,28.1,274.25,26.45,38.0,1861.0,635.0
2022-06-23 17:34:52.396667,28.1,279.9,23.1,279.9,80,100,0.0,26.69,-3.9,27.0,3.335,3.338,26,27,560,558,00000000 10101000 10000010 00001010,10101000 10100000 10001010 00000000,28.1,274.25,26.45,38.0,1861.0,635.0
2022-06-23 17:34:53.400449,28.1,279.9,23.1,279.9,80,100,0.0,26.69,-3.9,27.0,3.335,3.338,26,27,560,558,00000000 10101000 10000010 00001010,10101000 10100000 10001010 00000000,28.1,274.25,26.45,38.0,1861.0,635.0
2022-06-23 17:34:54.403931,28.1,279.9,23.1,279.9,80,100,0.0,26.69,-3.9,27.0,3.335,3.338,26,27,560,558,00000000 10101000 10000010 00001010,10101000 10100000 10001010 00000000,28.1,274.25,26.45,38.0,1861.0,635.0
2022-06-23 17:34:55.407062,28.1,279.9,23.1,279.9,80,100,0.0,26.69,-4.1,27.0,3.335,3.338,26,27,560,558,00000000 10101000 10000010 00001010,10101000 10100000 10001010 00000000,28.1,274.25,26.45,38.0,1861.0,635.0
2022-06-23 17:34:56.410421,28.1,279.9,23.1,279.9,80,100,0.0,26.69,-4.1,27.0,3.335,3.338,26,27,560,558,00000000 10101000 10000010 00001010,10101000 10100000 10001010 00000000,28.1,274.25,26.45,38.0,1861.0,635.0
2022-06-23 17:34:57.413656,28.1,279.9,23.1,279.9,80,100,0.0,26.69,-4.2,27.0,3.335,3.338,26,27,560,558,00000000 10101000 10000010 00001010,10101000 10100000 10001010 00000000,28.1,274.25,26.45,38.0,1861.0,635.0
2022-06-23 17:34:58.416253,28.1,279.9,23.1,279.9,80,100,0.0,26.69,-4.2,27.0,3.335,3.338,26,27,560,558,00000000 10101000 10000010 00001010,10101000 10100000 10001010 00000000,28.1,274.25,26.45,38.0,1861.0,635.0
2022-06-23 17:34:59.419583,28.1,279.9,23.1,279.9,80,100,0.0,26.69,-3.8,27.0,3.335,3.338,26,27,560,558,00000000 10101000 10000010 00001010,10101000 10100000 10001010 00000000,28.1,274.25,26.45,38.0,1861.0,635.0
2022-06-23 17:35:00.422981,28.1,279.9,23.1,279.9,80,100,0.0,26.68,-4.0,27.0,3.335,3.338,26,27,560,558,00000000 10101000 10000010 00001010,10101000 10100000 10001010 00000000,28.1,274.25,26.5,38.0,1861.0,635.0
2022-06-23 17:35:01.426047,28.1,279.9,23.1,279.9,80,100,0.0,26.68,-3.8,27.0,3.335,3.338,26,27,560,558,00000000 10101000 10000010 00001010,10101000 10100000 10001010 00000000,28.1,274.25,26.5,38.0,1861.0,635.0
2022-06-23 17:35:02.428777,28.1,279.9,23.1,279.9,80,100,0.0,26.68,-3.8,27.0,3.333,3.338,26,27,560,558,00000000 10101000 10000010 00001010,10101000 10100000 10001010 00000000,28.1,274.25,26.45,38.0,1861.0,635.0
2022-06-23 17:35:03.431187,28.1,279.9,23.1,279.9,80,100,0.0,26.69,-3.5,27.0,3.333,3.338,26,27,560,558,00000000 10101000 10000010 00001010,10101000 10100000 10001010 00000000,28.1,274.25,26.45,38.0,1861.0,635.0
2022-06-23 17:35:04.434242,28.1,279.9,23.1,279.9,80,100,0.0,26.67,-3.8,27.0,3.333,3.338,26,27,560,558,00000000 10101000 10000010 00001010,10101000 10100000 10001010 00000000,28.1,274.25,26.5,38.0,1861.0,635.0
2022-06-23 17:35:05.437680,28.1,279.9,23.1,279.9,80,100,0.0,26.67,-3.7,27.0,3.333,3.336,26,27,560,558,00000000 10101000 10000010 00001010,10101000 10100000 10001010 00000000,28.1,274.25,26.5,38.0,1861.0,635.0
2022-06-23 17:35:06.441144,28.1,279.9,23.1,279.9,80,100,0.0,26.67,-3.7,27.0,3.333,3.336,26,27,560,558,00000000 10101000 10000010 00001010,10101000 10100000 10001010 00000000,28.1,274.25,26.5,38.0,1861.0,635.0
2022-06-23 17:35:07.444582,28.1,279.9,23.1,279.9,80,100,0.0,26.67,-3.7,27.0,3.333,3.336,26,27,560,558,00000000 10101000 10000010 00001010,10101000 10100000 10001010 00000000,28.1,274.25,26.4,38.0,1861.0,635.0
2022-06-23 17:35:08.447036,28.1,279.9,23.1,279.9,80,100,0.0,26.67,-4.8,27.0,3.333,3.336,26,27,560,558,00000000 10101000 10000010 00001010,10101000 10100000 10001010 00000000,28.1,274.25,26.45,38.0,1861.0,635.0
2022-06-23 17:35:09.450456,28.1,279.9,23.1,279.9,80,100,0.0,26.67,-4.8,27.0,3.333,3.336,26,27,560,558,00000000 10101000 10000010 00001010,10101000 10100000 10001010 00000000,28.1,274.25,26.5,38.0,1861.0,635.0
2022-06-23 17:35:10.453992,28.1,279.9,23.1,279.9,80,100,0.0,26.67,-4.8,27.0,3.333,3.336,26,27,560,558,00000000 10101000 10000010 00001010,10101000 10100000 10001010 00000000,28.1,274.25,26.4,38.0,1861.0,635.0
2022-06-23 17:35:11.457318,28.1,279.9,23.1,279.9,80,100,0.0,26.67,-3.7,27.0,3.333,3.336,26,27,560,558,00000000 10101000 10000010 00001010,10101000 10100000 10001010 00000000,28.1,274.25,26.45,38.0,1861.0,635.0
2022-06-23 17:35:12.460904,28.1,279.9,23.1,279.9,80,100,0.0,26.69,-4.1,27.0,3.333,3.338,26,27,560,558,00000000 10101000 10000010 00001010,10101000 10100000 10001010 00000000,28.1,274.25,26.5,38.0,1861.0,635.0
2022-06-23 17:35:13.463235,28.1,279.9,23.1,279.9,80,100,0.0,26.67,-3.7,27.0,3.333,3.338,26,27,560,558,00000000 10101000 10000010 00001010,10101000 10100000 10001010 00000000,28.1,274.25,26.45,38.0,1861.0,635.0
2022-06-23 17:35:14.466369,28.1,279.9,23.1,279.9,80,100,0.0,26.68,-3.6,27.0,3.333,3.338,26,27,560,558,00000000 10101000 10000010 00001010,10101000 10100000 10001010 00000000,28.1,274.25,26.45,38.0,1861.0,635.0
2022-06-23 17:35:15.469220,28.1,279.9,23.1,279.9,80,100,0.0,26.68,-3.6,27.0,3.333,3.336,26,27,560,558,00000000 10101000 10000010 00001010,10101000 10100000 10001010 00000000,28.1,274.25,26.45,38.0,1861.0,635.0
2022-06-23 17:35:16.471788,28.1,279.9,23.1,279.9,80,100,0.0,26.68,-3.6,27.0,3.333,3.336,26,27,560,558,00000000 10101000 10000010 00001010,10101000 10100000 10001010 00000000,28.1,274.25,26.4,38.0,1861.0,635.0
2022-06-23 17:35:17.475278,28.1,279.9,23.1,279.9,80,100,0.0,26.67,-3.0,27.0,3.333,3.336,26,27,560,558,00000000 10101000 10000010 00001010,10101000 10100000 10001010 00000000,28.1,274.25,26.45,38.0,1861.0,635.0
2022-06-23 17:35:18.478309,28.1,279.9,23.1,279.9,80,100,0.0,26.67,-3.0,27.0,3.333,3.336,26,27,560,558,00000000 10101000 10000010 00001010,10101000 10100000 10001010 00000000,28.1,274.25,26.45,38.0,1861.0,635.0
2022-06-23 17:35:19.481743,28.1,279.9,23.1,279.9,80,100,0.0,26.67,-3.0,27.0,3.333,3.336,26,27,560,558,00000000 10101000 10000010 00001010,10101000 10100000 10001010 00000000,28.1,274.25,26.4,38.0,1861.0,635.0
2022-06-23 17:35:20.485270,28.1,279.9,23.1,279.9,80,100,0.0,26.67,-3.8,27.0,3.333,3.336,26,27,560,558,00000000 10101000 10000010 00001010,10101000 10100000 10001010 00000000,28.1,274.25,26.5,38.0,1861.0,635.0
2022-06-23 17:35:21.488748,28.1,279.9,23.1,279.9,80,100,0.0,26.66,-3.8,27.0,3.332,3.335,26,27,560,558,00000000 10101000 10000010 00001010,10101000 10100000 10001010 00000000,28.1,274.25,26.4,38.0,1861.0,635.0
2022-06-23 17:35:22.492055,28.1,279.9,23.1,279.9,80,100,0.0,26.68,-3.5,27.0,3.332,3.335,26,27,560,558,00000000 10101000 10000010 00001010,10101000 10100000 10001010 00000000,28.1,274.25,26.45,38.0,1861.0,635.0
2022-06-23 17:35:23.500131,28.1,279.9,23.1,279.9,80,100,0.0,26.68,-3.5,27.0,3.332,3.335,26,27,560,558,00000000 10101000 10000010 00001010,10101000 10100000 10001010 00000000,28.1,274.25,26.45,38.0,1861.0,635.0
2022-06-23 17:35:24.503574,28.1,279.9,23.1,279.9,80,100,0.0,26.68,-3.8,27.0,3.332,3.335,26,27,560,558,00000000 10101000 10000010 00001010,10101000 10100000 10001010 00000000,28.1,274.25,26.45,38.0,1861.0,635.0
2022-06-23 17:35:25.507604,28.1,279.9,23.1,279.9,80,100,0.0,26.68,-3.5,27.0,3.333,3.338,26,27,560,558,00000000 10101000 10000010 00001010,10101000 10100000 10001010 00000000,28.1,274.25,26.4,38.0,1861.0,635.0
2022-06-23 17:35:26.511116,28.1,279.9,23.1,279.9,80,100,0.0,26.67,-3.4,27.0,3.333,3.338,26,27,560,558,00000000 10101000 10000010 00001010,10101000 10100000 10001010 00000000,28.1,274.25,26.45,38.0,1861.0,635.0
2022-06-23 17:35:27.515354,28.1,279.9,23.1,279.9,80,100,0.0,26.67,-3.4,27.0,3.333,3.338,26,27,560,558,00000000 10101000 10000010 00001010,10101000 10100000 10001010 00000000,28.1,274.25,26.45,38.0,1861.0,635.0
2022-06-23 17:35:28.517923,28.1,279.9,23.1,279.9,80,100,0.0,26.67,-4.2,27.0,3.333,3.336,26,27,560,558,00000000 10101000 10000010 00001010,10101000 10100000 10001010 00000000,28.1,274.25,26.45,38.0,1861.0,635.0
2022-06-23 17:35:29.520446,28.1,279.9,23.1,279.9,80,100,0.0,26.66,-3.0,27.0,3.333,3.336,26,27,560,558,00000000 10101000 10000010 00001010,10101000 10100000 10001010 00000000,28.1,274.25,26.45,38.0,1861.0,635.0
2022-06-23 17:35:30.523911,28.1,279.9,23.1,279.9,80,100,0.0,26.66,-3.0,27.0,3.333,3.336,26,27,560,558,00000000 10101000 10000010 00001010,10101000 10100000 10001010 00000000,28.1,274.25,26.45,38.0,1861.0,635.0
2022-06-23 17:35:31.527210,28.1,279.9,23.1,279.9,80,100,0.0,26.67,-3.7,27.0,3.333,3.336,26,27,560,558,00000000 10101000 10000010 00001010,10101000 10100000 10001010 00000000,28.1,274.25,26.45,38.0,1861.0,635.0
2022-06-23 17:35:32.530669,28.1,279.9,23.1,279.9,80,100,0.0,26.67,-3.7,27.0,3.333,3.336,26,27,560,558,00000000 10101000 10000010 00001010,10101000 10100000 10001010 00000000,28.1,274.25,26.45,38.0,1861.0,635.0
2022-06-23 17:35:33.533875,28.1,279.9,23.1,279.9,80,100,0.0,26.67,-3.7,27.0,3.333,3.336,26,27,560,558,00000000 10101000 10000010 00001010,10101000 10100000 10001010 00000000,28.1,274.25,26.5,38.0,1861.0,635.0
2022-06-23 17:35:34.536329,28.1,279.9,23.1,279.9,80,100,0.0,26.68,-3.9,27.0,3.333,3.336,26,27,560,558,00000000 10101000 10000010 00001010,10101000 10100000 10001010 00000000,28.1,274.25,26.5,38.0,1861.0,635.0
2022-06-23 17:35:35.539629,28.1,279.9,23.1,279.9,80,100,0.0,26.67,-4.3,27.0,3.333,3.336,26,27,560,558,00000000 10101000 10000010 00001010,10101000 10100000 10001010 00000000,28.1,274.25,26.45,38.0,1861.0,635.0
2022-06-23 17:35:36.542994,28.1,279.9,23.1,279.9,80,100,0.0,26.67,-4.3,27.0,3.333,3.336,26,27,560,558,00000000 10101000 10000010 00001010,10101000 10100000 10001010 00000000,28.1,274.25,26.45,38.0,1861.0,635.0
2022-06-23 17:35:37.546540,28.1,279.9,23.1,279.9,80,100,0.0,26.67,-3.6,27.0,3.333,3.336,26,27,560,558,00000000 10101000 10000010 00001010,10101000 10100000 10001010 00000000,28.1,274.25,26.4,38.0,1861.0,635.0
2022-06-23 17:35:38.549756,28.1,279.9,23.1,279.9,80,100,0.0,26.67,-4.0,27.0,3.333,3.336,26,27,560,558,00000000 10101000 10000010 00001010,10101000 10100000 10001010 00000000,28.1,274.25,26.45,38.0,1861.0,635.0
2022-06-23 17:35:39.552171,28.1,279.9,23.1,279.9,80,100,0.0,26.67,-3.4,27.0,3.333,3.336,26,27,560,558,00000000 10101000 10000010 00001010,10101000 10100000 10001010 00000000,28.1,274.25,26.5,38.0,1861.0,635.0
2022-06-23 17:35:40.554724,28.1,279.9,23.1,279.9,80,100,0.0,26.67,-3.4,27.0,3.333,3.336,26,27,560,558,00000000 10101000 10000010 00001010,10101000 10100000 10001010 00000000,28.1,274.25,26.45,38.0,1861.0,635.0
2022-06-23 17:35:41.557209,28.1,279.9,23.1,279.9,80,100,0.0,26.67,-4.0,27.0,3.332,3.336,26,27,560,558,00000000 10101000 10000010 00001010,10101000 10100000 10001010 00000000,28.1,274.25,26.45,38.0,1861.0,635.0
2022-06-23 17:35:42.559943,28.1,279.9,23.1,279.9,80,100,0.0,26.67,-4.0,27.0,3.332,3.336,26,27,560,558,00000000 10101000 10000010 00001010,10101000 10100000 10001010 00000000,28.1,274.25,26.45,38.0,1861.0,635.0
2022-06-23 17:35:43.563829,28.1,279.9,23.1,279.9,80,100,0.0,26.66,-3.2,27.0,3.332,3.336,26,27,560,558,00000000 10101000 10000010 00001010,10101000 10100000 10001010 00000000,28.1,274.25,26.45,38.0,1861.0,635.0
2022-06-23 17:35:44.566155,28.1,279.9,23.1,279.9,80,100,0.0,26.67,-3.7,27.0,3.333,3.336,26,27,560,558,00000000 10101000 10000010 00001010,10101000 10100000 10001010 00000000,28.1,274.25,26.45,38.0,1861.0,635.0
2022-06-23 17:35:45.569439,28.1,279.9,23.1,279.9,80,100,0.0,26.67,-3.7,27.0,3.333,3.336,26,27,560,558,00000000 10101000 10000010 00001010,10101000 10100000 10001010 00000000,28.1,274.25,26.45,38.0,1861.0,635.0
2022-06-23 17:35:46.572961,28.1,279.9,23.1,279.9,80,100,0.0,26.66,-4.2,27.0,3.333,3.336,26,27,560,558,00000000 10101000 10000010 00001010,10101000 10100000 10001010 00000000,28.1,274.25,26.4,38.0,1861.0,635.0
2022-06-23 17:35:47.576558,28.1,279.9,23.1,279.9,80,100,0.0,26.67,-3.4,27.0,3.333,3.336,26,27,560,558,00000000 10101000 10000010 00001010,10101000 10100000 10001010 00000000,28.1,274.25,26.45,38.0,1861.0,635.0
2022-06-23 17:35:48.580120,28.1,279.9,23.1,279.9,80,100,0.0,26.67,-3.4,27.0,3.333,3.335,26,27,560,558,00000000 10101000 10000010 00001010,10101000 10100000 10001010 00000000,28.1,274.25,26.4,38.0,1861.0,635.0
2022-06-23 17:35:49.583075,28.1,279.9,23.1,279.9,80,100,0.0,26.67,-4.0,27.0,3.333,3.335,26,27,560,558,00000000 10101000 10000010 00001010,10101000 10100000 10001010 00000000,28.1,274.25,26.45,38.0,1861.0,635.0
2022-06-23 17:35:50.586302,28.1,279.9,23.1,279.9,80,100,0.0,26.66,-3.7,27.0,3.333,3.335,26,27,560,558,00000000 10101000 10000010 00001010,10101000 10100000 10001010 00000000,28.1,274.25,26.45,38.0,1861.0,635.0
2022-06-23 17:35:51.589606,28.1,279.9,23.1,279.9,80,100,0.0,26.66,-4.5,27.0,3.332,3.335,26,27,560,558,00000000 10101000 10000010 00001010,10101000 10100000 10001010 00000000,28.1,274.25,26.45,38.0,1861.0,635.0
2022-06-23 17:35:52.592760,28.1,279.9,23.1,279.9,80,100,0.0,26.66,-4.5,27.0,3.332,3.335,26,27,560,558,00000000 10101000 10000010 00001010,10101000 10100000 10001010 00000000,28.1,274.25,26.45,38.0,1861.0,635.0
2022-06-23 17:35:53.595425,28.1,279.9,23.1,279.9,80,100,0.0,26.66,-4.4,27.0,3.332,3.335,26,27,560,558,00000000 10101000 10000010 00001010,10101000 10100000 10001010 00000000,28.1,274.25,26.4,38.0,1861.0,635.0
2022-06-23 17:35:54.598025,28.1,279.9,23.1,279.9,80,100,0.0,26.67,-3.7,27.0,3.333,3.336,26,27,560,558,00000000 10101000 10000010 00001010,10101000 10100000 10001010 00000000,28.1,274.25,26.45,38.0,1861.0,635.0
2022-06-23 17:35:55.600919,28.1,279.9,23.1,279.9,80,100,0.0,26.67,-3.7,27.0,3.333,3.336,26,27,560,558,00000000 10101000 10000010 00001010,10101000 10100000 10001010 00000000,28.1,274.25,26.4,38.0,1861.0,635.0
2022-06-23 17:35:56.604410,28.1,279.9,23.1,279.9,80,100,0.0,26.67,-3.7,27.0,3.333,3.336,26,27,560,558,00000000 10101000 10000010 00001010,10101000 10100000 10001010 00000000,28.1,274.25,26.45,38.0,1861.0,635.0
2022-06-23 17:35:57.607713,28.1,279.9,23.1,279.9,80,100,0.0,26.66,-3.0,27.0,3.332,3.335,26,27,560,558,00000000 10101000 10000010 00001010,10101000 10100000 10001010 00000000,28.1,274.25,26.4,38.0,1861.0,635.0
2022-06-23 17:35:58.610897,28.1,279.9,23.1,279.9,80,100,0.0,26.66,-3.0,27.0,3.332,3.335,26,27,560,558,00000000 10101000 10000010 00001010,10101000 10100000 10001010 00000000,28.1,274.25,26.4,38.0,1861.0,635.0
2022-06-23 17:35:59.613844,28.1,279.9,23.1,279.9,80,100,0.0,26.67,-4.5,27.0,3.332,3.335,26,27,560,558,00000000 10101000 10000010 00001010,10101000 10100000 10001010 00000000,28.1,274.25,26.45,38.0,1861.0,635.0
2022-06-23 17:36:00.616698,28.1,279.9,23.1,279.9,80,100,0.0,26.67,-4.5,27.0,3.332,3.335,26,27,560,558,00000000 10101000 10000010 00001010,10101000 10100000 10001010 00000000,28.1,274.25,26.4,38.0,1861.0,635.0
2022-06-23 17:36:01.620325,28.1,279.9,23.1,279.9,80,100,0.0,26.68,-2.6,27.0,3.333,3.336,26,27,560,558,00000000 10101000 10000010 00001010,10101000 10100000 10001010 00000000,28.1,274.25,26.45,38.0,1861.0,635.0
2022-06-23 17:36:02.624270,28.1,279.9,23.1,279.9,80,100,0.0,26.67,-3.0,27.0,3.333,3.336,26,27,560,558,00000000 10101000 10000010 00001010,10101000 10100000 10001010 00000000,28.1,274.25,26.4,38.0,1861.0,635.0
2022-06-23 17:36:03.628537,28.1,279.9,23.1,279.9,80,100,0.0,26.67,-2.5,27.0,3.333,3.336,26,27,560,558,00000000 10101000 10000010 00001010,10101000 10100000 10001010 00000000,28.1,274.25,26.45,38.0,1861.0,635.0
2022-06-23 17:36:04.632112,28.1,279.9,23.1,279.9,80,100,0.0,26.67,-2.5,27.0,3.333,3.335,26,27,560,558,00000000 10101000 10000010 00001010,10101000 10100000 10001010 00000000,28.1,274.25,26.45,38.0,1861.0,635.0
2022-06-23 17:36:05.635357,28.1,279.9,23.1,279.9,80,100,0.0,26.67,-3.6,27.0,3.333,3.335,26,27,560,558,00000000 10101000 10000010 00001010,10101000 10100000 10001010 00000000,28.1,274.25,26.4,38.0,1861.0,635.0
2022-06-23 17:36:06.637773,28.1,279.9,23.1,279.9,80,100,0.0,26.66,-4.4,27.0,3.333,3.335,26,27,560,558,00000000 10101000 10000010 00001010,10101000 10100000 10001010 00000000,28.1,274.25,26.45,38.0,1861.0,635.0
2022-06-23 17:36:07.640532,28.1,279.9,23.1,279.9,80,100,0.0,26.66,-4.4,27.0,3.33,3.335,26,27,560,558,00000000 10101000 10000010 00001010,10101000 10100000 10001010 00000000,28.1,274.25,26.45,38.0,1861.0,635.0
2022-06-23 17:36:08.643726,28.1,279.9,23.1,279.9,80,100,0.0,26.66,-4.0,27.0,3.33,3.335,26,27,560,558,00000000 10101000 10000010 00001010,10101000 10100000 10001010 00000000,28.1,274.25,26.4,38.0,1861.0,635.0
2022-06-23 17:36:09.647472,28.1,279.9,23.1,279.9,80,100,0.0,26.66,-4.0,27.0,3.33,3.335,26,27,560,558,00000000 10101000 10000010 00001010,10101000 10100000 10001010 00000000,28.1,274.25,26.45,38.0,1861.0,635.0
2022-06-23 17:36:10.649994,28.1,279.9,23.1,279.9,80,100,0.0,26.66,-3.6,27.0,3.332,3.335,26,27,560,558,00000000 10101000 10000010 00001010,10101000 10100000 10001010 00000000,28.1,274.25,26.4,38.0,1861.0,635.0
2022-06-23 17:36:11.653304,28.1,279.9,23.1,279.9,80,100,0.0,26.66,-3.6,27.0,3.332,3.335,26,27,560,558,00000000 10101000 10000010 00001010,10101000 10100000 10001010 00000000,28.1,274.25,26.45,38.0,1861.0,635.0
2022-06-23 17:36:12.656692,28.1,279.9,23.1,279.9,80,100,0.0,26.66,-3.6,27.0,3.332,3.335,26,27,560,558,00000000 10101000 10000010 00001010,10101000 10100000 10001010 00000000,28.1,274.25,26.45,38.0,1861.0,635.0
2022-06-23 17:36:13.659946,28.1,279.9,23.1,279.9,80,100,0.0,26.66,-4.1,27.0,3.33,3.333,26,27,560,558,00000000 10101000 10000010 00001010,10101000 10100000 10001010 00000000,28.1,274.25,26.45,38.0,1861.0,635.0
2022-06-23 17:36:14.663523,28.1,279.9,23.1,279.9,80,100,0.0,26.66,-3.7,27.0,3.33,3.333,26,27,560,558,00000000 10101000 10000010 00001010,10101000 10100000 10001010 00000000,28.1,274.25,26.45,38.0,1861.0,635.0
2022-06-23 17:36:15.665934,28.1,279.9,23.1,279.9,80,100,0.0,26.66,-3.7,27.0,3.33,3.333,26,27,560,558,00000000 10101000 10000010 00001010,10101000 10100000 10001010 00000000,28.1,274.25,26.45,38.0,1861.0,635.0
2022-06-23 17:36:16.669276,28.1,279.9,23.1,279.9,80,100,0.0,26.66,-2.9,27.0,3.33,3.333,26,27,560,558,00000000 10101000 10000010 00001010,10101000 10100000 10001010 00000000,28.1,274.25,26.45,38.0,1861.0,635.0
2022-06-23 17:36:17.672619,28.1,279.9,23.1,279.9,80,100,0.0,26.66,-3.6,27.0,3.33,3.335,26,27,560,558,00000000 10101000 10000010 00001010,10101000 10100000 10001010 00000000,28.1,274.25,26.45,38.0,1861.0,635.0
2022-06-23 17:36:18.675670,28.1,279.9,23.1,279.9,80,100,0.0,26.66,-3.8,27.0,3.33,3.335,26,27,560,558,00000000 10101000 10000010 00001010,10101000 10100000 10001010 00000000,28.1,274.25,26.4,38.0,1861.0,635.0
2022-06-23 17:36:19.678383,28.1,279.9,23.1,279.9,80,100,0.0,26.66,-3.8,27.0,3.33,3.335,26,27,560,558,00000000 10101000 10000010 00001010,10101000 10100000 10001010 00000000,28.1,274.25,26.4,38.0,1861.0,635.0
2022-06-23 17:36:20.680694,28.1,279.9,23.1,279.9,80,100,0.0,26.66,-4.5,27.0,3.332,3.335,26,27,560,558,00000000 10101000 10000010 00001010,10101000 10100000 10001010 00000000,28.1,274.25,26.45,38.0,1861.0,635.0
2022-06-23 17:36:21.684575,28.1,279.9,23.1,279.9,80,100,0.0,26.66,-4.0,27.0,3.332,3.335,26,27,560,558,00000000 10101000 10000010 00001010,10101000 10100000 10001010 00000000,28.1,274.25,26.45,39.0,1861.0,635.0
2022-06-23 17:36:22.687867,28.1,279.9,23.1,279.9,80,100,0.0,26.66,-4.1,27.0,3.332,3.335,26,27,560,558,00000000 10101000 10000010 00001010,10101000 10100000 10001010 00000000,28.1,274.25,26.4,39.0,1846.0,630.0
2022-06-23 17:36:23.691444,28.1,279.9,23.1,279.9,80,100,0.0,26.66,-4.1,27.0,3.33,3.335,26,27,560,558,00000000 10101000 10000010 00001010,10101000 10100000 10001010 00000000,28.1,274.25,26.45,39.0,1846.0,630.0
2022-06-23 17:36:24.695269,28.1,279.9,23.1,279.9,80,100,0.0,26.65,-3.3,27.0,3.33,3.335,26,27,560,558,00000000 10101000 10000010 00001010,10101000 10100000 10001010 00000000,28.1,274.25,26.4,39.0,1846.0,630.0
2022-06-23 17:36:25.698324,28.1,279.9,23.1,279.9,80,100,0.0,26.65,-3.3,27.0,3.33,3.335,26,27,560,558,00000000 10101000 10000010 00001010,10101000 10100000 10001010 00000000,28.1,274.25,26.4,39.0,1846.0,630.0
2022-06-23 17:36:26.701785,28.1,279.9,23.1,279.9,80,100,0.0,26.66,-3.9,27.0,3.332,3.335,26,27,560,558,00000000 10101000 10000010 00001010,10101000 10100000 10001010 00000000,28.1,274.25,26.45,39.0,1846.0,630.0
2022-06-23 17:36:27.705110,28.1,279.9,23.1,279.9,80,100,0.0,26.66,-3.5,27.0,3.332,3.335,26,27,560,558,00000000 10101000 10000010 00001010,10101000 10100000 10001010 00000000,28.1,274.25,26.45,39.0,1846.0,630.0
2022-06-23 17:36:28.709048,28.1,279.9,23.1,279.9,80,100,0.0,26.66,-3.5,27.0,3.332,3.335,26,27,560,558,00000000 10101000 10000010 00001010,10101000 10100000 10001010 00000000,28.1,274.25,26.45,39.0,1846.0,630.0
2022-06-23 17:36:29.712672,28.1,279.9,23.1,279.9,80,100,0.0,26.65,-3.7,27.0,3.332,3.335,26,27,560,558,00000000 10101000 10000010 00001010,10101000 10100000 10001010 00000000,28.1,274.25,26.4,39.0,1846.0,630.0
2022-06-23 17:36:30.715803,28.1,279.9,23.1,279.9,80,100,0.0,26.65,-3.1,27.0,3.33,3.333,26,27,560,558,00000000 10101000 10000010 00001010,10101000 10100000 10001010 00000000,28.1,274.25,26.4,39.0,1846.0,630.0
2022-06-23 17:36:31.718143,28.1,279.9,23.1,279.9,80,100,0.0,26.65,-3.1,27.0,3.33,3.333,26,27,560,558,00000000 10101000 10000010 00001010,10101000 10100000 10001010 00000000,28.1,274.25,26.45,39.0,1846.0,630.0
2022-06-23 17:36:32.720735,28.1,279.9,23.1,279.9,80,100,0.0,26.66,-3.5,27.0,3.33,3.333,26,27,560,558,00000000 10101000 10000010 00001010,10101000 10100000 10001010 00000000,28.1,274.25,26.4,39.0,1846.0,630.0
2022-06-23 17:36:33.723466,28.1,279.9,23.1,279.9,80,100,0.0,26.65,-4.2,27.0,3.33,3.333,26,27,560,558,00000000 10101000 10000010 00001010,10101000 10100000 10001010 00000000,28.1,274.25,26.45,39.0,1846.0,630.0
2022-06-23 17:36:34.726781,28.1,279.9,23.1,279.9,80,100,0.0,26.66,-3.6,27.0,3.33,3.333,26,27,560,558,00000000 10101000 10000010 00001010,10101000 10100000 10001010 00000000,28.1,274.25,26.45,39.0,1846.0,630.0
2022-06-23 17:36:35.729899,28.1,279.9,23.1,279.9,80,100,0.0,26.66,-3.6,27.0,3.33,3.333,26,27,560,558,00000000 10101000 10000010 00001010,10101000 10100000 10001010 00000000,28.1,274.25,26.45,39.0,1846.0,630.0
2022-06-23 17:36:36.732380,28.1,279.9,23.1,279.9,80,100,0.0,26.65,-3.6,27.0,3.33,3.333,26,27,560,558,00000000 10101000 10000010 00001010,10101000 10100000 10001010 00000000,28.1,274.25,26.45,39.0,1846.0,630.0
2022-06-23 17:36:37.735690,28.1,279.9,23.1,279.9,80,100,0.0,26.65,-4.1,27.0,3.33,3.333,26,27,560,558,00000000 10101000 10000010 00001010,10101000 10100000 10001010 00000000,28.1,274.25,26.4,39.0,1846.0,630.0
2022-06-23 17:36:38.738893,28.1,279.9,23.1,279.9,80,100,0.0,26.65,-4.1,27.0,3.33,3.333,26,27,560,558,00000000 10101000 10000010 00001010,10101000 10100000 10001010 00000000,28.1,274.25,26.5,39.0,1846.0,630.0
2022-06-23 17:36:39.742083,28.1,279.9,23.1,279.9,80,100,0.0,26.66,-3.7,27.0,3.33,3.335,26,27,560,558,00000000 10101000 10000010 00001010,10101000 10100000 10001010 00000000,28.1,274.25,26.45,39.0,1846.0,630.0
2022-06-23 17:36:40.745730,28.1,279.9,23.1,279.9,80,100,0.0,26.66,-3.7,27.0,3.33,3.335,26,27,560,558,00000000 10101000 10000010 00001010,10101000 10100000 10001010 00000000,28.1,274.25,26.4,39.0,1846.0,630.0
2022-06-23 17:36:41.748078,28.1,279.9,23.1,279.9,80,100,0.0,26.66,-2.9,27.0,3.33,3.335,26,27,560,558,00000000 10101000 10000010 00001010,10101000 10100000 10001010 00000000,28.1,274.25,26.4,39.0,1846.0,630.0
2022-06-23 17:36:42.751293,28.1,279.9,23.1,279.9,80,100,0.0,26.66,-3.9,27.0,3.33,3.335,26,27,560,558,00000000 10101000 10000010 00001010,10101000 10100000 10001010 00000000,28.1,274.25,26.4,39.0,1846.0,630.0
2022-06-23 17:36:43.754611,28.1,279.9,23.1,279.9,80,100,0.0,26.66,-3.9,27.0,3.33,3.335,26,27,560,558,00000000 10101000 10000010 00001010,10101000 10100000 10001010 00000000,28.1,274.25,26.45,39.0,1846.0,630.0
2022-06-23 17:36:44.757161,28.1,279.9,23.1,279.9,80,100,0.0,26.66,-4.1,27.0,3.33,3.335,26,27,560,558,00000000 10101000 10000010 00001010,10101000 10100000 10001010 00000000,28.1,274.25,26.4,39.0,1846.0,630.0
2022-06-23 17:36:45.759723,28.1,279.9,23.1,279.9,80,100,0.0,26.65,-3.3,27.0,3.33,3.335,26,27,560,558,00000000 10101000 10000010 00001010,10101000 10100000 10001010 00000000,28.1,274.25,26.45,39.0,1846.0,630.0
2022-06-23 17:36:46.762602,28.1,279.9,23.1,279.9,80,100,0.0,26.65,-4.0,27.0,3.33,3.333,26,27,560,558,00000000 10101000 10000010 00001010,10101000 10100000 10001010 00000000,28.1,274.25,26.45,39.0,1846.0,630.0
2022-06-23 17:36:47.765899,28.1,279.9,23.1,279.9,80,100,0.0,26.65,-4.0,27.0,3.33,3.333,26,27,560,558,00000000 10101000 10000010 00001010,10101000 10100000 10001010 00000000,28.1,274.25,26.45,39.0,1846.0,630.0
2022-06-23 17:36:48.769064,28.1,279.9,23.1,279.9,80,100,0.0,26.65,-4.2,27.0,3.33,3.333,26,27,560,558,00000000 10101000 10000010 00001010,10101000 10100000 10001010 00000000,28.1,274.25,26.45,39.0,1846.0,630.0
2022-06-23 17:36:49.772674,28.1,279.9,23.1,279.9,80,100,0.0,26.66,-3.5,27.0,3.33,3.335,26,27,560,558,00000000 10101000 10000010 00001010,10101000 10100000 10001010 00000000,28.1,274.25,26.4,39.0,1846.0,630.0
2022-06-23 17:36:50.776476,28.1,279.9,23.1,279.9,80,100,0.0,26.66,-3.5,27.0,3.33,3.335,26,27,560,558,00000000 10101000 10000010 00001010,10101000 10100000 10001010 00000000,28.1,274.25,26.4,39.0,1846.0,630.0
2022-06-23 17:36:51.779589,28.1,279.9,23.1,279.9,80,100,0.0,26.66,-3.9,27.0,3.33,3.335,26,27,560,558,00000000 10101000 10000010 00001010,10101000 10100000 10001010 00000000,28.1,274.25,26.45,39.0,1846.0,630.0
2022-06-23 17:36:52.783527,28.1,279.9,23.1,279.9,80,100,0.0,26.65,-3.4,27.0,3.33,3.333,26,27,560,558,00000000 10101000 10000010 00001010,10101000 10100000 10001010 00000000,28.1,274.25,26.45,39.0,1846.0,630.0
2022-06-23 17:36:53.787267,28.1,279.9,23.1,279.9,80,100,0.0,26.65,-3.4,27.0,3.33,3.333,26,27,560,558,00000000 10101000 10000010 00001010,10101000 10100000 10001010 00000000,28.1,274.25,26.4,39.0,1846.0,630.0
2022-06-23 17:36:54.791105,28.1,279.9,23.1,279.9,80,100,0.0,26.66,-3.7,27.0,3.33,3.333,26,27,560,558,00000000 10101000 10000010 00001010,10101000 10100000 10001010 00000000,28.1,274.25,26.45,39.0,1846.0,630.0
2022-06-23 17:36:55.795092,28.1,279.9,23.1,279.9,80,100,0.0,26.65,-3.5,27.0,3.33,3.333,26,27,560,558,00000000 10101000 10000010 00001010,10101000 10100000 10001010 00000000,28.1,274.25,26.45,39.0,1846.0,630.0
2022-06-23 17:36:56.798149,28.1,279.9,23.1,279.9,80,100,0.0,26.65,-3.5,27.0,3.33,3.335,26,27,560,558,00000000 10101000 10000010 00001010,10101000 10100000 10001010 00000000,28.1,274.25,26.4,39.0,1846.0,630.0
2022-06-23 17:36:57.800684,28.1,279.9,23.1,279.9,80,100,0.0,26.64,-2.7,27.0,3.33,3.335,26,27,560,558,00000000 10101000 10000010 00001010,10101000 10100000 10001010 00000000,28.1,274.25,26.4,39.0,1846.0,630.0
2022-06-23 17:36:58.803201,28.1,279.9,23.1,279.9,80,100,0.0,26.65,-4.1,27.0,3.33,3.335,26,27,560,558,00000000 10101000 10000010 00001010,10101000 10100000 10001010 00000000,28.1,274.25,26.45,39.0,1846.0,630.0
2022-06-23 17:36:59.806152,28.1,279.9,23.1,279.9,80,100,0.0,26.65,-4.1,27.0,3.33,3.335,26,27,560,558,00000000 10101000 10000010 00001010,10101000 10100000 10001010 00000000,28.1,274.25,26.4,39.0,1846.0,630.0
2022-06-23 17:37:00.810202,28.1,279.9,23.1,279.9,80,100,0.0,26.66,-3.4,27.0,3.33,3.335,26,27,560,558,00000000 10101000 10000010 00001010,10101000 10100000 10001010 00000000,28.1,274.25,26.45,39.0,1846.0,630.0
2022-06-23 17:37:01.813239,28.1,279.9,23.1,279.9,80,100,0.0,26.65,-3.4,27.0,3.33,3.335,26,27,560,558,00000000 10101000 10000010 00001010,10101000 10100000 10001010 00000000,28.1,274.25,26.4,39.0,1846.0,630.0
2022-06-23 17:37:02.815986,28.1,279.9,23.1,279.9,80,100,0.0,26.64,-4.4,27.0,3.33,3.335,26,27,560,558,00000000 10101000 10000010 00001010,10101000 10100000 10001010 00000000,28.1,274.25,26.4,39.0,1846.0,630.0
2022-06-23 17:37:03.819297,28.1,279.9,23.1,279.9,80,100,0.0,26.64,-4.4,27.0,3.33,3.335,26,27,560,558,00000000 10101000 10000010 00001010,10101000 10100000 10001010 00000000,28.1,274.25,26.45,39.0,1846.0,630.0
2022-06-23 17:37:04.822618,28.1,279.9,23.1,279.9,80,100,0.0,26.65,-4.0,27.0,3.33,3.335,26,27,560,558,00000000 10101000 10000010 00001010,10101000 10100000 10001010 00000000,28.1,274.25,26.45,39.0,1846.0,630.0
2022-06-23 17:37:05.826040,28.1,279.9,23.1,279.9,80,100,0.0,26.65,-3.4,27.0,3.33,3.335,26,27,560,558,00000000 10101000 10000010 00001010,10101000 10100000 10001010 00000000,28.1,274.25,26.4,39.0,1846.0,630.0
2022-06-23 17:37:06.829169,28.1,279.9,23.1,279.9,80,100,0.0,26.65,-3.4,27.0,3.33,3.335,26,27,560,558,00000000 10101000 10000010 00001010,10101000 10100000 10001010 00000000,28.1,274.25,26.45,39.0,1846.0,630.0
2022-06-23 17:37:07.832156,28.1,279.9,23.1,279.9,80,100,0.0,26.65,-3.4,27.0,3.33,3.335,26,27,560,558,00000000 10101000 10000010 00001010,10101000 10100000 10001010 00000000,28.1,274.25,26.45,39.0,1846.0,630.0
2022-06-23 17:37:08.835523,28.1,279.9,23.1,279.9,80,100,0.0,26.65,-3.5,27.0,3.33,3.333,26,27,560,558,00000000 10101000 10000010 00001010,10101000 10100000 10001010 00000000,28.1,274.25,26.45,39.0,1846.0,630.0
2022-06-23 17:37:09.838521,28.1,279.9,23.1,279.9,80,100,0.0,26.65,-3.5,27.0,3.33,3.333,26,27,560,558,00000000 10101000 10000010 00001010,10101000 10100000 10001010 00000000,28.1,274.25,26.4,39.0,1846.0,630.0
2022-06-23 17:37:10.840954,28.1,279.9,23.1,279.9,80,100,0.0,26.65,-3.4,27.0,3.33,3.333,26,27,560,558,00000000 10101000 10000010 00001010,10101000 10100000 10001010 00000000,28.1,274.25,26.4,39.0,1846.0,630.0
2022-06-23 17:37:11.843682,28.1,279.9,23.1,279.9,80,100,0.0,26.65,-3.4,27.0,3.33,3.333,26,27,560,558,00000000 10101000 10000010 00001010,10101000 10100000 10001010 00000000,28.1,274.25,26.4,39.0,1846.0,630.0
2022-06-23 17:37:12.846222,28.1,279.9,23.1,279.9,80,100,0.0,26.65,-3.6,27.0,3.33,3.333,26,27,560,558,00000000 10101000 10000010 00001010,10101000 10100000 10001010 00000000,28.1,274.25,26.4,39.0,1846.0,630.0
2022-06-23 17:37:13.849522,28.1,279.9,23.1,279.9,80,100,0.0,26.64,-3.4,27.0,3.33,3.333,26,27,560,558,00000000 10101000 10000010 00001010,10101000 10100000 10001010 00000000,28.1,274.25,26.4,39.0,1846.0,630.0
2022-06-23 17:37:14.853091,28.1,279.9,23.1,279.9,80,100,0.0,26.64,-3.0,27.0,3.33,3.333,26,27,560,558,00000000 10101000 10000010 00001010,10101000 10100000 10001010 00000000,28.1,274.25,26.4,39.0,1846.0,630.0
2022-06-23 17:37:15.857057,28.1,279.9,23.1,279.9,80,100,0.0,26.64,-3.0,27.0,3.329,3.332,26,27,560,558,00000000 10101000 10000010 00001010,10101000 10100000 10001010 00000000,28.1,274.25,26.45,39.0,1846.0,630.0
2022-06-23 17:37:16.861430,28.1,279.9,23.1,279.9,80,100,0.0,26.65,-3.4,27.0,3.329,3.332,26,27,560,558,00000000 10101000 10000010 00001010,10101000 10100000 10001010 00000000,28.1,274.25,26.4,39.0,1846.0,630.0
2022-06-23 17:37:17.863840,28.1,279.9,23.1,279.9,80,100,0.0,26.65,-3.0,27.0,3.329,3.332,26,27,560,558,00000000 10101000 10000010 00001010,10101000 10100000 10001010 00000000,28.1,274.25,26.4,39.0,1846.0,630.0
2022-06-23 17:37:18.868328,28.1,279.9,23.1,279.9,80,100,0.0,26.65,-3.0,27.0,3.33,3.333,26,27,560,558,00000000 10101000 10000010 00001010,10101000 10100000 10001010 00000000,28.1,274.25,26.45,39.0,1846.0,630.0
2022-06-23 17:37:19.871619,28.1,279.9,23.1,279.9,80,100,0.0,26.65,-4.1,27.0,3.33,3.333,26,27,560,558,00000000 10101000 10000010 00001010,10101000 10100000 10001010 00000000,28.1,274.25,26.45,39.0,1846.0,630.0
2022-06-23 17:37:20.874946,28.1,279.9,23.1,279.9,80,100,0.0,26.65,-4.1,27.0,3.33,3.333,26,27,560,558,00000000 10101000 10000010 00001010,10101000 10100000 10001010 00000000,28.1,274.25,26.4,39.0,1846.0,630.0
2022-06-23 17:37:21.878318,28.1,279.9,23.1,279.9,80,100,0.0,26.66,-2.6,27.0,3.33,3.333,26,27,560,558,00000000 10101000 10000010 00001010,10101000 10100000 10001010 00000000,28.1,274.25,26.45,39.0,1846.0,630.0
2022-06-23 17:37:22.880893,28.1,279.9,23.1,279.9,80,100,0.0,26.66,-2.6,27.0,3.33,3.333,26,27,560,558,00000000 10101000 10000010 00001010,10101000 10100000 10001010 00000000,28.1,274.25,26.45,39.0,1846.0,630.0
2022-06-23 17:37:23.883501,28.1,279.9,23.1,279.9,80,100,0.0,26.66,-2.6,27.0,3.33,3.333,26,27,560,558,00000000 10101000 10000010 00001010,10101000 10100000 10001010 00000000,28.1,274.25,26.45,39.0,1846.0,630.0
2022-06-23 17:37:24.886542,28.1,279.9,23.1,279.9,80,100,0.0,26.65,-4.6,27.0,3.329,3.333,26,27,560,558,00000000 10101000 10000010 00001010,10101000 10100000 10001010 00000000,28.1,274.25,26.4,39.0,1846.0,630.0
2022-06-23 17:37:25.889955,28.1,279.9,23.1,279.9,80,100,0.0,26.64,-3.3,27.0,3.329,3.333,26,27,560,558,00000000 10101000 10000010 00001010,10101000 10100000 10001010 00000000,28.1,274.25,26.45,39.0,1846.0,630.0
2022-06-23 17:37:26.893404,28.1,279.9,23.1,279.9,80,100,0.0,26.64,-3.3,27.0,3.329,3.333,26,27,560,558,00000000 10101000 10000010 00001010,10101000 10100000 10001010 00000000,28.1,274.25,26.45,39.0,1846.0,630.0
2022-06-23 17:37:27.896339,28.1,279.9,23.1,279.9,80,100,0.0,26.64,-3.1,27.0,3.329,3.333,26,27,560,558,00000000 10101000 10000010 00001010,10101000 10100000 10001010 00000000,28.1,274.25,26.4,39.0,1846.0,630.0
2022-06-23 17:37:28.899573,28.1,279.9,23.1,279.9,80,100,0.0,26.65,-3.7,27.0,3.33,3.333,26,27,560,558,00000000 10101000 10000010 00001010,10101000 10100000 10001010 00000000,28.1,274.25,26.45,39.0,1846.0,630.0
2022-06-23 17:37:29.902553,28.1,279.9,23.1,279.9,80,100,0.0,26.64,-3.8,27.0,3.33,3.333,26,27,560,558,00000000 10101000 10000010 00001010,10101000 10100000 10001010 00000000,28.1,274.25,26.4,39.0,1846.0,630.0
2022-06-23 17:37:30.905874,28.1,279.9,23.1,279.9,80,100,0.0,26.64,-3.8,27.0,3.33,3.333,26,27,560,558,00000000 10101000 10000010 00001010,10101000 10100000 10001010 00000000,28.1,274.25,26.45,39.0,1846.0,630.0
2022-06-23 17:37:31.909764,28.1,279.9,23.1,279.9,80,100,0.0,26.64,-2.9,27.0,3.329,3.332,26,27,560,558,00000000 10101000 10000010 00001010,10101000 10100000 10001010 00000000,28.1,274.25,26.45,39.0,1846.0,630.0
2022-06-23 17:37:32.913025,28.1,279.9,23.1,279.9,80,100,0.0,26.64,-3.2,27.0,3.329,3.332,26,27,560,558,00000000 10101000 10000010 00001010,10101000 10100000 10001010 00000000,28.1,274.25,26.45,39.0,1846.0,630.0
2022-06-23 17:37:33.915506,28.1,279.9,23.1,279.9,80,100,0.0,26.65,-4.6,27.0,3.329,3.332,26,27,560,558,00000000 10101000 10000010 00001010,10101000 10100000 10001010 00000000,28.1,274.25,26.45,39.0,1846.0,630.0
2022-06-23 17:37:34.919265,28.1,279.9,23.1,279.9,80,100,0.0,26.65,-4.6,27.0,3.33,3.333,26,27,560,558,00000000 10101000 10000010 00001010,10101000 10100000 10001010 00000000,28.1,274.25,26.45,39.0,1846.0,630.0
2022-06-23 17:37:35.921771,28.1,279.9,23.1,279.9,80,100,0.0,26.64,-3.1,27.0,3.33,3.333,26,27,560,558,00000000 10101000 10000010 00001010,10101000 10100000 10001010 00000000,28.1,274.25,26.45,39.0,1846.0,630.0
2022-06-23 17:37:36.924356,28.1,279.9,23.1,279.9,80,100,0.0,26.64,-3.1,27.0,3.33,3.333,26,27,560,558,00000000 10101000 10000010 00001010,10101000 10100000 10001010 00000000,28.1,274.25,26.45,39.0,1846.0,630.0
2022-06-23 17:37:37.927469,28.1,279.9,23.1,279.9,80,100,0.0,26.64,-3.0,27.0,3.329,3.333,26,27,560,558,00000000 10101000 10000010 00001010,10101000 10100000 10001010 00000000,28.1,274.25,26.4,39.0,1846.0,630.0
2022-06-23 17:37:38.929963,28.1,279.9,23.1,279.9,80,100,0.0,26.64,-3.0,27.0,3.329,3.333,26,27,560,558,00000000 10101000 10000010 00001010,10101000 10100000 10001010 00000000,28.1,274.25,26.45,39.0,1846.0,630.0
2022-06-23 17:37:39.933206,28.1,279.9,23.1,279.9,80,100,0.0,26.65,-3.9,27.0,3.329,3.333,26,27,560,558,00000000 10101000 10000010 00001010,10101000 10100000 10001010 00000000,28.1,274.25,26.4,39.0,1846.0,630.0
2022-06-23 17:37:40.936655,28.1,279.9,23.1,279.9,80,100,0.0,26.65,-3.4,27.0,3.33,3.335,26,27,560,558,00000000 10101000 10000010 00001010,10101000 10100000 10001010 00000000,28.1,274.25,26.4,39.0,1846.0,630.0
2022-06-23 17:37:41.940099,28.1,279.9,23.1,279.9,80,100,0.0,26.64,-3.3,27.0,3.33,3.335,26,27,560,558,00000000 10101000 10000010 00001010,10101000 10100000 10001010 00000000,28.1,274.25,26.45,39.0,1846.0,630.0
2022-06-23 17:37:42.943345,28.1,279.9,23.1,279.9,80,100,0.0,26.64,-3.3,27.0,3.33,3.335,26,27,560,558,00000000 10101000 10000010 00001010,10101000 10100000 10001010 00000000,28.1,274.25,26.45,39.0,1846.0,630.0
2022-06-23 17:37:43.945721,28.1,279.9,23.1,279.9,80,100,0.0,26.64,-2.9,27.0,3.33,3.335,26,27,560,558,00000000 10101000 10000010 00001010,10101000 10100000 10001010 00000000,28.1,274.25,26.45,39.0,1846.0,630.0
2022-06-23 17:37:44.949268,28.1,279.9,23.1,279.9,80,100,0.0,26.64,-4.0,27.0,3.329,3.333,26,27,560,558,00000000 10101000 10000010 00001010,10101000 10100000 10001010 00000000,28.1,274.25,26.4,39.0,1846.0,630.0
2022-06-23 17:37:45.952605,28.1,279.9,23.1,279.9,80,100,0.0,26.64,-4.0,27.0,3.329,3.333,26,27,560,558,00000000 10101000 10000010 00001010,10101000 10100000 10001010 00000000,28.1,274.25,26.45,39.0,1846.0,630.0
2022-06-23 17:37:46.955954,28.1,279.9,23.1,279.9,80,100,0.0,26.64,-3.3,27.0,3.329,3.333,26,27,560,558,00000000 10101000 10000010 00001010,10101000 10100000 10001010 00000000,28.1,274.25,26.4,39.0,1846.0,630.0
2022-06-23 17:37:47.959200,28.1,279.9,23.1,279.9,80,100,0.0,26.64,-3.6,27.0,3.329,3.332,26,27,560,558,00000000 10101000 10000010 00001010,10101000 10100000 10001010 00000000,28.1,274.25,26.45,39.0,1846.0,630.0
2022-06-23 17:37:48.961636,28.1,279.9,23.1,279.9,80,100,0.0,26.64,-3.8,27.0,3.329,3.332,26,27,560,558,00000000 10101000 10000010 00001010,10101000 10100000 10001010 00000000,28.1,274.25,26.4,39.0,1846.0,630.0
2022-06-23 17:37:49.965279,28.1,279.9,23.1,279.9,80,100,0.0,26.64,-3.8,27.0,3.329,3.332,26,27,560,558,00000000 10101000 10000010 00001010,10101000 10100000 10001010 00000000,28.1,274.25,26.45,39.0,1846.0,630.0
2022-06-23 17:37:50.968521,28.1,279.9,23.1,279.9,80,100,0.0,26.65,-3.0,27.0,3.329,3.335,26,27,560,558,00000000 10101000 10000010 00001010,10101000 10100000 10001010 00000000,28.1,274.25,26.45,39.0,1846.0,630.0
2022-06-23 17:37:51.972238,28.1,279.9,23.1,279.9,80,100,0.0,26.65,-3.0,27.0,3.329,3.335,26,27,560,558,00000000 10101000 10000010 00001010,10101000 10100000 10001010 00000000,28.1,274.25,26.45,39.0,1846.0,630.0
2022-06-23 17:37:52.975879,28.1,279.9,23.1,279.9,80,100,0.0,26.64,-3.2,27.0,3.329,3.335,26,27,560,558,00000000 10101000 10000010 00001010,10101000 10100000 10001010 00000000,28.1,274.25,26.4,39.0,1846.0,630.0
2022-06-23 17:37:53.979035,28.1,279.9,23.1,279.9,80,100,0.0,26.64,-3.8,27.0,3.329,3.332,26,27,560,558,00000000 10101000 10000010 00001010,10101000 10100000 10001010 00000000,28.1,274.25,26.4,39.0,1846.0,630.0
2022-06-23 17:37:54.982478,28.1,279.9,23.1,279.9,80,100,0.0,26.64,-3.8,27.0,3.329,3.332,26,27,560,558,00000000 10101000 10000010 00001010,10101000 10100000 10001010 00000000,28.1,274.25,26.4,39.0,1846.0,630.0
2022-06-23 17:37:55.985670,28.1,279.9,23.1,279.9,80,100,0.0,26.65,-3.4,27.0,3.329,3.332,26,27,560,558,00000000 10101000 10000010 00001010,10101000 10100000 10001010 00000000,28.1,274.25,26.4,39.0,1846.0,630.0
2022-06-23 17:37:56.989111,28.1,279.9,23.1,279.9,80,100,0.0,26.64,-3.5,27.0,3.329,3.332,26,27,560,558,00000000 10101000 10000010 00001010,10101000 10100000 10001010 00000000,28.1,274.25,26.45,39.0,1846.0,630.0
2022-06-23 17:37:57.992830,28.1,279.9,23.1,279.9,80,100,0.0,26.64,-3.4,27.0,3.33,3.332,26,27,560,558,00000000 10101000 10000010 00001010,10101000 10100000 10001010 00000000,28.1,274.25,26.4,39.0,1846.0,630.0
2022-06-23 17:37:58.996228,28.1,279.9,23.1,279.9,80,100,0.0,26.64,-3.4,27.0,3.33,3.332,26,27,560,558,00000000 10101000 10000010 00001010,10101000 10100000 10001010 00000000,28.1,274.25,26.45,39.0,1846.0,630.0
2022-06-23 17:37:59.999599,28.1,279.9,23.1,279.9,80,100,0.0,26.64,-4.0,27.0,3.33,3.332,26,27,560,558,00000000 10101000 10000010 00001010,10101000 10100000 10001010 00000000,28.1,274.25,26.45,39.0,1846.0,630.0
2022-06-23 17:38:01.003314,28.1,279.9,23.1,279.9,80,100,0.0,26.64,-2.5,27.0,3.329,3.333,26,27,560,558,00000000 10101000 10000010 00001010,10101000 10100000 10001010 00000000,28.1,274.25,26.45,39.0,1846.0,630.0
2022-06-23 17:38:02.006532,28.1,279.9,23.1,279.9,80,100,0.0,26.64,-4.3,27.0,3.329,3.333,26,27,560,558,00000000 10101000 10000010 00001010,10101000 10100000 10001010 00000000,28.1,274.25,26.45,39.0,1846.0,630.0
2022-06-23 17:38:03.009246,28.1,279.9,23.1,279.9,80,100,0.0,26.64,-4.3,27.0,3.329,3.333,26,27,560,558,00000000 10101000 10000010 00001010,10101000 10100000 10001010 00000000,28.1,274.25,26.4,39.0,1846.0,630.0
2022-06-23 17:38:04.012166,28.1,279.9,23.1,279.9,80,100,0.0,26.64,-2.8,27.0,3.33,3.332,26,27,560,558,00000000 10101000 10000010 00001010,10101000 10100000 10001010 00000000,28.1,274.25,26.4,39.0,1846.0,630.0
2022-06-23 17:38:05.015412,28.1,279.9,23.1,279.9,80,100,0.0,26.64,-2.8,27.0,3.33,3.332,26,27,560,558,00000000 10101000 10000010 00001010,10101000 10100000 10001010 00000000,28.1,274.25,26.4,39.0,1846.0,630.0
2022-06-23 17:38:06.018788,28.1,279.9,23.1,279.9,80,100,0.0,26.64,-3.0,27.0,3.33,3.332,26,27,560,558,00000000 10101000 10000010 00001010,10101000 10100000 10001010 00000000,28.1,274.25,26.4,39.0,1846.0,630.0
2022-06-23 17:38:07.022128,28.1,279.9,23.1,279.9,80,100,0.0,26.64,-3.6,27.0,3.33,3.332,26,27,560,558,00000000 10101000 10000010 00001010,10101000 10100000 10001010 00000000,28.1,274.25,26.4,39.0,1846.0,630.0
2022-06-23 17:38:08.025550,28.1,279.9,23.1,279.9,80,100,0.0,26.64,-3.6,27.0,3.329,3.332,26,27,560,558,00000000 10101000 10000010 00001010,10101000 10100000 10001010 00000000,28.1,274.25,26.45,39.0,1846.0,630.0
2022-06-23 17:38:09.028663,28.1,279.9,23.1,279.9,80,100,0.0,26.64,-3.8,27.0,3.329,3.332,26,27,560,558,00000000 10101000 10000010 00001010,10101000 10100000 10001010 00000000,28.1,274.25,26.4,39.0,1846.0,630.0
2022-06-23 17:38:10.031270,28.1,279.9,23.1,279.9,80,100,0.0,26.64,-3.3,27.0,3.329,3.332,26,27,560,558,00000000 10101000 10000010 00001010,10101000 10100000 10001010 00000000,28.1,274.25,26.4,39.0,1846.0,630.0
2022-06-23 17:38:11.034612,28.1,279.9,23.1,279.9,80,100,0.0,26.64,-3.3,27.0,3.329,3.332,26,27,560,558,00000000 10101000 10000010 00001010,10101000 10100000 10001010 00000000,28.1,274.25,26.45,39.0,1846.0,630.0
2022-06-23 17:38:12.038228,28.1,279.9,23.1,279.9,80,100,0.0,26.64,-3.8,27.0,3.329,3.332,26,27,560,558,00000000 10101000 10000010 00001010,10101000 10100000 10001010 00000000,28.1,274.25,26.45,39.0,1846.0,630.0
2022-06-23 17:38:13.041846,28.1,279.9,23.1,279.9,80,100,0.0,26.64,-3.7,27.0,3.329,3.332,26,27,560,558,00000000 10101000 10000010 00001010,10101000 10100000 10001010 00000000,28.1,274.25,26.45,39.0,1846.0,630.0
2022-06-23 17:38:14.044819,28.1,279.9,23.1,279.9,80,100,0.0,26.63,-3.8,27.0,3.327,3.33,26,27,560,558,00000000 10101000 10000010 00001010,10101000 10100000 10001010 00000000,28.1,274.25,26.45,39.0,1846.0,630.0
2022-06-23 17:38:15.046999,28.1,279.9,23.1,279.9,80,100,0.0,26.63,-3.8,27.0,3.327,3.33,26,27,560,558,00000000 10101000 10000010 00001010,10101000 10100000 10001010 00000000,28.1,274.25,26.45,39.0,1846.0,630.0
2022-06-23 17:38:16.049728,28.1,279.9,23.1,279.9,80,100,0.0,26.63,-3.8,27.0,3.327,3.33,26,27,560,558,00000000 10101000 10000010 00001010,10101000 10100000 10001010 00000000,28.1,274.25,26.45,39.0,1846.0,630.0
2022-06-23 17:38:17.053755,28.1,279.9,23.1,279.9,80,100,0.0,26.64,-3.6,27.0,3.33,3.332,26,27,560,558,00000000 10101000 10000010 00001010,10101000 10100000 10001010 00000000,28.1,274.25,26.45,39.0,1846.0,630.0
2022-06-23 17:38:18.057700,28.1,279.9,23.1,279.9,80,100,0.0,26.64,-3.4,27.0,3.33,3.332,26,27,560,558,00000000 10101000 10000010 00001010,10101000 10100000 10001010 00000000,28.1,274.25,26.45,39.0,1846.0,630.0
2022-06-23 17:38:19.061132,28.1,279.9,23.1,279.9,80,100,0.0,26.64,-3.4,27.0,3.33,3.332,26,27,560,558,00000000 10101000 10000010 00001010,10101000 10100000 10001010 00000000,28.1,274.25,26.4,39.0,1846.0,630.0
2022-06-23 17:38:20.063508,28.1,279.9,23.1,279.9,80,100,0.0,26.64,-3.4,27.0,3.33,3.332,26,27,560,558,00000000 10101000 10000010 00001010,10101000 10100000 10001010 00000000,28.1,274.25,26.45,39.0,1846.0,630.0
2022-06-23 17:38:21.066804,28.1,279.9,23.1,279.9,80,100,0.0,26.65,1.3,27.0,3.33,3.335,26,27,560,558,00000000 10101000 10000010 00001010,10101000 10100000 10001010 00000000,28.1,274.25,26.45,39.0,1846.0,630.0
2022-06-23 17:38:22.070280,28.1,279.9,23.1,279.9,80,100,0.0,26.65,0.1,27.0,3.33,3.335,26,27,560,558,00000000 10101000 10000010 00001010,10101000 10100000 10001010 00000000,28.1,274.25,26.45,39.0,1846.0,630.0
2022-06-23 17:38:23.074137,28.1,279.9,23.1,279.9,80,100,0.0,26.64,-3.4,27.0,3.33,3.335,26,27,560,558,00000000 10101000 10000010 00001010,10101000 10100000 10001010 00000000,28.1,274.25,26.45,39.0,1846.0,630.0
2022-06-23 17:38:24.078512,28.1,279.9,23.1,279.9,80,100,0.0,26.64,-3.4,27.0,3.329,3.332,26,27,560,558,00000000 10101000 10000010 00001010,10101000 10100000 10001010 00000000,28.1,274.25,26.4,39.0,1846.0,630.0
2022-06-23 17:38:25.081654,28.1,279.9,23.1,279.9,80,100,0.0,26.64,-3.5,27.0,3.329,3.332,26,27,560,558,00000000 10101000 10000010 00001010,10101000 10100000 10001010 00000000,28.1,274.25,26.45,39.0,1846.0,630.0
2022-06-23 17:38:26.084933,28.1,279.9,23.1,279.9,80,100,0.0,26.64,-2.6,27.0,3.329,3.332,26,27,560,558,00000000 10101000 10000010 00001010,10101000 10100000 10001010 00000000,28.1,274.25,26.4,39.0,1846.0,630.0
2022-06-23 17:38:27.087725,28.1,279.9,23.1,279.9,80,100,0.0,26.64,-2.6,27.0,3.329,3.332,26,27,560,558,00000000 10101000 10000010 00001010,10101000 10100000 10001010 00000000,28.1,274.25,26.4,39.0,1846.0,630.0
2022-06-23 17:38:28.090358,28.1,279.9,23.1,279.9,80,100,0.0,26.64,-2.6,27.0,3.329,3.332,26,27,560,558,00000000 10101000 10000010 00001010,10101000 10100000 10001010 00000000,28.1,274.25,26.4,39.0,1846.0,630.0
2022-06-23 17:38:29.093428,28.1,279.9,23.1,279.9,80,100,0.0,26.64,-2.6,27.0,3.329,3.332,26,27,560,558,00000000 10101000 10000010 00001010,10101000 10100000 10001010 00000000,28.1,274.25,26.4,39.0,1846.0,630.0
2022-06-23 17:38:30.096435,28.1,279.9,23.1,279.9,80,100,0.0,26.64,-3.2,27.0,3.33,3.332,26,27,560,558,00000000 10101000 10000010 00001010,10101000 10100000 10001010 00000000,28.1,274.25,26.45,39.0,1846.0,630.0
2022-06-23 17:38:31.099746,28.1,279.9,23.1,279.9,80,100,0.0,26.64,-3.2,27.0,3.33,3.332,26,27,560,558,00000000 10101000 10000010 00001010,10101000 10100000 10001010 00000000,28.1,274.25,26.45,39.0,1846.0,630.0
2022-06-23 17:38:32.103483,28.1,279.9,23.1,279.9,80,100,0.0,26.64,-3.2,27.0,3.33,3.332,26,27,560,558,00000000 10101000 10000010 00001010,10101000 10100000 10001010 00000000,28.1,274.25,26.45,39.0,1846.0,630.0
2022-06-23 17:38:33.106778,28.1,279.9,23.1,279.9,80,100,0.0,26.64,-3.6,27.0,3.33,3.332,26,27,560,558,00000000 10101000 10000010 00001010,10101000 10100000 10001010 00000000,28.1,274.25,26.4,39.0,1846.0,630.0
2022-06-23 17:38:34.109987,28.1,279.9,23.1,279.9,80,100,0.0,26.64,-3.7,27.0,3.329,3.332,26,27,560,558,00000000 10101000 10000010 00001010,10101000 10100000 10001010 00000000,28.1,274.25,26.45,39.0,1846.0,630.0
2022-06-23 17:38:35.113586,28.1,279.9,23.1,279.9,80,100,0.0,26.64,-3.7,27.0,3.329,3.332,26,27,560,558,00000000 10101000 10000010 00001010,10101000 10100000 10001010 00000000,28.1,274.25,26.45,39.0,1846.0,630.0
2022-06-23 17:38:36.116779,28.1,279.9,23.1,279.9,80,100,0.0,26.64,-3.2,27.0,3.329,3.332,26,27,560,558,00000000 10101000 10000010 00001010,10101000 10100000 10001010 00000000,28.1,274.25,26.4,39.0,1846.0,630.0
2022-06-23 17:38:37.120121,28.1,279.9,23.1,279.9,80,100,0.0,26.64,-2.8,27.0,3.33,3.332,26,27,560,558,00000000 10101000 10000010 00001010,10101000 10100000 10001010 00000000,28.1,274.25,26.4,39.0,1846.0,630.0
2022-06-23 17:38:38.123344,28.1,279.9,23.1,279.9,80,100,0.0,26.64,-2.8,27.0,3.33,3.332,26,27,560,558,00000000 10101000 10000010 00001010,10101000 10100000 10001010 00000000,28.1,274.25,26.4,39.0,1846.0,630.0
2022-06-23 17:38:39.126406,28.1,279.9,23.1,279.9,80,100,0.0,26.64,-3.2,27.0,3.33,3.332,26,27,560,558,00000000 10101000 10000010 00001010,10101000 10100000 10001010 00000000,28.1,274.25,26.45,39.0,1846.0,630.0
2022-06-23 17:38:40.128976,28.1,279.9,23.1,279.9,80,100,0.0,26.64,-3.2,27.0,3.329,3.332,26,27,560,558,00000000 10101000 10000010 00001010,10101000 10100000 10001010 00000000,28.1,274.25,26.4,39.0,1846.0,630.0
2022-06-23 17:38:41.131303,28.1,279.9,23.1,279.9,80,100,0.0,26.64,-2.5,27.0,3.329,3.332,26,27,560,558,00000000 10101000 10000010 00001010,10101000 10100000 10001010 00000000,28.1,274.25,26.4,39.0,1846.0,630.0
2022-06-23 17:38:42.134300,28.1,279.9,23.1,279.9,80,100,0.0,26.64,-2.5,27.0,3.329,3.332,26,27,560,558,00000000 10101000 10000010 00001010,10101000 10100000 10001010 00000000,28.1,274.25,26.45,39.0,1846.0,630.0
2022-06-23 17:38:43.137460,28.1,279.9,23.1,279.9,80,100,0.0,26.63,-3.6,27.0,3.327,3.332,26,27,560,558,00000000 10101000 10000010 00001010,10101000 10100000 10001010 00000000,28.1,274.25,26.45,39.0,1846.0,630.0
2022-06-23 17:38:44.141259,28.1,279.9,23.1,279.9,80,100,0.0,26.64,-3.3,27.0,3.327,3.332,26,27,560,558,00000000 10101000 10000010 00001010,10101000 10100000 10001010 00000000,28.1,274.25,26.4,39.0,1846.0,630.0
2022-06-23 17:38:45.145304,28.1,279.9,23.1,279.9,80,100,0.0,26.64,-3.3,27.0,3.327,3.332,26,27,560,558,00000000 10101000 10000010 00001010,10101000 10100000 10001010 00000000,28.1,274.25,26.4,39.0,1846.0,630.0
2022-06-23 17:38:46.147644,28.1,279.9,23.1,279.9,80,100,0.0,26.64,-3.0,27.0,3.327,3.332,26,27,560,558,00000000 10101000 10000010 00001010,10101000 10100000 10001010 00000000,28.1,274.25,26.4,39.0,1846.0,630.0
2022-06-23 17:38:47.151219,28.1,279.9,23.1,279.9,80,100,0.0,26.64,-3.4,27.0,3.329,3.332,26,27,560,558,00000000 10101000 10000010 00001010,10101000 10100000 10001010 00000000,28.1,274.25,26.45,39.0,1846.0,630.0
2022-06-23 17:38:48.154852,28.1,279.9,23.1,279.9,80,100,0.0,26.64,-4.9,27.0,3.329,3.332,26,27,560,558,00000000 10101000 10000010 00001010,10101000 10100000 10001010 00000000,28.1,274.25,26.4,39.0,1831.0,625.0
2022-06-23 17:38:49.157664,28.1,279.9,23.1,279.9,80,100,0.0,26.64,-4.9,27.0,3.329,3.332,26,27,560,558,00000000 10101000 10000010 00001010,10101000 10100000 10001010 00000000,28.1,274.25,26.45,39.0,1875.0,640.0
2022-06-23 17:38:50.161047,28.1,279.9,23.1,279.9,80,100,0.0,26.65,22.5,27.0,3.33,3.333,26,27,560,558,00000000 10101000 10000010 00001010,10101000 10100000 10001010 00000000,28.1,274.25,26.4,39.0,1875.0,640.0
2022-06-23 17:38:51.164391,28.1,279.9,23.1,279.9,80,100,0.0,26.65,22.5,27.0,3.33,3.333,26,27,560,558,00000000 10101000 10000010 00001010,10101000 10100000 10001010 00000000,28.1,274.25,26.75,39.0,2007.0,670.0
2022-06-23 17:38:52.167478,28.1,279.9,23.1,279.9,80,100,0.0,26.84,40.9,27.0,3.33,3.333,26,27,560,558,00000000 10101000 10000010 00001010,10101000 10100000 10001010 00000000,28.1,274.25,26.85,39.0,2417.0,770.0
2022-06-23 17:38:53.170606,28.1,279.9,23.1,279.9,80,100,0.0,26.97,129.9,27.0,3.366,3.375,26,27,560,558,00000000 10101000 10000010 00001010,10101000 10100000 10001010 00000000,28.1,274.25,26.9,39.0,2857.0,915.0
2022-06-23 17:38:54.173359,28.1,279.9,23.1,279.9,80,100,0.0,26.97,129.9,27.0,3.366,3.375,26,27,560,558,00000000 10101000 10000010 00001010,10101000 10100000 10001010 00000000,28.1,274.25,26.95,39.0,3238.0,1085.0
2022-06-23 17:38:55.177666,28.1,279.9,23.1,279.9,80,100,0.0,27.01,153.0,27.0,3.366,3.375,26,27,560,558,00000000 10101000 10000010 00001010,10101000 10100000 10001010 00000000,28.1,274.25,26.8,39.0,3311.0,1145.0
2022-06-23 17:38:56.180912,28.1,279.9,23.1,279.9,80,100,0.0,26.9,123.3,27.0,3.366,3.375,26,27,560,558,00000000 10101000 10000010 00001010,10101000 10100000 10001010 00000000,28.1,274.25,26.9,39.0,3209.0,1095.0
2022-06-23 17:38:57.184276,28.1,279.9,23.1,279.9,80,100,0.0,27.01,125.2,27.0,3.36,3.366,26,27,560,558,00000000 10101000 10000010 00001010,10101000 10100000 10001010 00000000,28.1,274.25,26.95,39.0,3297.0,1115.0
2022-06-23 17:38:58.187792,28.1,279.9,23.1,279.9,80,100,0.0,27.01,125.2,27.0,3.36,3.366,26,27,560,558,00000000 10101000 10000010 00001010,10101000 10100000 10001010 00000000,28.1,274.25,27.0,39.0,3443.0,1165.0
2022-06-23 17:38:59.191750,28.1,279.9,23.1,279.9,80,100,0.0,27.05,146.2,27.0,3.36,3.366,26,27,560,558,00000000 10101000 10000010 00001010,10101000 10100000 10001010 00000000,28.1,274.25,26.95,39.0,3604.0,1215.0
2022-06-23 17:39:00.195033,28.1,279.9,23.1,279.9,80,100,0.0,27.05,150.3,27.0,3.378,3.387,26,27,560,558,00000000 10101000 10000010 00001010,10101000 10100000 10001010 00000000,28.1,274.25,26.95,39.0,3634.0,1250.0
2022-06-23 17:39:01.198023,28.1,279.9,23.1,279.9,80,100,0.0,27.05,150.3,27.0,3.378,3.387,26,27,560,558,00000000 10101000 10000010 00001010,10101000 10100000 10001010 00000000,28.1,274.25,26.8,39.0,3472.0,1185.0
2022-06-23 17:39:02.200674,28.1,279.9,23.1,279.9,80,100,0.0,27.05,150.3,27.0,3.378,3.387,26,27,560,558,00000000 10101000 10000010 00001010,10101000 10100000 10001010 00000000,28.1,274.25,26.8,39.0,3209.0,1115.0
2022-06-23 17:39:03.204408,28.1,279.9,23.1,279.9,80,100,0.0,26.97,70.9,27.0,3.369,3.375,26,27,560,558,00000000 10101000 10000010 00001010,10101000 10100000 10001010 00000000,28.1,274.25,26.9,39.0,3077.0,1055.0
2022-06-23 17:39:04.208460,28.1,279.9,23.1,279.9,80,100,0.0,26.97,70.9,27.0,3.369,3.375,26,27,560,558,00000000 10101000 10000010 00001010,10101000 10100000 10001010 00000000,28.1,274.25,26.9,39.0,3077.0,1050.0
2022-06-23 17:39:05.211718,28.1,279.9,23.1,279.9,80,100,0.0,27.0,117.8,27.0,3.369,3.375,26,27,560,558,00000000 10101000 10000010 00001010,10101000 10100000 10001010 00000000,28.1,274.25,26.7,39.0,2974.0,1035.0
2022-06-23 17:39:06.214558,28.1,279.9,23.1,279.9,80,100,0.0,26.79,56.1,27.0,3.369,3.375,26,27,560,558,00000000 10101000 10000010 00001010,10101000 10100000 10001010 00000000,28.1,274.25,26.6,39.0,2784.0,950.0
2022-06-23 17:39:07.217137,28.1,279.9,23.1,279.9,80,100,0.0,26.79,56.1,27.0,3.345,3.353,26,27,560,558,00000000 10101000 10000010 00001010,10101000 10100000 10001010 00000000,28.1,274.25,26.9,39.0,2696.0,915.0
2022-06-23 17:39:08.220045,28.1,279.9,23.1,279.9,80,100,0.0,26.95,50.6,27.0,3.345,3.353,26,27,560,558,00000000 10101000 10000010 00001010,10101000 10100000 10001010 00000000,28.1,274.25,26.95,39.0,2769.0,960.0
2022-06-23 17:39:09.223190,28.1,279.9,23.1,279.9,80,100,0.0,27.07,125.9,27.0,3.345,3.353,26,27,560,558,00000000 10101000 10000010 00001010,10101000 10100000 10001010 00000000,28.1,274.25,27.05,39.0,3018.0,1050.0
2022-06-23 17:39:10.226695,28.1,279.9,23.1,279.9,80,100,0.0,27.07,125.9,27.0,3.381,3.39,26,27,560,558,00000000 10101000 10000010 00001010,10101000 10100000 10001010 00000000,28.1,274.25,27.1,39.0,3311.0,1150.0
2022-06-23 17:39:11.229834,28.1,279.9,23.1,279.9,80,100,0.0,27.13,151.1,27.0,3.381,3.39,26,27,560,558,00000000 10101000 10000010 00001010,10101000 10100000 10001010 00000000,28.1,274.25,27.0,39.0,3604.0,1230.0
2022-06-23 17:39:12.232279,28.1,279.9,23.1,279.9,80,100,0.0,27.12,148.3,27.0,3.381,3.39,26,27,560,558,00000000 10101000 10000010 00001010,10101000 10100000 10001010 00000000,28.1,274.25,27.05,39.0,3648.0,1255.0
2022-06-23 17:39:13.235461,28.1,279.9,23.1,279.9,80,100,0.0,27.12,148.3,27.0,3.387,3.396,26,27,560,558,00000000 10101000 10000010 00001010,10101000 10100000 10001010 00000000,28.1,274.25,27.1,39.0,3795.0,1315.0
2022-06-23 17:39:14.238562,28.1,279.9,23.1,279.9,80,100,0.0,27.15,154.2,27.0,3.387,3.396,26,27,560,558,00000000 10101000 10000010 00001010,10101000 10100000 10001010 00000000,28.1,274.25,27.1,39.0,3941.0,1350.0
2022-06-23 17:39:15.241819,28.1,279.9,23.1,279.9,80,100,0.0,27.15,154.2,27.0,3.387,3.396,26,27,560,558,00000000 10101000 10000010 00001010,10101000 10100000 10001010 00000000,28.1,274.25,27.15,39.0,4029.0,1395.0
2022-06-23 17:39:16.245078,28.1,279.9,23.1,279.9,80,100,0.0,27.17,158.2,27.0,3.384,3.393,26,27,560,558,00000000 10101000 10000010 00001010,10101000 10100000 10001010 00000000,28.1,274.25,27.0,39.0,4117.0,1390.0
2022-06-23 17:39:17.247411,28.1,279.9,23.1,279.9,80,100,0.0,27.11,156.1,27.0,3.384,3.393,26,27,560,558,00000000 10101000 10000010 00001010,10101000 10100000 10001010 00000000,28.1,274.25,26.9,39.0,3824.0,1275.0
2022-06-23 17:39:18.250446,28.1,279.9,23.1,279.9,80,100,0.0,27.11,156.1,27.0,3.384,3.393,26,27,560,558,00000000 10101000 10000010 00001010,10101000 10100000 10001010 00000000,28.1,274.25,26.9,39.0,3590.0,1200.0
2022-06-23 17:39:19.253658,28.1,279.9,23.1,279.9,80,100,0.0,27.04,98.7,27.0,3.384,3.393,26,27,560,558,00000000 10101000 10000010 00001010,10101000 10100000 10001010 00000000,28.1,274.25,26.85,39.0,3297.0,1105.0
2022-06-23 17:39:20.256808,28.1,279.9,23.1,279.9,80,100,0.0,26.99,79.5,27.0,3.371,3.378,26,27,560,558,00000000 10101000 10000010 00001010,10101000 10100000 10001010 00000000,28.1,274.25,26.85,39.0,3121.0,1045.0
2022-06-23 17:39:21.260466,28.1,279.9,23.1,279.9,80,100,0.0,26.95,62.3,27.0,3.371,3.378,26,27,560,558,00000000 10101000 10000010 00001010,10101000 10100000 10001010 00000000,28.1,274.25,26.8,39.0,2945.0,985.0
2022-06-23 17:39:22.262942,28.1,279.9,23.1,279.9,80,100,0.0,26.95,62.3,27.0,3.371,3.378,26,27,560,558,00000000 10101000 10000010 00001010,10101000 10100000 10001010 00000000,28.1,274.25,26.7,39.0,2769.0,930.0
2022-06-23 17:39:23.266550,28.1,279.9,23.1,279.9,80,100,0.0,26.91,41.0,27.0,3.362,3.366,26,27,560,558,00000000 10101000 10000010 00001010,10101000 10100000 10001010 00000000,28.1,274.25,26.7,39.0,2637.0,900.0
2022-06-23 17:39:24.270043,28.1,279.9,23.1,279.9,80,100,0.0,26.88,25.4,27.0,3.362,3.366,26,27,560,558,00000000 10101000 10000010 00001010,10101000 10100000 10001010 00000000,28.1,274.25,26.65,39.0,2549.0,855.0
2022-06-23 17:39:25.273317,28.1,279.9,23.1,279.9,80,100,0.0,26.88,25.4,27.0,3.362,3.366,26,27,560,558,00000000 10101000 10000010 00001010,10101000 10100000 10001010 00000000,28.1,274.25,26.6,39.0,2417.0,810.0
2022-06-23 17:39:26.276712,28.1,279.9,23.1,279.9,80,100,0.0,26.83,7.5,27.0,3.351,3.356,26,27,560,558,00000000 10101000 10000010 00001010,10101000 10100000 10001010 00000000,28.1,274.25,26.55,39.0,2329.0,780.0
2022-06-23 17:39:27.289523,28.1,279.9,23.1,279.9,80,100,0.0,26.83,7.5,27.0,3.351,3.356,26,27,560,558,00000000 10101000 10000010 00001010,10101000 10100000 10001010 00000000,28.1,274.25,26.8,39.0,2242.0,765.0
2022-06-23 17:39:28.293391,28.1,279.9,23.1,279.9,80,100,0.0,26.89,-1.8,27.0,3.351,3.356,26,27,560,558,00000000 10101000 10000010 00001010,10101000 10100000 10001010 00000000,28.1,274.25,26.85,39.0,2256.0,775.0
2022-06-23 17:39:29.296990,28.1,279.9,23.1,279.9,80,100,0.0,26.99,61.6,27.0,3.351,3.356,26,27,560,558,00000000 10101000 10000010 00001010,10101000 10100000 10001010 00000000,28.1,274.25,26.9,39.0,2315.0,790.0
2022-06-23 17:39:30.300652,28.1,279.9,23.1,279.9,80,100,0.0,27.0,78.2,27.0,3.374,3.378,26,27,560,558,00000000 10101000 10000010 00001010,10101000 10100000 10001010 00000000,28.1,274.25,26.9,39.0,2359.0,815.0
2022-06-23 17:39:31.303463,28.1,279.9,23.1,279.9,80,100,0.0,27.0,78.2,27.0,3.374,3.378,26,27,560,558,00000000 10101000 10000010 00001010,10101000 10100000 10001010 00000000,28.1,274.25,27.05,39.0,2520.0,900.0
2022-06-23 17:39:32.306013,28.1,279.9,23.1,279.9,80,100,0.0,27.12,110.7,27.0,3.374,3.378,26,27,560,558,00000000 10101000 10000010 00001010,10101000 10100000 10001010 00000000,28.1,274.25,27.05,39.0,2798.0,970.0
2022-06-23 17:39:33.309183,28.1,279.9,23.1,279.9,80,100,0.0,27.14,137.0,27.0,3.39,3.396,26,27,560,558,00000000 10101000 10000010 00001010,10101000 10100000 10001010 00000000,28.1,274.25,27.1,39.0,3018.0,1045.0
2022-06-23 17:39:34.312799,28.1,279.9,23.1,279.9,80,100,0.0,27.18,146.1,27.0,3.39,3.396,26,27,560,558,00000000 10101000 10000010 00001010,10101000 10100000 10001010 00000000,28.1,274.25,27.15,40.0,3282.0,1160.0
2022-06-23 17:39:35.316120,28.1,279.9,23.1,279.9,80,100,0.0,27.18,146.1,27.0,3.39,3.396,26,27,560,558,00000000 10101000 10000010 00001010,10101000 10100000 10001010 00000000,28.1,274.25,27.15,40.0,3663.0,1290.0
2022-06-23 17:39:36.319510,28.1,279.9,23.1,279.9,80,100,0.0,27.22,161.8,27.0,3.399,3.408,26,27,560,558,00000000 10101000 10000010 00001010,10101000 10100000 10001010 00000000,28.1,274.25,26.95,40.0,3941.0,1325.0
2022-06-23 17:39:37.322588,28.1,279.9,23.1,279.9,80,100,0.0,27.22,161.8,27.0,3.399,3.408,26,27,560,558,00000000 10101000 10000010 00001010,10101000 10100000 10001010 00000000,28.1,274.25,26.8,40.0,3707.0,1235.0
2022-06-23 17:39:38.325725,28.1,279.9,23.1,279.9,80,100,0.0,27.01,114.3,27.0,3.399,3.408,26,27,560,558,00000000 10101000 10000010 00001010,10101000 10100000 10001010 00000000,28.1,274.25,26.85,40.0,3414.0,1130.0
2022-06-23 17:39:39.329266,28.1,279.9,23.1,279.9,80,100,0.0,27.0,31.1,27.0,3.399,3.408,26,27,560,558,00000000 10101000 10000010 00001010,10101000 10100000 10001010 00000000,28.1,274.25,26.65,40.0,3165.0,1050.0
2022-06-23 17:39:40.332628,28.1,279.9,23.1,279.9,80,100,0.0,27.0,31.1,27.0,3.372,3.378,26,27,560,558,00000000 10101000 10000010 00001010,10101000 10100000 10001010 00000000,28.1,274.25,26.65,40.0,2901.0,990.0
2022-06-23 17:39:41.335971,28.1,279.9,23.1,279.9,80,100,0.0,26.86,10.9,27.0,3.372,3.378,26,27,560,558,00000000 10101000 10000010 00001010,10101000 10100000 10001010 00000000,28.1,274.25,26.65,40.0,2754.0,915.0
2022-06-23 17:39:42.339176,28.1,279.9,23.1,279.9,80,100,0.0,26.84,-2.3,27.0,3.372,3.378,26,27,560,558,00000000 10101000 10000010 00001010,10101000 10100000 10001010 00000000,28.1,274.25,26.6,40.0,2564.0,875.0
2022-06-23 17:39:43.341828,28.1,279.9,23.1,279.9,80,100,0.0,26.83,-2.8,27.0,3.353,3.357,26,27,560,558,00000000 10101000 10000010 00001010,10101000 10100000 10001010 00000000,28.1,274.25,26.6,40.0,2461.0,825.0
2022-06-23 17:39:44.344434,28.1,279.9,23.1,279.9,80,100,0.0,26.83,-2.8,27.0,3.353,3.357,26,27,560,558,00000000 10101000 10000010 00001010,10101000 10100000 10001010 00000000,28.1,274.25,26.6,40.0,2329.0,795.0
2022-06-23 17:39:45.347072,28.1,279.9,23.1,279.9,80,100,0.0,26.83,-2.8,27.0,3.353,3.357,26,27,560,558,00000000 10101000 10000010 00001010,10101000 10100000 10001010 00000000,28.1,274.25,26.6,40.0,2256.0,760.0
2022-06-23 17:39:46.350370,28.1,279.9,23.1,279.9,80,100,0.0,26.82,-3.6,27.0,3.35,3.356,26,27,560,558,00000000 10101000 10000010 00001010,10101000 10100000 10001010 00000000,28.1,274.25,26.6,40.0,2168.0,740.0
2022-06-23 17:39:47.353743,28.1,279.9,23.1,279.9,80,100,0.0,26.82,-4.9,27.0,3.35,3.356,26,27,560,558,00000000 10101000 10000010 00001010,10101000 10100000 10001010 00000000,28.1,274.25,26.6,40.0,2110.0,710.0
2022-06-23 17:39:48.356078,28.1,279.9,23.1,279.9,80,100,0.0,26.81,-5.1,27.0,3.35,3.356,26,27,560,558,00000000 10101000 10000010 00001010,10101000 10100000 10001010 00000000,28.1,274.25,26.6,40.0,2051.0,700.0
2022-06-23 17:39:49.359414,28.1,279.9,23.1,279.9,80,100,0.0,26.81,-5.1,27.0,3.35,3.356,26,27,560,558,00000000 10101000 10000010 00001010,10101000 10100000 10001010 00000000,28.1,274.25,26.55,40.0,2022.0,685.0
2022-06-23 17:39:50.362951,28.1,279.9,23.1,279.9,80,100,0.0,26.81,-4.4,27.0,3.348,3.353,26,27,560,558,00000000 10101000 10000010 00001010,10101000 10100000 10001010 00000000,28.1,274.25,26.6,40.0,1978.0,675.0
2022-06-23 17:39:51.366514,28.1,279.9,23.1,279.9,80,100,0.0,26.8,-4.2,27.0,3.348,3.353,26,27,560,558,00000000 10101000 10000010 00001010,10101000 10100000 10001010 00000000,28.1,274.25,26.6,40.0,1948.0,660.0
2022-06-23 17:39:52.369537,28.1,279.9,23.1,279.9,80,100,0.0,26.79,-4.4,27.0,3.348,3.353,26,27,560,558,00000000 10101000 10000010 00001010,10101000 10100000 10001010 00000000,28.1,274.25,26.6,40.0,1905.0,650.0
2022-06-23 17:39:53.371836,28.1,279.9,23.1,279.9,80,100,0.0,26.79,-4.4,27.0,3.348,3.351,26,27,560,558,00000000 10101000 10000010 00001010,10101000 10100000 10001010 00000000,28.1,274.25,26.6,40.0,1890.0,645.0
2022-06-23 17:39:54.375343,28.1,279.9,23.1,279.9,80,100,0.0,26.79,-4.0,27.0,3.348,3.351,26,27,560,558,00000000 10101000 10000010 00001010,10101000 10100000 10001010 00000000,28.1,274.25,26.55,40.0,1875.0,640.0
2022-06-23 17:39:55.379470,28.1,279.9,23.1,279.9,80,100,0.0,26.79,-4.3,27.0,3.348,3.351,26,27,560,558,00000000 10101000 10000010 00001010,10101000 10100000 10001010 00000000,28.1,274.25,26.55,40.0,1875.0,640.0
2022-06-23 17:39:56.382486,28.1,279.9,23.1,279.9,80,100,0.0,26.78,-4.6,27.0,3.347,3.353,26,27,560,558,00000000 10101000 10000010 00001010,10101000 10100000 10001010 00000000,28.1,274.25,26.55,40.0,1875.0,640.0
2022-06-23 17:39:57.385280,28.1,279.9,23.1,279.9,80,100,0.0,26.78,-4.6,27.0,3.347,3.353,26,27,560,558,00000000 10101000 10000010 00001010,10101000 10100000 10001010 00000000,28.1,274.25,26.65,40.0,1875.0,645.0
2022-06-23 17:39:58.388932,28.1,279.9,23.1,279.9,80,100,0.0,26.78,-4.6,27.0,3.347,3.353,26,27,560,558,00000000 10101000 10000010 00001010,10101000 10100000 10001010 00000000,28.1,274.25,26.7,40.0,1905.0,650.0
2022-06-23 17:39:59.392213,28.1,279.9,23.1,279.9,80,100,0.0,26.82,14.1,27.0,3.347,3.353,26,27,560,558,00000000 10101000 10000010 00001010,10101000 10100000 10001010 00000000,28.1,274.25,26.75,40.0,1934.0,660.0
2022-06-23 17:40:00.395465,28.1,279.9,23.1,279.9,80,100,0.0,26.89,38.0,27.0,3.36,3.363,26,27,560,558,00000000 10101000 10000010 00001010,10101000 10100000 10001010 00000000,28.1,274.25,26.7,40.0,1978.0,675.0
2022-06-23 17:40:01.398665,28.1,279.9,23.1,279.9,80,100,0.0,26.9,42.8,27.0,3.36,3.363,26,27,560,558,00000000 10101000 10000010 00001010,10101000 10100000 10001010 00000000,28.1,274.25,26.75,40.0,2022.0,690.0
2022-06-23 17:40:02.401881,28.1,279.9,23.1,279.9,80,100,0.0,26.9,42.8,27.0,3.36,3.363,26,27,560,558,00000000 10101000 10000010 00001010,10101000 10100000 10001010 00000000,28.1,274.25,26.7,40.0,2066.0,705.0
2022-06-23 17:40:03.404642,28.1,279.9,23.1,279.9,80,100,0.0,26.87,55.8,27.0,3.357,3.363,26,27,560,558,00000000 10101000 10000010 00001010,10101000 10100000 10001010 00000000,28.1,274.25,26.6,40.0,2051.0,695.0
2022-06-23 17:40:04.407904,28.1,279.9,23.1,279.9,80,100,0.0,26.81,10.0,27.0,3.357,3.363,26,27,560,558,00000000 10101000 10000010 00001010,10101000 10100000 10001010 00000000,28.1,274.25,26.6,40.0,2007.0,680.0
2022-06-23 17:40:05.411255,28.1,279.9,23.1,279.9,80,100,0.0,26.79,0.3,27.0,3.357,3.363,26,27,560,558,00000000 10101000 10000010 00001010,10101000 10100000 10001010 00000000,28.1,274.25,26.6,40.0,1963.0,670.0
2022-06-23 17:40:06.414774,28.1,279.9,23.1,279.9,80,100,0.0,26.79,0.3,27.0,3.347,3.353,26,27,560,558,00000000 10101000 10000010 00001010,10101000 10100000 10001010 00000000,28.1,274.25,26.85,40.0,1948.0,675.0
2022-06-23 17:40:07.418162,28.1,279.9,23.1,279.9,80,100,0.0,26.99,56.5,27.0,3.347,3.353,26,27,560,558,00000000 10101000 10000010 00001010,10101000 10100000 10001010 00000000,28.1,274.25,26.9,40.0,2095.0,735.0
2022-06-23 17:40:08.421611,28.1,279.9,23.1,279.9,80,100,0.0,27.09,115.3,27.0,3.347,3.353,26,27,560,558,00000000 10101000 10000010 00001010,10101000 10100000 10001010 00000000,28.1,274.25,27.0,40.0,2359.0,830.0
2022-06-23 17:40:09.424027,28.1,279.9,23.1,279.9,80,100,0.0,27.09,115.3,27.0,3.384,3.393,26,27,560,558,00000000 10101000 10000010 00001010,10101000 10100000 10001010 00000000,28.1,274.25,27.05,40.0,2725.0,955.0
2022-06-23 17:40:10.426612,28.1,279.9,23.1,279.9,80,100,0.0,27.15,143.0,27.0,3.384,3.393,26,27,560,558,00000000 10101000 10000010 00001010,10101000 10100000 10001010 00000000,28.1,274.25,27.15,40.0,3091.0,1110.0
2022-06-23 17:40:11.429537,28.1,279.9,23.1,279.9,80,100,0.0,27.15,143.0,27.0,3.384,3.393,26,27,560,558,00000000 10101000 10000010 00001010,10101000 10100000 10001010 00000000,28.1,274.25,27.2,40.0,3604.0,1290.0
2022-06-23 17:40:12.433126,28.1,279.9,23.1,279.9,80,100,0.0,27.2,162.1,27.0,3.396,3.408,26,27,560,558,00000000 10101000 10000010 00001010,10101000 10100000 10001010 00000000,28.1,274.25,27.2,40.0,4220.0,1495.0
2022-06-23 17:40:13.436330,28.1,279.9,23.1,279.9,80,100,0.0,27.2,162.1,27.0,3.396,3.408,26,27,560,558,00000000 10101000 10000010 00001010,10101000 10100000 10001010 00000000,28.1,274.25,27.05,40.0,4454.0,1490.0
2022-06-23 17:40:14.438947,28.1,279.9,23.1,279.9,80,100,0.0,27.18,174.6,27.0,3.396,3.408,26,27,560,558,00000000 10101000 10000010 00001010,10101000 10100000 10001010 00000000,28.1,274.25,26.9,40.0,4073.0,1350.0
2022-06-23 17:40:15.441951,28.1,279.9,23.1,279.9,80,100,0.0,27.04,108.4,27.0,3.396,3.408,26,27,560,558,00000000 10101000 10000010 00001010,10101000 10100000 10001010 00000000,28.1,274.25,26.85,40.0,3751.0,1245.0
2022-06-23 17:40:16.445271,28.1,279.9,23.1,279.9,80,100,0.0,26.96,64.5,27.0,3.369,3.372,26,27,560,558,00000000 10101000 10000010 00001010,10101000 10100000 10001010 00000000,28.1,274.25,26.75,40.0,3458.0,1145.0
2022-06-23 17:40:17.448743,28.1,279.9,23.1,279.9,80,100,0.0,26.96,64.5,27.0,3.369,3.372,26,27,560,558,00000000 10101000 10000010 00001010,10101000 10100000 10001010 00000000,28.1,274.25,26.65,40.0,3165.0,1050.0
2022-06-23 17:40:18.452212,28.1,279.9,23.1,279.9,80,100,0.0,26.86,18.2,27.0,3.369,3.372,26,27,560,558,00000000 10101000 10000010 00001010,10101000 10100000 10001010 00000000,28.1,274.25,26.75,41.0,2945.0,990.0
2022-06-23 17:40:19.454623,28.1,279.9,23.1,279.9,80,100,0.0,26.87,32.9,27.0,3.356,3.362,26,27,560,558,00000000 10101000 10000010 00001010,10101000 10100000 10001010 00000000,28.1,274.25,26.65,41.0,2769.0,945.0
2022-06-23 17:40:20.457934,28.1,279.9,23.1,279.9,80,100,0.0,26.84,-1.1,27.0,3.356,3.362,26,27,560,558,00000000 10101000 10000010 00001010,10101000 10100000 10001010 00000000,28.1,274.25,26.65,41.0,2637.0,880.0
2022-06-23 17:40:21.461161,28.1,279.9,23.1,279.9,80,100,0.0,26.84,-1.1,27.0,3.356,3.362,26,27,560,558,00000000 10101000 10000010 00001010,10101000 10100000 10001010 00000000,28.1,274.25,26.6,41.0,2476.0,845.0
2022-06-23 17:40:22.463949,28.1,279.9,23.1,279.9,80,100,0.0,26.83,-4.0,27.0,3.351,3.356,26,27,560,558,00000000 10101000 10000010 00001010,10101000 10100000 10001010 00000000,28.1,274.25,26.6,41.0,2388.0,800.0
2022-06-23 17:40:23.466747,28.1,279.9,23.1,279.9,80,100,0.0,26.83,-5.2,27.0,3.351,3.356,26,27,560,558,00000000 10101000 10000010 00001010,10101000 10100000 10001010 00000000,28.1,274.25,26.65,41.0,2271.0,775.0
2022-06-23 17:40:24.469156,28.1,279.9,23.1,279.9,80,100,0.0,26.83,-5.2,27.0,3.351,3.356,26,27,560,558,00000000 10101000 10000010 00001010,10101000 10100000 10001010 00000000,28.1,274.25,26.65,41.0,2212.0,745.0
2022-06-23 17:40:25.472579,28.1,279.9,23.1,279.9,80,100,0.0,26.82,-4.2,27.0,3.351,3.354,26,27,560,558,00000000 10101000 10000010 00001010,10101000 10100000 10001010 00000000,28.1,274.25,26.55,41.0,2124.0,725.0
2022-06-23 17:40:26.476017,28.1,279.9,23.1,279.9,80,100,0.0,26.82,-4.2,27.0,3.351,3.354,26,27,560,558,00000000 10101000 10000010 00001010,10101000 10100000 10001010 00000000,28.1,274.25,26.6,41.0,2066.0,700.0
2022-06-23 17:40:27.479406,28.1,279.9,23.1,279.9,80,100,0.0,26.81,-4.8,27.0,3.351,3.354,26,27,560,558,00000000 10101000 10000010 00001010,10101000 10100000 10001010 00000000,28.1,274.25,26.6,41.0,2036.0,690.0
2022-06-23 17:40:28.482770,28.1,279.9,23.1,279.9,80,100,0.0,26.8,-4.3,27.0,3.351,3.354,26,27,560,558,00000000 10101000 10000010 00001010,10101000 10100000 10001010 00000000,28.1,274.25,26.6,41.0,1992.0,675.0
2022-06-23 17:40:29.485810,28.1,279.9,23.1,279.9,80,100,0.0,26.8,-4.3,27.0,3.348,3.353,26,27,560,558,00000000 10101000 10000010 00001010,10101000 10100000 10001010 00000000,28.1,274.25,26.6,41.0,1963.0,665.0
2022-06-23 17:40:30.489170,28.1,279.9,23.1,279.9,80,100,0.0,26.8,-4.6,27.0,3.348,3.353,26,27,560,558,00000000 10101000 10000010 00001010,10101000 10100000 10001010 00000000,28.1,274.25,26.55,41.0,1919.0,650.0
2022-06-23 17:40:31.492634,28.1,279.9,23.1,279.9,80,100,0.0,26.8,-4.2,27.0,3.348,3.353,26,27,560,558,00000000 10101000 10000010 00001010,10101000 10100000 10001010 00000000,28.1,274.25,26.55,41.0,1890.0,645.0
2022-06-23 17:40:32.495989,28.1,279.9,23.1,279.9,80,100,0.0,26.8,-4.1,27.0,3.348,3.353,26,27,560,558,00000000 10101000 10000010 00001010,10101000 10100000 10001010 00000000,28.1,274.25,26.6,41.0,1875.0,640.0
2022-06-23 17:40:33.499398,28.1,279.9,23.1,279.9,80,100,0.0,26.8,-4.1,27.0,3.348,3.353,26,27,560,558,00000000 10101000 10000010 00001010,10101000 10100000 10001010 00000000,28.1,274.25,26.6,41.0,1875.0,640.0
2022-06-23 17:40:34.502506,28.1,279.9,23.1,279.9,80,100,0.0,26.79,-4.1,27.0,3.348,3.353,26,27,560,558,00000000 10101000 10000010 00001010,10101000 10100000 10001010 00000000,28.1,274.25,26.6,41.0,1875.0,640.0
2022-06-23 17:40:35.505370,28.1,279.9,23.1,279.9,80,100,0.0,26.78,-4.2,27.0,3.347,3.35,26,27,560,558,00000000 10101000 10000010 00001010,10101000 10100000 10001010 00000000,28.1,274.25,26.55,41.0,1875.0,640.0
2022-06-23 17:40:36.508161,28.1,279.9,23.1,279.9,80,100,0.0,26.78,-4.2,27.0,3.347,3.35,26,27,560,558,00000000 10101000 10000010 00001010,10101000 10100000 10001010 00000000,28.1,274.25,26.55,41.0,1875.0,640.0
2022-06-23 17:40:37.511655,28.1,279.9,23.1,279.9,80,100,0.0,26.78,-4.2,27.0,3.347,3.35,26,27,560,558,00000000 10101000 10000010 00001010,10101000 10100000 10001010 00000000,28.1,274.25,26.6,41.0,1875.0,640.0
2022-06-23 17:40:38.515047,28.1,279.9,23.1,279.9,80,100,0.0,26.8,-3.7,27.0,3.351,3.354,26,27,560,558,00000000 10101000 10000010 00001010,10101000 10100000 10001010 00000000,28.1,274.25,26.6,41.0,1875.0,640.0
2022-06-23 17:40:39.518258,28.1,279.9,23.1,279.9,80,100,0.0,26.82,5.1,27.0,3.351,3.354,26,27,560,558,00000000 10101000 10000010 00001010,10101000 10100000 10001010 00000000,28.1,274.25,26.85,41.0,1934.0,675.0
2022-06-23 17:40:40.520998,28.1,279.9,23.1,279.9,80,100,0.0,27.0,57.6,27.0,3.351,3.354,26,27,560,558,00000000 10101000 10000010 00001010,10101000 10100000 10001010 00000000,28.1,274.25,26.95,41.0,2139.0,755.0
2022-06-23 17:40:41.524515,28.1,279.9,23.1,279.9,80,100,0.0,27.1,121.3,27.0,3.351,3.354,26,27,560,558,00000000 10101000 10000010 00001010,10101000 10100000 10001010 00000000,28.1,274.25,27.05,41.0,2432.0,890.0
2022-06-23 17:40:42.527975,28.1,279.9,23.1,279.9,80,100,0.0,27.1,121.3,27.0,3.384,3.393,26,27,560,558,00000000 10101000 10000010 00001010,10101000 10100000 10001010 00000000,28.1,274.25,27.1,41.0,3004.0,1060.0
2022-06-23 17:40:43.531391,28.1,279.9,23.1,279.9,80,100,0.0,27.18,154.5,27.0,3.384,3.393,26,27,560,558,00000000 10101000 10000010 00001010,10101000 10100000 10001010 00000000,28.1,274.25,27.15,41.0,3619.0,1305.0
2022-06-23 17:40:44.534639,28.1,279.9,23.1,279.9,80,100,0.0,27.17,172.1,27.0,3.384,3.393,26,27,560,558,00000000 10101000 10000010 00001010,10101000 10100000 10001010 00000000,28.1,274.25,27.05,41.0,4191.0,1415.0
2022-06-23 17:40:45.537048,28.1,279.9,23.1,279.9,80,100,0.0,27.17,172.1,27.0,3.393,3.402,26,27,560,558,00000000 10101000 10000010 00001010,10101000 10100000 10001010 00000000,28.1,274.25,27.1,41.0,3971.0,1345.0
2022-06-23 17:40:46.540483,28.1,279.9,23.1,279.9,80,100,0.0,27.15,136.1,27.0,3.393,3.402,26,27,560,558,00000000 10101000 10000010 00001010,10101000 10100000 10001010 00000000,28.1,274.25,27.05,41.0,3868.0,1315.0
2022-06-23 17:40:47.543412,28.1,279.9,23.1,279.9,80,100,0.0,27.19,143.6,27.0,3.393,3.402,26,27,560,558,00000000 10101000 10000010 00001010,10101000 10100000 10001010 00000000,28.1,274.25,27.15,41.0,3853.0,1315.0
2022-06-23 17:40:48.546083,28.1,279.9,23.1,279.9,80,100,0.0,27.19,143.6,27.0,3.395,3.405,26,27,560,558,00000000 10101000 10000010 00001010,10101000 10100000 10001010 00000000,28.1,274.25,27.15,41.0,3883.0,1330.0
2022-06-23 17:40:49.548892,28.1,279.9,23.1,279.9,80,100,0.0,27.21,150.0,27.0,3.395,3.405,26,27,560,558,00000000 10101000 10000010 00001010,10101000 10100000 10001010 00000000,28.1,274.25,27.15,41.0,3956.0,1360.0
2022-06-23 17:40:50.551210,28.1,279.9,23.1,279.9,80,100,0.0,27.21,150.0,27.0,3.395,3.405,26,27,560,558,00000000 10101000 10000010 00001010,10101000 10100000 10001010 00000000,28.1,274.25,27.15,41.0,4044.0,1385.0
2022-06-23 17:40:51.554765,28.1,279.9,23.1,279.9,80,100,0.0,27.24,161.4,27.0,3.402,3.411,26,27,560,558,00000000 10101000 10000010 00001010,10101000 10100000 10001010 00000000,28.1,274.25,27.2,41.0,4191.0,1450.0
2022-06-23 17:40:52.558110,28.1,279.9,23.1,279.9,80,100,0.0,27.24,161.4,27.0,3.402,3.411,26,27,560,558,00000000 10101000 10000010 00001010,10101000 10100000 10001010 00000000,28.1,274.25,27.05,41.0,4176.0,1405.0
2022-06-23 17:40:53.561770,28.1,279.9,23.1,279.9,80,100,0.0,27.24,161.4,27.0,3.402,3.411,26,27,560,558,00000000 10101000 10000010 00001010,10101000 10100000 10001010 00000000,28.1,274.25,27.05,41.0,3883.0,1305.0
2022-06-23 17:40:54.565451,28.1,279.9,23.1,279.9,80,100,0.0,27.16,131.5,27.0,3.393,3.402,26,27,560,558,00000000 10101000 10000010 00001010,10101000 10100000 10001010 00000000,28.1,274.25,27.1,41.0,3692.0,1245.0
2022-06-23 17:40:55.567745,28.1,279.9,23.1,279.9,80,100,0.0,27.17,121.0,27.0,3.393,3.402,26,27,560,558,00000000 10101000 10000010 00001010,10101000 10100000 10001010 00000000,28.1,274.25,27.05,41.0,3546.0,1200.0
2022-06-23 17:40:56.571168,28.1,279.9,23.1,279.9,80,100,0.0,27.11,112.2,27.0,3.393,3.402,26,27,560,558,00000000 10101000 10000010 00001010,10101000 10100000 10001010 00000000,28.1,274.25,27.0,42.0,3370.0,1135.0
2022-06-23 17:40:57.574507,28.1,279.9,23.1,279.9,80,100,0.0,27.11,112.2,27.0,3.393,3.402,26,27,560,558,00000000 10101000 10000010 00001010,10101000 10100000 10001010 00000000,28.1,274.25,27.0,42.0,3209.0,1095.0
2022-06-23 17:40:58.577810,28.1,279.9,23.1,279.9,80,100,0.0,27.11,96.7,27.0,3.387,3.393,26,27,560,558,00000000 10101000 10000010 00001010,10101000 10100000 10001010 00000000,28.1,274.25,26.9,42.0,3091.0,1040.0
2022-06-23 17:40:59.581294,28.1,279.9,23.1,279.9,80,100,0.0,26.96,74.1,27.0,3.387,3.393,26,27,560,558,00000000 10101000 10000010 00001010,10101000 10100000 10001010 00000000,28.1,274.25,26.7,42.0,2945.0,980.0
2022-06-23 17:41:00.585276,28.1,279.9,23.1,279.9,80,100,0.0,27.04,18.9,27.0,3.387,3.393,26,27,560,558,00000000 10101000 10000010 00001010,10101000 10100000 10001010 00000000,28.1,274.25,26.85,42.0,2740.0,925.0
2022-06-23 17:41:01.587744,28.1,279.9,23.1,279.9,80,100,0.0,27.04,18.9,27.0,3.378,3.384,26,27,560,558,00000000 10101000 10000010 00001010,10101000 10100000 10001010 00000000,28.1,274.25,27.05,42.0,2696.0,930.0
2022-06-23 17:41:02.590659,28.1,279.9,23.1,279.9,80,100,0.0,27.23,114.6,27.0,3.378,3.384,26,27,560,558,00000000 10101000 10000010 00001010,10101000 10100000 10001010 00000000,28.1,274.25,27.25,42.0,3004.0,1090.0
2022-06-23 17:41:03.593935,28.1,279.9,23.1,279.9,80,100,0.0,27.28,166.2,27.0,3.378,3.384,26,27,560,558,00000000 10101000 10000010 00001010,10101000 10100000 10001010 00000000,28.1,274.25,27.3,42.0,3736.0,1345.0
2022-06-23 17:41:04.597330,28.1,279.9,23.1,279.9,80,100,0.0,27.28,166.2,27.0,3.405,3.417,26,27,560,558,00000000 10101000 10000010 00001010,10101000 10100000 10001010 00000000,28.1,274.25,27.25,42.0,4293.0,1520.0
2022-06-23 17:41:05.600396,28.1,279.9,23.1,279.9,80,100,0.0,27.31,174.9,27.0,3.405,3.417,26,27,560,558,00000000 10101000 10000010 00001010,10101000 10100000 10001010 00000000,28.1,274.25,27.3,42.0,5026.0,1780.0
2022-06-23 17:41:06.603355,28.1,279.9,23.1,279.9,81,100,0.0,27.31,174.9,27.0,3.405,3.417,26,27,560,558,00000000 10101000 10000010 00001010,10101000 10100000 10001010 00000000,28.1,274.25,27.3,42.0,5934.0,2095.0
2022-06-23 17:41:07.606041,28.1,279.9,23.1,279.9,81,100,0.0,27.34,186.4,27.0,3.414,3.423,26,27,560,558,00000000 10101000 10000010 00001010,10101000 10100000 10001010 00000000,28.1,274.25,27.4,42.0,6975.0,2490.0
2022-06-23 17:41:08.609926,28.1,279.9,23.1,279.9,81,100,0.0,27.35,192.6,27.0,3.414,3.423,26,27,560,558,00000000 10101000 10000010 00001010,10101000 10100000 10001010 00000000,28.1,274.25,27.35,42.0,8220.0,2895.0
2022-06-23 17:41:09.613543,28.1,279.9,23.1,279.9,81,100,0.0,27.35,192.6,27.0,3.414,3.423,26,27,560,558,00000000 10101000 10000010 00001010,10101000 10100000 10001010 00000000,28.1,274.25,27.4,42.0,8059.0,2720.0
2022-06-23 17:41:10.616730,28.1,279.9,23.1,279.9,81,100,0.0,27.36,191.5,27.0,3.414,3.423,26,27,560,558,00000000 10101000 10000010 00001010,10101000 10100000 10001010 00000000,28.1,274.25,27.3,42.0,7488.0,2460.0
2022-06-23 17:41:11.619432,28.1,279.9,23.1,279.9,81,100,0.0,27.34,179.8,27.0,3.414,3.426,26,27,560,558,00000000 10101000 10000010 00001010,10101000 10100000 10001010 00000000,28.1,274.25,27.3,42.0,6623.0,2220.0
2022-06-23 17:41:12.624109,28.1,279.9,23.1,279.9,81,100,0.0,27.34,179.8,27.0,3.414,3.426,26,27,560,558,00000000 10101000 10000010 00001010,10101000 10100000 10001010 00000000,28.1,274.25,27.35,42.0,6315.0,2145.0
2022-06-23 17:41:13.627306,28.1,279.9,23.1,279.9,81,100,0.0,27.35,179.8,27.0,3.414,3.426,26,27,560,558,00000000 10101000 10000010 00001010,10101000 10100000 10001010 00000000,28.1,274.25,27.3,42.0,6301.0,2160.0
2022-06-23 17:41:14.629988,28.1,279.9,23.1,279.9,81,100,0.0,27.36,184.2,27.0,3.417,3.426,26,27,560,558,00000000 10101000 10000010 00001010,10101000 10100000 10001010 00000000,28.1,274.25,27.35,42.0,6477.0,2230.0
2022-06-23 17:41:15.632736,28.1,279.9,23.1,279.9,81,100,0.0,27.37,187.2,27.0,3.417,3.426,26,27,560,558,00000000 10101000 10000010 00001010,10101000 10100000 10001010 00000000,28.1,274.25,27.35,42.0,6740.0,2325.0
2022-06-23 17:41:16.635370,28.1,279.9,23.1,279.9,81,100,0.0,27.37,187.2,27.0,3.417,3.426,26,27,560,558,00000000 10101000 10000010 00001010,10101000 10100000 10001010 00000000,28.1,274.25,27.35,42.0,6667.0,2255.0
2022-06-23 17:41:17.639339,28.1,279.9,23.1,279.9,81,100,0.0,27.36,184.0,27.0,3.417,3.426,26,27,560,558,00000000 10101000 10000010 00001010,10101000 10100000 10001010 00000000,28.1,274.25,27.3,42.0,6491.0,2210.0
2022-06-23 17:41:18.642989,28.1,279.9,23.1,279.9,81,100,0.0,27.37,184.1,27.0,3.417,3.426,26,27,560,558,00000000 10101000 10000010 00001010,10101000 10100000 10001010 00000000,28.1,274.25,27.4,42.0,6462.0,2205.0
2022-06-23 17:41:19.646283,28.1,279.9,23.1,279.9,81,100,0.0,27.37,184.1,27.0,3.417,3.426,26,27,560,558,00000000 10101000 10000010 00001010,10101000 10100000 10001010 00000000,28.1,274.25,27.3,42.0,6506.0,2180.0
2022-06-23 17:41:20.649632,28.1,279.9,23.1,279.9,81,100,0.0,27.35,181.3,27.0,3.414,3.426,26,27,560,558,00000000 10101000 10000010 00001010,10101000 10100000 10001010 00000000,28.1,274.25,27.3,43.0,6022.0,2040.0
2022-06-23 17:41:21.652251,28.1,279.9,23.1,279.9,81,100,0.0,27.35,181.3,27.0,3.414,3.426,26,27,560,558,00000000 10101000 10000010 00001010,10101000 10100000 10001010 00000000,28.1,274.25,27.35,43.0,5788.0,1965.0
2022-06-23 17:41:22.655716,28.1,279.9,23.1,279.9,81,100,0.0,27.35,175.1,27.0,3.414,3.426,26,27,560,558,00000000 10101000 10000010 00001010,10101000 10100000 10001010 00000000,28.1,274.25,27.35,43.0,5685.0,1940.0
2022-06-23 17:41:23.658976,28.1,279.9,23.1,279.9,81,100,0.0,27.37,177.0,27.0,3.417,3.429,26,27,560,558,00000000 10101000 10000010 00001010,10101000 10100000 10001010 00000000,28.1,274.25,27.35,43.0,5685.0,1940.0
2022-06-23 17:41:24.662249,28.1,279.9,23.1,279.9,81,100,0.0,27.37,177.0,27.0,3.417,3.429,26,27,560,558,00000000 10101000 10000010 00001010,10101000 10100000 10001010 00000000,28.1,274.25,27.3,43.0,5700.0,1935.0
2022-06-23 17:41:25.665325,28.1,279.9,23.1,279.9,81,100,0.0,27.36,178.7,27.0,3.417,3.429,26,27,560,558,00000000 10101000 10000010 00001010,10101000 10100000 10001010 00000000,28.1,274.25,27.35,43.0,5465.0,1845.0
2022-06-23 17:41:26.667988,28.1,279.9,23.1,279.9,81,100,0.0,27.35,170.9,27.0,3.417,3.429,26,27,560,558,00000000 10101000 10000010 00001010,10101000 10100000 10001010 00000000,28.1,274.25,27.35,43.0,5290.0,1795.0
2022-06-23 17:41:27.670697,28.1,279.9,23.1,279.9,81,100,0.0,27.35,170.9,27.0,3.414,3.426,26,27,560,558,00000000 10101000 10000010 00001010,10101000 10100000 10001010 00000000,28.1,274.25,27.35,43.0,5202.0,1775.0
2022-06-23 17:41:28.674289,28.1,279.9,23.1,279.9,81,100,0.0,27.35,170.9,27.0,3.414,3.426,26,27,560,558,00000000 10101000 10000010 00001010,10101000 10100000 10001010 00000000,28.1,274.25,27.3,43.0,5202.0,1775.0
2022-06-23 17:41:29.677651,28.1,279.9,23.1,279.9,81,100,0.0,27.35,171.8,27.0,3.414,3.426,26,27,560,558,00000000 10101000 10000010 00001010,10101000 10100000 10001010 00000000,28.1,274.25,27.3,43.0,5202.0,1775.0
2022-06-23 17:41:30.681153,28.1,279.9,23.1,279.9,81,100,0.0,27.35,172.6,27.0,3.414,3.426,26,27,560,558,00000000 10101000 10000010 00001010,10101000 10100000 10001010 00000000,28.1,274.25,27.35,43.0,5202.0,1775.0
2022-06-23 17:41:31.684156,28.1,279.9,23.1,279.9,81,100,0.0,27.32,161.1,27.0,3.414,3.426,26,27,560,558,00000000 10101000 10000010 00001010,10101000 10100000 10001010 00000000,28.1,274.25,27.3,43.0,4996.0,1685.0
2022-06-23 17:41:32.687469,28.1,279.9,23.1,279.9,81,100,0.0,27.32,161.1,27.0,3.414,3.426,26,27,560,558,00000000 10101000 10000010 00001010,10101000 10100000 10001010 00000000,28.1,274.25,27.25,43.0,4762.0,1600.0
2022-06-23 17:41:33.690730,28.1,279.9,23.1,279.9,81,100,0.0,27.32,155.6,27.0,3.411,3.42,26,27,560,558,00000000 10101000 10000010 00001010,10101000 10100000 10001010 00000000,28.1,274.25,27.25,43.0,4572.0,1550.0
2022-06-23 17:41:34.694248,28.1,279.9,23.1,279.9,81,100,0.0,27.32,155.6,27.0,3.411,3.42,26,27,560,558,00000000 10101000 10000010 00001010,10101000 10100000 10001010 00000000,28.1,274.25,27.25,44.0,4469.0,1520.0
2022-06-23 17:41:35.697752,28.1,279.9,23.1,279.9,81,100,0.0,27.31,155.2,27.0,3.411,3.42,26,27,560,558,00000000 10101000 10000010 00001010,10101000 10100000 10001010 00000000,28.1,274.25,27.25,44.0,4396.0,1490.0
2022-06-23 17:41:36.700959,28.1,279.9,23.1,279.9,81,100,0.0,27.31,154.4,27.0,3.411,3.42,26,27,560,558,00000000 10101000 10000010 00001010,10101000 10100000 10001010 00000000,28.1,274.25,27.25,44.0,4308.0,1465.0
2022-06-23 17:41:37.704050,28.1,279.9,23.1,279.9,81,100,0.0,27.31,154.4,27.0,3.411,3.42,26,27,560,558,00000000 10101000 10000010 00001010,10101000 10100000 10001010 00000000,28.1,274.25,27.25,44.0,4249.0,1450.0
2022-06-23 17:41:38.707187,28.1,279.9,23.1,279.9,81,100,0.0,27.31,153.7,27.0,3.411,3.42,26,27,560,558,00000000 10101000 10000010 00001010,10101000 10100000 10001010 00000000,28.1,274.25,27.3,44.0,4249.0,1450.0
2022-06-23 17:41:39.710031,28.1,279.9,23.1,279.9,81,100,0.0,27.31,153.5,27.0,3.411,3.42,26,27,560,558,00000000 10101000 10000010 00001010,10101000 10100000 10001010 00000000,28.1,274.25,27.2,44.0,4234.0,1445.0
2022-06-23 17:41:40.712980,28.1,279.9,23.1,279.9,81,100,0.0,27.31,153.5,27.0,3.411,3.42,26,27,560,558,00000000 10101000 10000010 00001010,10101000 10100000 10001010 00000000,28.1,274.25,27.2,44.0,4205.0,1435.0
2022-06-23 17:41:41.716750,28.1,279.9,23.1,279.9,81,100,0.0,27.31,152.7,27.0,3.411,3.42,26,27,560,558,00000000 10101000 10000010 00001010,10101000 10100000 10001010 00000000,28.1,274.25,27.2,44.0,4205.0,1430.0
2022-06-23 17:41:42.719960,28.1,279.9,23.1,279.9,81,100,0.0,27.31,152.3,27.0,3.411,3.42,26,27,560,558,00000000 10101000 10000010 00001010,10101000 10100000 10001010 00000000,28.1,274.25,27.25,44.0,4191.0,1430.0
2022-06-23 17:41:43.722852,28.1,279.9,23.1,279.9,81,100,0.0,27.31,153.7,27.0,3.41,3.42,26,27,560,558,00000000 10101000 10000010 00001010,10101000 10100000 10001010 00000000,28.1,274.25,27.25,44.0,4191.0,1430.0
2022-06-23 17:41:44.727002,28.1,279.9,23.1,279.9,81,100,0.0,27.31,153.7,27.0,3.41,3.42,26,27,560,558,00000000 10101000 10000010 00001010,10101000 10100000 10001010 00000000,28.1,274.25,27.25,44.0,4191.0,1430.0
2022-06-23 17:41:45.730370,28.1,279.9,23.1,279.9,81,100,0.0,27.31,153.0,27.0,3.41,3.42,26,27,560,558,00000000 10101000 10000010 00001010,10101000 10100000 10001010 00000000,28.1,274.25,27.25,45.0,4191.0,1425.0
2022-06-23 17:41:46.733674,28.1,279.9,23.1,279.9,81,100,0.0,27.29,150.1,27.0,3.408,3.417,26,27,560,558,00000000 10101000 10000010 00001010,10101000 10100000 10001010 00000000,28.1,274.25,27.2,45.0,4147.0,1390.0
2022-06-23 17:41:47.736252,28.1,279.9,23.1,279.9,81,100,0.0,27.29,150.1,27.0,3.408,3.417,26,27,560,558,00000000 10101000 10000010 00001010,10101000 10100000 10001010 00000000,28.1,274.25,27.2,45.0,4059.0,1365.0
2022-06-23 17:41:48.739775,28.1,279.9,23.1,279.9,81,100,0.0,27.29,150.1,27.0,3.408,3.417,26,27,560,558,00000000 10101000 10000010 00001010,10101000 10100000 10001010 00000000,28.1,274.25,27.25,45.0,3985.0,1340.0
2022-06-23 17:41:49.743200,28.1,279.9,23.1,279.9,81,100,0.0,27.29,144.5,27.0,3.408,3.417,26,27,560,558,00000000 10101000 10000010 00001010,10101000 10100000 10001010 00000000,28.1,274.25,27.25,45.0,3927.0,1340.0
2022-06-23 17:41:50.746483,28.1,279.9,23.1,279.9,81,100,0.0,27.29,144.6,27.0,3.408,3.417,26,27,560,558,00000000 10101000 10000010 00001010,10101000 10100000 10001010 00000000,28.1,274.25,27.25,45.0,3927.0,1335.0
2022-06-23 17:41:51.749112,28.1,279.9,23.1,279.9,81,100,0.0,27.29,144.4,27.0,3.408,3.417,26,27,560,558,00000000 10101000 10000010 00001010,10101000 10100000 10001010 00000000,28.1,274.25,27.2,45.0,3912.0,1335.0
2022-06-23 17:41:52.751389,28.1,279.9,23.1,279.9,81,100,0.0,27.29,144.4,27.0,3.408,3.417,26,27,560,558,00000000 10101000 10000010 00001010,10101000 10100000 10001010 00000000,28.1,274.25,27.25,45.0,3912.0,1335.0
2022-06-23 17:41:53.754425,28.1,279.9,23.1,279.9,81,100,0.0,27.29,144.5,27.0,3.408,3.417,26,27,560,558,00000000 10101000 10000010 00001010,10101000 10100000 10001010 00000000,28.1,274.25,27.2,45.0,3912.0,1335.0
2022-06-23 17:41:54.758252,28.1,279.9,23.1,279.9,81,100,0.0,27.29,145.1,27.0,3.408,3.417,26,27,560,558,00000000 10101000 10000010 00001010,10101000 10100000 10001010 00000000,28.1,274.25,27.25,45.0,3912.0,1335.0
2022-06-23 17:41:55.761783,28.1,279.9,23.1,279.9,81,100,0.0,27.29,146.1,27.0,3.408,3.417,26,27,560,558,00000000 10101000 10000010 00001010,10101000 10100000 10001010 00000000,28.1,274.25,27.25,45.0,3912.0,1335.0
2022-06-23 17:41:56.765608,28.1,279.9,23.1,279.9,81,100,0.0,27.29,146.1,27.0,3.408,3.417,26,27,560,558,00000000 10101000 10000010 00001010,10101000 10100000 10001010 00000000,28.1,274.25,27.25,46.0,3912.0,1335.0
2022-06-23 17:41:57.768731,28.1,279.9,23.1,279.9,81,100,0.0,27.29,145.8,27.0,3.408,3.417,26,27,560,558,00000000 10101000 10000010 00001010,10101000 10100000 10001010 00000000,28.1,274.25,27.25,46.0,3912.0,1335.0
2022-06-23 17:41:58.772690,28.1,279.9,23.1,279.9,81,100,0.0,27.29,145.9,27.0,3.408,3.417,26,27,560,558,00000000 10101000 10000010 00001010,10101000 10100000 10001010 00000000,28.1,274.25,27.25,46.0,3912.0,1335.0
2022-06-23 17:41:59.776397,28.1,279.9,23.1,279.9,81,100,0.0,27.29,145.9,27.0,3.408,3.417,26,27,560,558,00000000 10101000 10000010 00001010,10101000 10100000 10001010 00000000,28.1,274.25,27.25,46.0,3912.0,1335.0
2022-06-23 17:42:00.779892,28.1,279.9,23.1,279.9,81,100,0.0,27.29,146.7,27.0,3.408,3.417,26,27,560,558,00000000 10101000 10000010 00001010,10101000 10100000 10001010 00000000,28.1,274.25,27.25,46.0,3912.0,1335.0
2022-06-23 17:42:01.783359,28.1,279.9,23.1,279.9,81,100,0.0,27.29,147.9,27.0,3.408,3.417,26,27,560,558,00000000 10101000 10000010 00001010,10101000 10100000 10001010 00000000,28.1,274.25,27.25,46.0,3912.0,1335.0
2022-06-23 17:42:02.786399,28.1,279.9,23.1,279.9,81,100,0.0,27.29,148.4,27.0,3.408,3.417,26,27,560,558,00000000 10101000 10000010 00001010,10101000 10100000 10001010 00000000,28.1,274.25,27.25,46.0,3912.0,1335.0
2022-06-23 17:42:03.789682,28.1,279.9,23.1,279.9,81,100,0.0,27.29,148.4,27.0,3.408,3.417,26,27,560,558,00000000 10101000 10000010 00001010,10101000 10100000 10001010 00000000,28.1,274.25,27.2,46.0,3912.0,1335.0
2022-06-23 17:42:04.792379,28.1,279.9,23.1,279.9,81,100,0.0,27.29,148.4,27.0,3.408,3.417,26,27,560,558,00000000 10101000 10000010 00001010,10101000 10100000 10001010 00000000,28.1,274.25,27.25,46.0,3912.0,1335.0
2022-06-23 17:42:05.795063,28.1,279.9,23.1,279.9,81,100,0.0,27.29,147.9,27.0,3.408,3.417,26,27,560,558,00000000 10101000 10000010 00001010,10101000 10100000 10001010 00000000,28.1,274.25,27.25,46.0,3912.0,1335.0
2022-06-23 17:42:06.797906,28.1,279.9,23.1,279.9,81,100,0.0,27.29,146.9,27.0,3.408,3.417,26,27,560,558,00000000 10101000 10000010 00001010,10101000 10100000 10001010 00000000,28.1,274.25,27.25,46.0,3912.0,1335.0
2022-06-23 17:42:07.800954,28.1,279.9,23.1,279.9,81,100,0.0,27.29,146.9,27.0,3.408,3.417,26,27,560,558,00000000 10101000 10000010 00001010,10101000 10100000 10001010 00000000,28.1,274.25,27.25,47.0,3912.0,1335.0
2022-06-23 17:42:08.804362,28.1,279.9,23.1,279.9,81,100,0.0,27.28,145.9,27.0,3.408,3.417,26,27,560,558,00000000 10101000 10000010 00001010,10101000 10100000 10001010 00000000,28.1,274.25,27.2,47.0,3897.0,1310.0
2022-06-23 17:42:09.807864,28.1,279.9,23.1,279.9,81,100,0.0,27.27,143.5,27.0,3.405,3.414,26,27,560,558,00000000 10101000 10000010 00001010,10101000 10100000 10001010 00000000,28.1,274.25,27.2,47.0,3824.0,1285.0
2022-06-23 17:42:10.811230,28.1,279.9,23.1,279.9,81,100,0.0,27.26,137.1,27.0,3.405,3.414,26,27,560,558,00000000 10101000 10000010 00001010,10101000 10100000 10001010 00000000,28.1,274.25,27.15,47.0,3751.0,1255.0
2022-06-23 17:42:11.814731,28.1,279.9,23.1,279.9,81,100,0.0,27.22,125.5,27.0,3.405,3.414,26,27,560,558,00000000 10101000 10000010 00001010,10101000 10100000 10001010 00000000,28.1,274.25,27.1,47.0,3648.0,1215.0
2022-06-23 17:42:12.818205,28.1,279.9,23.1,279.9,81,100,0.0,27.22,125.5,27.0,3.399,3.408,26,27,560,558,00000000 10101000 10000010 00001010,10101000 10100000 10001010 00000000,28.1,274.25,27.15,47.0,3531.0,1175.0
2022-06-23 17:42:13.820693,28.1,279.9,23.1,279.9,81,100,0.0,27.22,118.5,27.0,3.399,3.408,26,27,560,558,00000000 10101000 10000010 00001010,10101000 10100000 10001010 00000000,28.1,274.25,27.2,47.0,3429.0,1160.0
2022-06-23 17:42:14.824086,28.1,279.9,23.1,279.9,81,100,0.0,27.22,118.5,27.0,3.399,3.408,26,27,560,558,00000000 10101000 10000010 00001010,10101000 10100000 10001010 00000000,28.1,274.25,27.2,47.0,3414.0,1190.0
2022-06-23 17:42:15.827952,28.1,279.9,23.1,279.9,81,100,0.0,27.27,132.1,27.0,3.405,3.414,26,27,560,558,00000000 10101000 10000010 00001010,10101000 10100000 10001010 00000000,28.1,274.25,27.2,47.0,3502.0,1205.0
2022-06-23 17:42:16.831169,28.1,279.9,23.1,279.9,81,100,0.0,27.27,132.1,27.0,3.405,3.414,26,27,560,558,00000000 10101000 10000010 00001010,10101000 10100000 10001010 00000000,28.1,274.25,27.2,47.0,3531.0,1220.0
2022-06-23 17:42:17.833908,28.1,279.9,23.1,279.9,81,100,0.0,27.26,138.2,27.0,3.405,3.414,26,27,560,558,00000000 10101000 10000010 00001010,10101000 10100000 10001010 00000000,28.1,274.25,27.15,47.0,3590.0,1230.0
2022-06-23 17:42:18.836227,28.1,279.9,23.1,279.9,81,100,0.0,27.26,140.7,27.0,3.405,3.414,26,27,560,558,00000000 10101000 10000010 00001010,10101000 10100000 10001010 00000000,28.1,274.25,27.2,48.0,3604.0,1230.0
2022-06-23 17:42:19.839455,28.1,279.9,23.1,279.9,81,100,0.0,27.25,134.4,27.0,3.402,3.411,26,27,560,558,00000000 10101000 10000010 00001010,10101000 10100000 10001010 00000000,28.1,274.25,27.1,48.0,3604.0,1215.0
2022-06-23 17:42:20.842800,28.1,279.9,23.1,279.9,81,100,0.0,27.25,134.4,27.0,3.402,3.411,26,27,560,558,00000000 10101000 10000010 00001010,10101000 10100000 10001010 00000000,28.1,274.25,27.05,48.0,3546.0,1175.0
2022-06-23 17:42:21.846508,28.1,279.9,23.1,279.9,81,100,0.0,27.21,126.0,27.0,3.402,3.411,26,27,560,558,00000000 10101000 10000010 00001010,10101000 10100000 10001010 00000000,28.1,274.25,27.2,48.0,3399.0,1145.0
2022-06-23 17:42:22.849602,28.1,279.9,23.1,279.9,81,100,0.0,27.24,114.3,27.0,3.402,3.411,26,27,560,558,00000000 10101000 10000010 00001010,10101000 10100000 10001010 00000000,28.1,274.25,27.15,48.0,3370.0,1150.0
2022-06-23 17:42:23.852865,28.1,279.9,23.1,279.9,81,100,0.0,27.17,122.0,27.0,3.402,3.411,26,27,560,558,00000000 10101000 10000010 00001010,10101000 10100000 10001010 00000000,28.1,274.25,26.9,48.0,3370.0,1120.0
2022-06-23 17:42:24.856205,28.1,279.9,23.1,279.9,81,100,0.0,27.17,122.0,27.0,3.402,3.411,26,27,560,558,00000000 10101000 10000010 00001010,10101000 10100000 10001010 00000000,28.1,274.25,27.1,48.0,3209.0,1065.0
2022-06-23 17:42:25.859493,28.1,279.9,23.1,279.9,81,100,0.0,27.17,92.9,27.0,3.393,3.399,26,27,560,558,00000000 10101000 10000010 00001010,10101000 10100000 10001010 00000000,28.1,274.25,27.2,48.0,3106.0,1065.0
2022-06-23 17:42:26.862889,28.1,279.9,23.1,279.9,81,100,0.0,27.28,130.2,27.0,3.393,3.399,26,27,560,558,00000000 10101000 10000010 00001010,10101000 10100000 10001010 00000000,28.1,274.25,27.25,48.0,3165.0,1190.0
2022-06-23 17:42:27.866240,28.1,279.9,23.1,279.9,81,100,0.0,27.3,155.9,27.0,3.393,3.399,26,27,560,558,00000000 10101000 10000010 00001010,10101000 10100000 10001010 00000000,28.1,274.25,27.25,48.0,3531.0,1270.0
2022-06-23 17:42:28.868652,28.1,279.9,23.1,279.9,81,100,0.0,27.3,155.9,27.0,3.408,3.417,26,27,560,558,00000000 10101000 10000010 00001010,10101000 10100000 10001010 00000000,28.1,274.25,27.25,48.0,3810.0,1385.0
2022-06-23 17:42:29.871721,28.1,279.9,23.1,279.9,81,100,0.0,27.32,165.4,27.0,3.408,3.417,26,27,560,558,00000000 10101000 10000010 00001010,10101000 10100000 10001010 00000000,28.1,274.25,27.3,48.0,4117.0,1560.0
2022-06-23 17:42:30.874576,28.1,279.9,23.1,279.9,81,100,0.0,27.32,165.4,27.0,3.408,3.417,26,27,560,558,00000000 10101000 10000010 00001010,10101000 10100000 10001010 00000000,28.1,274.25,27.35,48.0,4733.0,1795.0
2022-06-23 17:42:31.877354,28.1,279.9,23.1,279.9,81,100,0.0,27.36,179.6,27.0,3.417,3.426,26,27,560,558,00000000 10101000 10000010 00001010,10101000 10100000 10001010 00000000,28.1,274.25,27.4,48.0,5465.0,2085.0
2022-06-23 17:42:32.880851,28.1,279.9,23.1,279.9,81,100,0.0,27.36,179.6,27.0,3.417,3.426,26,27,560,558,00000000 10101000 10000010 00001010,10101000 10100000 10001010 00000000,28.1,274.25,27.4,48.0,6374.0,2375.0
2022-06-23 17:42:33.883753,28.1,279.9,23.1,279.9,81,100,0.0,27.38,187.7,27.0,3.417,3.426,26,27,560,558,00000000 10101000 10000010 00001010,10101000 10100000 10001010 00000000,28.1,274.25,27.4,48.0,7195.0,2645.0
2022-06-23 17:42:34.887082,28.1,279.9,23.1,279.9,81,100,0.0,27.39,191.8,27.0,3.417,3.426,26,27,560,558,00000000 10101000 10000010 00001010,10101000 10100000 10001010 00000000,28.1,274.25,27.3,49.0,7942.0,2780.0
2022-06-23 17:42:35.890441,28.1,279.9,23.1,279.9,81,100,0.0,27.39,191.8,27.0,3.42,3.432,26,27,560,558,00000000 10101000 10000010 00001010,10101000 10100000 10001010 00000000,28.1,274.25,27.35,49.0,7839.0,2530.0
2022-06-23 17:42:36.893877,28.1,279.9,23.1,279.9,81,100,0.0,27.38,188.9,27.0,3.42,3.432,26,27,560,558,00000000 10101000 10000010 00001010,10101000 10100000 10001010 00000000,28.1,274.25,27.4,49.0,7312.0,2445.0
2022-06-23 17:42:37.897209,28.1,279.9,23.1,279.9,81,100,0.0,27.38,185.9,27.0,3.42,3.432,26,27,560,558,00000000 10101000 10000010 00001010,10101000 10100000 10001010 00000000,28.1,274.25,27.35,49.0,7121.0,2420.0
2022-06-23 17:42:38.900035,28.1,279.9,23.1,279.9,81,100,0.0,27.37,185.3,27.0,3.417,3.429,26,27,560,558,00000000 10101000 10000010 00001010,10101000 10100000 10001010 00000000,28.1,274.25,27.3,49.0,6960.0,2265.0
2022-06-23 17:42:39.903445,28.1,279.9,23.1,279.9,81,100,0.0,27.37,185.3,27.0,3.417,3.429,26,27,560,558,00000000 10101000 10000010 00001010,10101000 10100000 10001010 00000000,28.1,274.25,27.3,49.0,6579.0,2070.0
2022-06-23 17:42:40.906355,28.1,279.9,23.1,279.9,81,100,0.0,27.34,172.9,27.0,3.417,3.429,26,27,560,558,00000000 10101000 10000010 00001010,10101000 10100000 10001010 00000000,28.1,274.25,27.3,49.0,5905.0,1905.0
2022-06-23 17:42:41.909263,28.1,279.9,23.1,279.9,81,100,0.0,27.35,167.7,27.0,3.414,3.426,26,27,560,558,00000000 10101000 10000010 00001010,10101000 10100000 10001010 00000000,28.1,274.25,27.35,49.0,5495.0,1820.0
2022-06-23 17:42:42.912257,28.1,279.9,23.1,279.9,81,100,0.0,27.34,169.3,27.0,3.414,3.426,26,27,560,558,00000000 10101000 10000010 00001010,10101000 10100000 10001010 00000000,28.1,274.25,27.35,49.0,5304.0,1785.0
2022-06-23 17:42:43.915023,28.1,279.9,23.1,279.9,81,100,0.0,27.34,169.3,27.0,3.414,3.426,26,27,560,558,00000000 10101000 10000010 00001010,10101000 10100000 10001010 00000000,28.1,274.25,27.3,49.0,5202.0,1770.0
2022-06-23 17:42:44.917535,28.1,279.9,23.1,279.9,81,100,0.0,27.35,170.6,27.0,3.414,3.426,26,27,560,558,00000000 10101000 10000010 00001010,10101000 10100000 10001010 00000000,28.1,274.25,27.25,49.0,5187.0,1760.0
2022-06-23 17:42:45.920933,28.1,279.9,23.1,279.9,81,100,0.0,27.32,161.6,27.0,3.414,3.426,26,27,560,558,00000000 10101000 10000010 00001010,10101000 10100000 10001010 00000000,28.1,274.25,27.25,49.0,5099.0,1665.0
2022-06-23 17:42:46.925105,28.1,279.9,23.1,279.9,81,100,0.0,27.32,161.6,27.0,3.414,3.426,26,27,560,558,00000000 10101000 10000010 00001010,10101000 10100000 10001010 00000000,28.1,274.25,27.25,50.0,4850.0,1615.0
2022-06-23 17:42:47.929170,28.1,279.9,23.1,279.9,81,100,0.0,27.32,156.5,27.0,3.411,3.42,26,27,560,558,00000000 10101000 10000010 00001010,10101000 10100000 10001010 00000000,28.1,274.25,27.25,50.0,4674.0,1555.0
2022-06-23 17:42:48.932315,28.1,279.9,23.1,279.9,81,100,0.0,27.32,156.5,27.0,3.411,3.42,26,27,560,558,00000000 10101000 10000010 00001010,10101000 10100000 10001010 00000000,28.1,274.25,27.25,50.0,4498.0,1495.0
2022-06-23 17:42:49.934981,28.1,279.9,23.1,279.9,81,100,0.0,27.3,153.1,27.0,3.411,3.42,26,27,560,558,00000000 10101000 10000010 00001010,10101000 10100000 10001010 00000000,28.1,274.25,27.2,50.0,4352.0,1450.0
2022-06-23 17:42:50.938286,28.1,279.9,23.1,279.9,81,100,0.0,27.29,147.7,27.0,3.411,3.42,26,27,560,558,00000000 10101000 10000010 00001010,10101000 10100000 10001010 00000000,28.1,274.25,27.2,50.0,4220.0,1410.0
2022-06-23 17:42:51.941619,28.1,279.9,23.1,279.9,81,100,0.0,27.29,147.7,27.0,3.408,3.417,26,27,560,558,00000000 10101000 10000010 00001010,10101000 10100000 10001010 00000000,28.1,274.25,27.2,50.0,4088.0,1375.0
2022-06-23 17:42:52.945138,28.1,279.9,23.1,279.9,81,100,0.0,27.28,142.8,27.0,3.408,3.417,26,27,560,558,00000000 10101000 10000010 00001010,10101000 10100000 10001010 00000000,28.1,274.25,27.25,50.0,3971.0,1340.0
2022-06-23 17:42:53.948630,28.1,279.9,23.1,279.9,81,100,0.0,27.28,139.0,27.0,3.408,3.417,26,27,560,558,00000000 10101000 10000010 00001010,10101000 10100000 10001010 00000000,28.1,274.25,27.2,50.0,3897.0,1325.0
2022-06-23 17:42:54.951822,28.1,279.9,23.1,279.9,81,100,0.0,27.26,138.6,27.0,3.405,3.414,26,27,560,558,00000000 10101000 10000010 00001010,10101000 10100000 10001010 00000000,28.1,274.25,27.2,51.0,3853.0,1300.0
2022-06-23 17:42:55.954345,28.1,279.9,23.1,279.9,81,100,0.0,27.26,138.6,27.0,3.405,3.414,26,27,560,558,00000000 10101000 10000010 00001010,10101000 10100000 10001010 00000000,28.1,274.25,27.15,51.0,3795.0,1275.0
2022-06-23 17:42:56.956991,28.1,279.9,23.1,279.9,81,100,0.0,27.26,138.6,27.0,3.405,3.414,26,27,560,558,00000000 10101000 10000010 00001010,10101000 10100000 10001010 00000000,28.1,274.25,27.2,51.0,3722.0,1250.0
2022-06-23 17:42:57.959812,28.1,279.9,23.1,279.9,81,100,0.0,27.24,129.3,27.0,3.402,3.411,26,27,560,558,00000000 10101000 10000010 00001010,10101000 10100000 10001010 00000000,28.1,274.25,27.15,51.0,3648.0,1230.0
2022-06-23 17:42:58.963066,28.1,279.9,23.1,279.9,81,100,0.0,27.24,129.3,27.0,3.402,3.411,26,27,560,558,00000000 10101000 10000010 00001010,10101000 10100000 10001010 00000000,28.1,274.25,27.2,51.0,3590.0,1205.0
2022-06-23 17:42:59.965558,28.1,279.9,23.1,279.9,81,100,0.0,27.24,129.3,27.0,3.402,3.411,26,27,560,558,00000000 10101000 10000010 00001010,10101000 10100000 10001010 00000000,28.1,274.25,27.15,51.0,3458.0,1185.0
2022-06-23 17:43:00.968465,28.1,279.9,23.1,279.9,81,100,0.0,27.23,125.9,27.0,3.399,3.405,26,27,560,558,00000000 10101000 10000010 00001010,10101000 10100000 10001010 00000000,28.1,274.25,27.15,51.0,3385.0,1165.0
2022-06-23 17:43:01.971879,28.1,279.9,23.1,279.9,81,100,0.0,27.21,120.7,27.0,3.399,3.405,26,27,560,558,00000000 10101000 10000010 00001010,10101000 10100000 10001010 00000000,28.1,274.25,27.05,51.0,3267.0,1125.0
2022-06-23 17:43:02.975178,28.1,279.9,23.1,279.9,81,100,0.0,27.21,106.5,27.0,3.399,3.405,26,27,560,558,00000000 10101000 10000010 00001010,10101000 10100000 10001010 00000000,28.1,274.25,27.2,52.0,3341.0,1130.0
2022-06-23 17:43:03.978650,28.1,279.9,23.1,279.9,81,100,0.0,27.21,106.5,27.0,3.399,3.405,26,27,560,558,00000000 10101000 10000010 00001010,10101000 10100000 10001010 00000000,28.1,274.25,27.2,52.0,3472.0,1180.0
2022-06-23 17:43:04.981577,28.1,279.9,23.1,279.9,81,100,0.0,27.27,137.4,27.0,3.405,3.414,26,27,560,558,00000000 10101000 10000010 00001010,10101000 10100000 10001010 00000000,28.1,274.25,27.2,52.0,3516.0,1200.0
2022-06-23 17:43:05.984982,28.1,279.9,23.1,279.9,81,100,0.0,27.25,137.6,27.0,3.405,3.414,26,27,560,558,00000000 10101000 10000010 00001010,10101000 10100000 10001010 00000000,28.1,274.25,27.25,52.0,3766.0,1235.0
2022-06-23 17:43:06.988635,28.1,279.9,23.1,279.9,81,100,0.0,27.3,153.6,27.0,3.405,3.414,26,27,560,558,00000000 10101000 10000010 00001010,10101000 10100000 10001010 00000000,28.1,274.25,27.25,52.0,4015.0,1345.0
2022-06-23 17:43:07.993057,28.1,279.9,23.1,279.9,81,100,0.0,27.3,153.6,27.0,3.408,3.42,26,27,560,558,00000000 10101000 10000010 00001010,10101000 10100000 10001010 00000000,28.1,274.25,27.25,52.0,4132.0,1400.0
2022-06-23 17:43:08.996703,28.1,279.9,23.1,279.9,81,100,0.0,27.29,157.6,27.0,3.408,3.42,26,27,560,558,00000000 10101000 10000010 00001010,10101000 10100000 10001010 00000000,28.1,274.25,27.2,52.0,4117.0,1405.0
2022-06-23 17:43:10.003526,28.1,279.9,23.1,279.9,81,100,0.0,27.31,152.4,27.0,3.408,3.42,26,27,560,558,00000000 10101000 10000010 00001010,10101000 10100000 10001010 00000000,28.1,274.25,27.3,53.0,4278.0,1450.0
2022-06-23 17:43:11.006965,28.1,279.9,23.1,279.9,81,100,0.0,27.31,152.4,27.0,3.41,3.42,26,27,560,558,00000000 10101000 10000010 00001010,10101000 10100000 10001010 00000000,28.1,274.25,27.25,53.0,4396.0,1500.0
2022-06-23 17:43:12.010673,28.1,279.9,23.1,279.9,81,100,0.0,27.31,162.9,27.0,3.41,3.42,26,27,560,558,00000000 10101000 10000010 00001010,10101000 10100000 10001010 00000000,28.1,274.25,27.25,53.0,4396.0,1500.0
2022-06-23 17:43:13.014214,28.1,279.9,23.1,279.9,81,100,0.0,27.31,162.9,27.0,3.41,3.42,26,27,560,558,00000000 10101000 10000010 00001010,10101000 10100000 10001010 00000000,28.1,274.25,27.25,53.0,4440.0,1510.0
2022-06-23 17:43:14.017804,28.1,279.9,23.1,279.9,81,100,0.0,27.33,164.0,27.5,3.41,3.42,26,27,560,558,00000000 10101000 10000010 00001010,10101000 10100000 10001010 00000000,28.1,274.25,27.25,53.0,4586.0,1545.0
2022-06-23 17:43:15.025270,28.1,279.9,23.1,279.9,81,100,0.0,27.33,164.0,27.5,3.41,3.42,26,27,560,558,00000000 10101000 10000010 00001010,10101000 10100000 10001010 00000000,28.1,274.25,27.3,53.0,4879.0,1635.0
2022-06-23 17:43:16.028281,28.1,279.9,23.1,279.9,81,100,0.0,27.33,164.0,27.5,3.41,3.42,26,27,560,558,00000000 10101000 10000010 00001010,10101000 10100000 10001010 00000000,28.1,274.25,27.35,53.0,5334.0,1780.0
2022-06-23 17:43:17.031269,28.1,279.9,23.1,279.9,81,100,0.0,27.35,173.2,27.0,3.417,3.429,26,27,560,558,00000000 10101000 10000010 00001010,10101000 10100000 10001010 00000000,28.1,274.25,27.35,54.0,5949.0,1955.0
2022-06-23 17:43:18.034518,28.1,279.9,23.1,279.9,81,100,0.0,27.37,181.5,27.0,3.417,3.429,26,27,560,558,00000000 10101000 10000010 00001010,10101000 10100000 10001010 00000000,28.1,274.25,27.35,54.0,6579.0,2205.0
2022-06-23 17:43:19.038337,28.1,279.9,23.1,279.9,81,100,0.0,27.37,181.5,27.0,3.417,3.429,26,27,560,558,00000000 10101000 10000010 00001010,10101000 10100000 10001010 00000000,28.1,274.25,27.4,54.0,7268.0,2415.0
2022-06-23 17:43:20.041578,28.1,279.9,23.1,279.9,82,100,0.0,27.38,187.3,27.5,3.417,3.429,26,27,560,558,00000000 10101000 10000010 00001010,10101000 10100000 10001010 00000000,28.1,274.25,27.35,54.0,7502.0,2595.0
2022-06-23 17:43:21.043947,28.1,279.9,23.1,279.9,82,100,0.0,27.38,190.6,27.5,3.417,3.429,26,27,560,558,00000000 10101000 10000010 00001010,10101000 10100000 10001010 00000000,28.1,274.25,27.3,54.0,7019.0,2425.0
2022-06-23 17:43:22.046537,28.1,279.9,23.1,279.9,82,100,0.0,27.38,183.1,27.0,3.417,3.429,26,27,560,558,00000000 10101000 10000010 00001010,10101000 10100000 10001010 00000000,28.1,274.25,27.35,54.0,6858.0,2340.0
2022-06-23 17:43:23.049241,28.1,279.9,23.1,279.9,82,100,0.0,27.35,183.4,27.0,3.417,3.429,26,27,560,558,00000000 10101000 10000010 00001010,10101000 10100000 10001010 00000000,28.1,274.25,27.35,54.0,6550.0,2290.0
2022-06-23 17:43:24.052658,28.1,279.9,23.1,279.9,82,100,0.0,27.35,183.4,27.0,3.414,3.426,26,27,560,558,00000000 10101000 10000010 00001010,10101000 10100000 10001010 00000000,28.1,274.25,27.3,55.0,6125.0,2115.0
2022-06-23 17:43:25.056033,28.1,279.9,23.1,279.9,82,100,0.0,27.37,175.9,27.5,3.414,3.426,26,27,560,558,00000000 10101000 10000010 00001010,10101000 10100000 10001010 00000000,28.1,274.25,27.35,55.0,5978.0,2050.0
2022-06-23 17:43:26.058483,28.1,279.9,23.1,279.9,82,100,0.0,27.37,175.9,27.5,3.414,3.426,26,27,560,558,00000000 10101000 10000010 00001010,10101000 10100000 10001010 00000000,28.1,274.25,27.35,55.0,5876.0,2025.0
2022-06-23 17:43:27.061850,28.1,279.9,23.1,279.9,82,100,0.0,27.37,178.0,27.0,3.414,3.429,26,27,560,558,00000000 10101000 10000010 00001010,10101000 10100000 10001010 00000000,28.1,274.25,27.35,55.0,5568.0,1920.0
2022-06-23 17:43:28.064864,28.1,279.9,23.1,279.9,82,100,0.0,27.35,170.7,27.5,3.414,3.429,26,27,560,558,00000000 10101000 10000010 00001010,10101000 10100000 10001010 00000000,28.1,274.25,27.3,55.0,5421.0,1860.0
2022-06-23 17:43:29.068233,28.1,279.9,23.1,279.9,82,100,0.0,27.35,170.7,27.5,3.414,3.429,26,27,560,558,00000000 10101000 10000010 00001010,10101000 10100000 10001010 00000000,28.1,274.25,27.3,55.0,5319.0,1825.0
2022-06-23 17:43:30.071960,28.1,279.9,23.1,279.9,82,100,0.0,27.35,170.9,27.5,3.414,3.426,26,27,560,558,00000000 10101000 10000010 00001010,10101000 10100000 10001010 00000000,28.1,274.25,27.35,55.0,5319.0,1815.0
2022-06-23 17:43:31.074278,28.1,279.9,23.1,279.9,82,100,0.0,27.35,171.4,27.5,3.414,3.426,26,27,560,558,00000000 10101000 10000010 00001010,10101000 10100000 10001010 00000000,28.1,274.25,27.35,56.0,5290.0,1805.0
2022-06-23 17:43:32.077423,28.1,279.9,23.1,279.9,82,100,0.0,27.35,171.4,27.5,3.414,3.426,26,27,560,558,00000000 10101000 10000010 00001010,10101000 10100000 10001010 00000000,28.1,274.25,27.3,56.0,5290.0,1805.0
2022-06-23 17:43:33.080748,28.1,279.9,23.1,279.9,82,100,0.0,27.35,171.8,27.5,3.414,3.426,26,27,560,558,00000000 10101000 10000010 00001010,10101000 10100000 10001010 00000000,28.1,274.25,27.25,56.0,5114.0,1790.0
2022-06-23 17:43:34.083477,28.1,279.9,23.1,279.9,82,100,0.0,27.31,164.6,27.5,3.411,3.42,26,27,560,558,00000000 10101000 10000010 00001010,10101000 10100000 10001010 00000000,28.1,274.25,27.25,56.0,4806.0,1670.0
2022-06-23 17:43:35.086221,28.1,279.9,23.1,279.9,82,100,0.0,27.31,154.4,27.5,3.411,3.42,26,27,560,558,00000000 10101000 10000010 00001010,10101000 10100000 10001010 00000000,28.1,274.25,27.25,56.0,4645.0,1595.0
2022-06-23 17:43:36.088705,28.1,279.9,23.1,279.9,82,100,0.0,27.31,154.4,27.5,3.411,3.42,26,27,560,558,00000000 10101000 10000010 00001010,10101000 10100000 10001010 00000000,28.1,274.25,27.3,56.0,4557.0,1560.0
2022-06-23 17:43:37.092008,28.1,279.9,23.1,279.9,82,100,0.0,27.32,155.5,27.5,3.411,3.42,26,27,560,558,00000000 10101000 10000010 00001010,10101000 10100000 10001010 00000000,28.1,274.25,27.25,56.0,4469.0,1530.0
2022-06-23 17:43:38.095458,28.1,279.9,23.1,279.9,82,100,0.0,27.32,156.7,27.5,3.411,3.42,26,27,560,558,00000000 10101000 10000010 00001010,10101000 10100000 10001010 00000000,28.1,274.25,27.3,57.0,4469.0,1525.0
2022-06-23 17:43:39.098901,28.1,279.9,23.1,279.9,82,100,0.0,27.32,156.7,27.5,3.411,3.42,26,27,560,558,00000000 10101000 10000010 00001010,10101000 10100000 10001010 00000000,28.1,274.25,27.3,57.0,4528.0,1525.0
2022-06-23 17:43:40.101899,28.1,279.9,23.1,279.9,82,100,0.0,27.34,160.5,27.5,3.414,3.423,26,27,560,558,00000000 10101000 10000010 00001010,10101000 10100000 10001010 00000000,28.1,274.25,27.35,57.0,5465.0,1800.0
2022-06-23 17:43:41.109116,28.1,279.9,23.1,279.9,82,100,0.0,27.34,160.5,27.5,3.414,3.423,26,27,560,558,00000000 10101000 10000010 00001010,10101000 10100000 10001010 00000000,28.1,274.25,27.35,57.0,6110.0,2025.0
2022-06-23 17:43:42.112403,28.1,279.9,23.1,279.9,82,100,0.0,27.37,183.5,27.5,3.414,3.423,26,27,560,558,00000000 10101000 10000010 00001010,10101000 10100000 10001010 00000000,28.1,274.25,27.35,57.0,6506.0,2200.0
2022-06-23 17:43:43.115669,28.1,279.9,23.1,279.9,82,100,0.0,27.38,185.4,27.5,3.414,3.423,26,27,560,558,00000000 10101000 10000010 00001010,10101000 10100000 10001010 00000000,28.1,274.25,27.35,57.0,6755.0,2295.0
2022-06-23 17:43:44.119114,28.1,279.9,23.1,279.9,82,100,0.0,27.38,185.4,27.5,3.417,3.429,26,27,560,558,00000000 10101000 10000010 00001010,10101000 10100000 10001010 00000000,28.1,274.25,27.3,57.0,6520.0,2245.0
2022-06-23 17:43:45.122557,28.1,279.9,23.1,279.9,82,100,0.0,27.37,184.4,27.5,3.417,3.429,26,27,560,558,00000000 10101000 10000010 00001010,10101000 10100000 10001010 00000000,28.1,274.25,27.4,58.0,6330.0,2175.0
2022-06-23 17:43:46.125925,28.1,279.9,23.1,279.9,82,100,0.0,27.37,180.5,27.5,3.417,3.429,26,27,560,558,00000000 10101000 10000010 00001010,10101000 10100000 10001010 00000000,28.1,274.25,27.3,58.0,6125.0,2120.0
2022-06-23 17:43:47.128653,28.1,279.9,23.1,279.9,82,100,0.0,27.34,174.3,27.5,3.414,3.423,26,27,560,558,00000000 10101000 10000010 00001010,10101000 10100000 10001010 00000000,28.1,274.25,27.3,58.0,5700.0,1980.0
2022-06-23 17:43:48.131186,28.1,279.9,23.1,279.9,82,100,0.0,27.35,169.3,27.5,3.414,3.423,26,27,560,558,00000000 10101000 10000010 00001010,10101000 10100000 10001010 00000000,28.1,274.25,27.3,58.0,5465.0,1885.0
2022-06-23 17:43:49.133943,28.1,279.9,23.1,279.9,82,100,0.0,27.35,169.3,27.5,3.414,3.423,26,27,560,558,00000000 10101000 10000010 00001010,10101000 10100000 10001010 00000000,28.1,274.25,27.35,58.0,5348.0,1835.0
2022-06-23 17:43:50.137223,28.1,279.9,23.1,279.9,82,100,0.0,27.34,170.1,27.5,3.414,3.423,26,27,560,558,00000000 10101000 10000010 00001010,10101000 10100000 10001010 00000000,28.1,274.25,27.35,58.0,5275.0,1800.0
2022-06-23 17:43:51.140369,28.1,279.9,23.1,279.9,82,100,0.0,27.34,170.1,27.5,3.414,3.423,26,27,560,558,00000000 10101000 10000010 00001010,10101000 10100000 10001010 00000000,28.1,274.25,27.3,58.0,5143.0,1765.0
2022-06-23 17:43:52.142927,28.1,279.9,23.1,279.9,82,100,0.0,27.33,168.0,27.5,3.414,3.423,26,27,560,558,00000000 10101000 10000010 00001010,10101000 10100000 10001010 00000000,28.1,274.25,27.3,59.0,5011.0,1720.0
2022-06-23 17:43:53.146216,28.1,279.9,23.1,279.9,82,100,0.0,27.34,164.7,27.5,3.414,3.423,26,27,560,558,00000000 10101000 10000010 00001010,10101000 10100000 10001010 00000000,28.1,274.25,27.3,59.0,4923.0,1690.0
2022-06-23 17:43:54.149470,28.1,279.9,23.1,279.9,82,100,0.0,27.34,164.7,27.5,3.413,3.423,26,27,560,558,00000000 10101000 10000010 00001010,10101000 10100000 10001010 00000000,28.1,274.25,27.3,59.0,5099.0,1690.0
2022-06-23 17:43:55.152890,28.1,279.9,23.1,279.9,82,100,0.0,27.37,167.5,27.5,3.413,3.423,26,27,560,558,00000000 10101000 10000010 00001010,10101000 10100000 10001010 00000000,28.1,274.25,27.4,59.0,5846.0,1955.0
2022-06-23 17:43:56.156072,28.1,279.9,23.1,279.9,82,100,0.0,27.38,184.0,27.5,3.413,3.423,26,27,560,558,00000000 10101000 10000010 00001010,10101000 10100000 10001010 00000000,28.1,274.25,27.4,59.0,6242.0,2110.0
2022-06-23 17:43:57.158482,28.1,279.9,23.1,279.9,82,100,0.0,27.38,184.4,27.5,3.417,3.429,26,27,560,558,00000000 10101000 10000010 00001010,10101000 10100000 10001010 00000000,28.1,274.25,27.35,59.0,6491.0,2195.0
2022-06-23 17:43:58.161840,28.1,279.9,23.1,279.9,82,100,0.0,27.38,184.4,27.5,3.417,3.429,26,27,560,558,00000000 10101000 10000010 00001010,10101000 10100000 10001010 00000000,28.1,274.25,27.35,59.0,6682.0,2270.0
2022-06-23 17:43:59.164955,28.1,279.9,23.1,279.9,82,100,0.0,27.38,184.4,27.5,3.417,3.429,26,27,560,558,00000000 10101000 10000010 00001010,10101000 10100000 10001010 00000000,28.1,274.25,27.3,60.0,6257.0,2175.0
2022-06-23 17:44:00.167744,28.1,279.9,23.1,279.9,82,100,0.0,27.36,175.3,27.5,3.416,3.426,26,27,560,558,00000000 10101000 10000010 00001010,10101000 10100000 10001010 00000000,28.1,274.25,27.3,60.0,6022.0,2075.0
2022-06-23 17:44:01.170518,28.1,279.9,23.1,279.9,82,100,0.0,27.36,175.3,27.5,3.416,3.426,26,27,560,558,00000000 10101000 10000010 00001010,10101000 10100000 10001010 00000000,28.1,274.25,27.3,60.0,5890.0,2020.0
2022-06-23 17:44:02.172849,28.1,279.9,23.1,279.9,82,100,0.0,27.36,175.3,27.5,3.416,3.426,26,27,560,558,00000000 10101000 10000010 00001010,10101000 10100000 10001010 00000000,28.1,274.25,27.35,60.0,5861.0,2000.0
2022-06-23 17:44:03.176093,28.1,279.9,23.1,279.9,82,100,0.0,27.36,176.5,27.5,3.417,3.429,26,27,560,558,00000000 10101000 10000010 00001010,10101000 10100000 10001010 00000000,28.1,274.25,27.35,60.0,5876.0,2000.0
2022-06-23 17:44:04.179341,28.1,279.9,23.1,279.9,82,100,0.0,27.37,177.9,27.5,3.417,3.429,26,27,560,558,00000000 10101000 10000010 00001010,10101000 10100000 10001010 00000000,28.1,274.25,27.35,60.0,5949.0,2020.0
2022-06-23 17:44:05.182603,28.1,279.9,23.1,279.9,82,100,0.0,27.37,179.2,27.5,3.417,3.429,26,27,560,558,00000000 10101000 10000010 00001010,10101000 10100000 10001010 00000000,28.1,274.25,27.35,60.0,6022.0,2045.0
2022-06-23 17:44:06.186344,28.1,279.9,23.1,279.9,82,100,0.0,27.37,179.2,27.5,3.417,3.429,26,27,560,558,00000000 10101000 10000010 00001010,10101000 10100000 10001010 00000000,28.1,274.25,27.35,61.0,6110.0,2080.0
2022-06-23 17:44:07.189144,28.1,279.9,23.1,279.9,82,100,0.0,27.37,180.3,27.5,3.417,3.429,26,27,560,558,00000000 10101000 10000010 00001010,10101000 10100000 10001010 00000000,28.1,274.25,27.35,61.0,6213.0,2110.0
2022-06-23 17:44:08.192448,28.1,279.9,23.1,279.9,82,100,0.0,27.37,181.4,27.5,3.417,3.429,26,27,560,558,00000000 10101000 10000010 00001010,10101000 10100000 10001010 00000000,28.1,274.25,27.3,61.0,6286.0,2135.0
2022-06-23 17:44:09.195801,28.1,279.9,23.1,279.9,82,100,0.0,27.37,182.1,27.5,3.417,3.429,26,27,560,558,00000000 10101000 10000010 00001010,10101000 10100000 10001010 00000000,28.1,274.25,27.35,61.0,6359.0,2165.0
2022-06-23 17:44:10.199014,28.1,279.9,23.1,279.9,82,100,0.0,27.37,182.1,27.5,3.417,3.429,26,27,560,558,00000000 10101000 10000010 00001010,10101000 10100000 10001010 00000000,28.1,274.25,27.4,61.0,6433.0,2190.0
2022-06-23 17:44:11.202390,28.1,279.9,23.1,279.9,82,100,0.0,27.38,182.6,27.5,3.417,3.429,26,27,560,558,00000000 10101000 10000010 00001010,10101000 10100000 10001010 00000000,28.1,274.25,27.3,61.0,6433.0,2200.0
2022-06-23 17:44:12.205243,28.1,279.9,23.1,279.9,82,100,0.0,27.38,182.6,27.5,3.417,3.429,26,27,560,558,00000000 10101000 10000010 00001010,10101000 10100000 10001010 00000000,28.1,274.25,27.35,61.0,6242.0,2140.0
2022-06-23 17:44:13.207771,28.1,279.9,23.1,279.9,82,100,0.0,27.37,180.4,27.5,3.417,3.429,26,27,560,558,00000000 10101000 10000010 00001010,10101000 10100000 10001010 00000000,28.1,274.25,27.35,62.0,6125.0,2100.0
2022-06-23 17:44:14.210769,28.1,279.9,23.1,279.9,82,100,0.0,27.37,179.0,27.5,3.417,3.429,26,27,560,558,00000000 10101000 10000010 00001010,10101000 10100000 10001010 00000000,28.1,274.25,27.35,62.0,6066.0,2070.0
2022-06-23 17:44:15.214388,28.1,279.9,23.1,279.9,82,100,0.0,27.37,179.0,27.5,3.417,3.429,26,27,560,558,00000000 10101000 10000010 00001010,10101000 10100000 10001010 00000000,28.1,274.25,27.3,62.0,6052.0,2065.0
2022-06-23 17:44:16.217413,28.1,279.9,23.1,279.9,82,100,0.0,27.37,179.0,27.5,3.417,3.429,26,27,560,558,00000000 10101000 10000010 00001010,10101000 10100000 10001010 00000000,28.1,274.25,27.35,62.0,6052.0,2065.0
2022-06-23 17:44:17.220362,28.1,279.9,23.1,279.9,82,100,0.0,27.37,178.9,27.5,3.417,3.429,26,27,560,558,00000000 10101000 10000010 00001010,10101000 10100000 10001010 00000000,28.1,274.25,27.35,62.0,6052.0,2065.0
2022-06-23 17:44:18.223210,28.1,279.9,23.1,279.9,82,100,0.0,27.37,178.9,27.5,3.417,3.429,26,27,560,558,00000000 10101000 10000010 00001010,10101000 10100000 10001010 00000000,28.1,274.25,27.35,62.0,6052.0,2065.0
2022-06-23 17:44:19.226592,28.1,279.9,23.1,279.9,82,100,0.0,27.37,178.9,27.5,3.417,3.429,26,27,560,558,00000000 10101000 10000010 00001010,10101000 10100000 10001010 00000000,28.1,274.25,27.35,62.0,6052.0,2065.0
2022-06-23 17:44:20.229900,28.1,279.9,23.1,279.9,82,100,0.0,27.37,179.0,27.5,3.417,3.429,26,27,560,558,00000000 10101000 10000010 00001010,10101000 10100000 10001010 00000000,28.1,274.25,27.35,63.0,6052.0,2065.0
2022-06-23 17:44:21.233280,28.1,279.9,23.1,279.9,82,100,0.0,27.37,179.0,27.5,3.417,3.429,26,27,560,558,00000000 10101000 10000010 00001010,10101000 10100000 10001010 00000000,28.1,274.25,27.35,63.0,6052.0,2065.0
2022-06-23 17:44:22.236387,28.1,279.9,23.1,279.9,82,100,0.0,27.37,178.9,27.5,3.417,3.429,26,27,560,558,00000000 10101000 10000010 00001010,10101000 10100000 10001010 00000000,28.1,274.25,27.35,63.0,6052.0,2065.0
2022-06-23 17:44:23.238959,28.1,279.9,23.1,279.9,82,100,0.0,27.37,178.9,27.5,3.417,3.429,26,27,560,558,00000000 10101000 10000010 00001010,10101000 10100000 10001010 00000000,28.1,274.25,27.35,63.0,6052.0,2065.0
2022-06-23 17:44:24.242256,28.1,279.9,23.1,279.9,82,100,0.0,27.37,178.9,27.5,3.417,3.429,26,27,560,558,00000000 10101000 10000010 00001010,10101000 10100000 10001010 00000000,28.1,274.25,27.35,63.0,6052.0,2065.0
2022-06-23 17:44:25.244886,28.1,279.9,23.1,279.9,82,100,0.0,27.37,178.9,27.5,3.417,3.429,26,27,560,558,00000000 10101000 10000010 00001010,10101000 10100000 10001010 00000000,28.1,274.25,27.35,63.0,6052.0,2065.0
2022-06-23 17:44:26.247902,28.1,279.9,23.1,279.9,82,100,0.0,27.37,178.9,27.5,3.417,3.429,26,27,560,558,00000000 10101000 10000010 00001010,10101000 10100000 10001010 00000000,28.1,274.25,27.35,63.0,6052.0,2065.0
2022-06-23 17:44:27.250454,28.1,279.9,23.1,279.9,82,100,0.0,27.37,178.9,27.5,3.417,3.429,26,27,560,558,00000000 10101000 10000010 00001010,10101000 10100000 10001010 00000000,28.1,274.25,27.3,64.0,6022.0,2055.0
2022-06-23 17:44:28.253102,28.1,279.9,23.1,279.9,82,100,0.0,27.37,178.8,27.5,3.417,3.429,26,27,560,558,00000000 10101000 10000010 00001010,10101000 10100000 10001010 00000000,28.1,274.25,27.3,64.0,5934.0,2010.0
2022-06-23 17:44:29.256679,28.1,279.9,23.1,279.9,82,100,0.0,27.36,177.5,27.5,3.417,3.429,26,27,560,558,00000000 10101000 10000010 00001010,10101000 10100000 10001010 00000000,28.1,274.25,27.35,64.0,5788.0,1955.0
2022-06-23 17:44:30.260226,28.1,279.9,23.1,279.9,82,100,0.0,27.35,173.9,27.5,3.414,3.426,26,27,560,558,00000000 10101000 10000010 00001010,10101000 10100000 10001010 00000000,28.1,274.25,27.3,64.0,5627.0,1910.0
2022-06-23 17:44:31.263542,28.1,279.9,23.1,279.9,82,100,0.0,27.35,173.9,27.5,3.414,3.426,26,27,560,558,00000000 10101000 10000010 00001010,10101000 10100000 10001010 00000000,28.1,274.25,27.3,64.0,5524.0,1885.0
2022-06-23 17:44:32.267149,28.1,279.9,23.1,279.9,82,100,0.0,27.35,172.2,27.5,3.414,3.426,26,27,560,558,00000000 10101000 10000010 00001010,10101000 10100000 10001010 00000000,28.1,274.25,27.3,64.0,5480.0,1865.0
2022-06-23 17:44:33.269552,28.1,279.9,23.1,279.9,82,100,0.0,27.35,172.9,27.5,3.414,3.426,26,27,560,558,00000000 10101000 10000010 00001010,10101000 10100000 10001010 00000000,28.1,274.25,27.35,64.0,5436.0,1855.0
2022-06-23 17:44:34.273067,28.1,279.9,23.1,279.9,82,100,0.0,27.35,172.9,27.5,3.414,3.426,26,27,560,558,00000000 10101000 10000010 00001010,10101000 10100000 10001010 00000000,28.1,274.25,27.3,64.0,5495.0,1900.0
2022-06-23 17:44:35.276001,28.1,279.9,23.1,279.9,82,100,0.0,27.37,173.7,27.5,3.414,3.426,26,27,560,558,00000000 10101000 10000010 00001010,10101000 10100000 10001010 00000000,28.1,274.25,27.35,65.0,5656.0,1940.0
2022-06-23 17:44:36.279263,28.1,279.9,23.1,279.9,82,100,0.0,27.36,177.5,27.5,3.414,3.426,26,27,560,558,00000000 10101000 10000010 00001010,10101000 10100000 10001010 00000000,28.1,274.25,27.3,65.0,5758.0,1975.0
2022-06-23 17:44:37.283192,28.1,279.9,23.1,279.9,82,100,0.0,27.36,177.8,27.5,3.414,3.426,26,27,560,558,00000000 10101000 10000010 00001010,10101000 10100000 10001010 00000000,28.1,274.25,27.35,65.0,5846.0,2000.0
2022-06-23 17:44:38.285837,28.1,279.9,23.1,279.9,82,100,0.0,27.36,177.8,27.5,3.414,3.426,26,27,560,558,00000000 10101000 10000010 00001010,10101000 10100000 10001010 00000000,28.1,274.25,27.35,65.0,5876.0,2005.0
2022-06-23 17:44:39.288351,28.1,279.9,23.1,279.9,82,100,0.0,27.36,178.0,27.5,3.414,3.426,26,27,560,558,00000000 10101000 10000010 00001010,10101000 10100000 10001010 00000000,28.1,274.25,27.3,65.0,5773.0,1960.0
2022-06-23 17:44:40.291378,28.1,279.9,23.1,279.9,82,100,0.0,27.36,178.0,27.5,3.414,3.426,26,27,560,558,00000000 10101000 10000010 00001010,10101000 10100000 10001010 00000000,28.1,274.25,27.35,65.0,5758.0,1980.0
2022-06-23 17:44:41.295001,28.1,279.9,23.1,279.9,82,100,0.0,27.37,174.5,27.5,3.414,3.426,26,27,560,558,00000000 10101000 10000010 00001010,10101000 10100000 10001010 00000000,28.1,274.25,27.4,65.0,5890.0,2010.0
2022-06-23 17:44:42.298462,28.1,279.9,23.1,279.9,82,100,0.0,27.37,178.7,27.5,3.417,3.429,26,27,560,558,00000000 10101000 10000010 00001010,10101000 10100000 10001010 00000000,28.1,274.25,27.35,66.0,5890.0,2010.0
2022-06-23 17:44:43.301433,28.1,279.9,23.1,279.9,82,100,0.0,27.37,178.7,27.5,3.417,3.429,26,27,560,558,00000000 10101000 10000010 00001010,10101000 10100000 10001010 00000000,28.1,274.25,27.3,66.0,5876.0,1985.0
2022-06-23 17:44:44.304728,28.1,279.9,23.1,279.9,82,100,0.0,27.37,178.2,27.5,3.417,3.429,26,27,560,558,00000000 10101000 10000010 00001010,10101000 10100000 10001010 00000000,28.1,274.25,27.3,66.0,5744.0,1950.0
2022-06-23 17:44:45.308055,28.1,279.9,23.1,279.9,82,100,0.0,27.35,173.7,27.5,3.417,3.429,26,27,560,558,00000000 10101000 10000010 00001010,10101000 10100000 10001010 00000000,28.1,274.25,27.3,66.0,5641.0,1915.0
2022-06-23 17:44:46.311645,28.1,279.9,23.1,279.9,82,100,0.0,27.35,173.7,27.5,3.414,3.426,26,27,560,558,00000000 10101000 10000010 00001010,10101000 10100000 10001010 00000000,28.1,274.25,27.35,66.0,5553.0,1895.0
2022-06-23 17:44:47.315016,28.1,279.9,23.1,279.9,82,100,0.0,27.35,173.4,27.5,3.414,3.426,26,27,560,558,00000000 10101000 10000010 00001010,10101000 10100000 10001010 00000000,28.1,274.25,27.35,66.0,5539.0,1885.0
2022-06-23 17:44:48.318154,28.1,279.9,23.1,279.9,82,100,0.0,27.35,173.2,27.5,3.414,3.426,26,27,560,558,00000000 10101000 10000010 00001010,10101000 10100000 10001010 00000000,28.1,274.25,27.3,66.0,5509.0,1880.0
2022-06-23 17:44:49.320762,28.1,279.9,23.1,279.9,82,100,0.0,27.35,173.0,27.5,3.414,3.426,26,27,560,558,00000000 10101000 10000010 00001010,10101000 10100000 10001010 00000000,28.1,274.25,27.35,66.0,5495.0,1875.0
2022-06-23 17:44:50.324585,28.1,279.9,23.1,279.9,82,100,0.0,27.35,173.0,27.5,3.414,3.426,26,27,560,558,00000000 10101000 10000010 00001010,10101000 10100000 10001010 00000000,28.1,274.25,27.35,66.0,5495.0,1875.0
2022-06-23 17:44:51.326911,28.1,279.9,23.1,279.9,82,100,0.0,27.35,173.0,27.5,3.414,3.426,26,27,560,558,00000000 10101000 10000010 00001010,10101000 10100000 10001010 00000000,28.1,274.25,27.35,67.0,5495.0,1875.0
2022-06-23 17:44:52.329474,28.1,279.9,23.1,279.9,82,100,0.0,27.35,173.0,27.5,3.414,3.426,26,27,560,558,00000000 10101000 10000010 00001010,10101000 10100000 10001010 00000000,28.1,274.25,27.35,67.0,5480.0,1870.0
2022-06-23 17:44:53.331949,28.1,279.9,23.1,279.9,82,100,0.0,27.35,173.4,27.5,3.414,3.426,26,27,560,558,00000000 10101000 10000010 00001010,10101000 10100000 10001010 00000000,28.1,274.25,27.3,67.0,5480.0,1870.0
2022-06-23 17:44:54.334841,28.1,279.9,23.1,279.9,82,100,0.0,27.35,173.4,27.5,3.414,3.426,26,27,560,558,00000000 10101000 10000010 00001010,10101000 10100000 10001010 00000000,28.1,274.25,27.3,67.0,5480.0,1870.0
2022-06-23 17:44:55.338127,28.1,279.9,23.1,279.9,82,100,0.0,27.35,173.4,27.5,3.414,3.426,26,27,560,558,00000000 10101000 10000010 00001010,10101000 10100000 10001010 00000000,28.1,274.25,27.3,67.0,5509.0,1885.0
2022-06-23 17:44:56.341313,28.1,279.9,23.1,279.9,82,100,0.0,27.35,174.0,27.5,3.414,3.426,26,27,560,558,00000000 10101000 10000010 00001010,10101000 10100000 10001010 00000000,28.1,274.25,27.3,67.0,5568.0,1905.0
2022-06-23 17:44:57.344793,28.1,279.9,23.1,279.9,82,100,0.0,27.35,174.9,27.5,3.414,3.426,26,27,560,558,00000000 10101000 10000010 00001010,10101000 10100000 10001010 00000000,28.1,274.25,27.35,67.0,5627.0,1920.0
2022-06-23 17:44:58.348098,28.1,279.9,23.1,279.9,82,100,0.0,27.35,175.6,27.5,3.414,3.426,26,27,560,558,00000000 10101000 10000010 00001010,10101000 10100000 10001010 00000000,28.1,274.25,27.3,67.0,5671.0,1940.0
2022-06-23 17:44:59.350497,28.1,279.9,23.1,279.9,82,100,0.0,27.35,175.6,27.5,3.414,3.426,26,27,560,558,00000000 10101000 10000010 00001010,10101000 10100000 10001010 00000000,28.1,274.25,27.35,67.0,5729.0,1965.0
2022-06-23 17:45:00.353822,28.1,279.9,23.1,279.9,82,100,0.0,27.36,176.5,27.5,3.414,3.426,26,27,560,558,00000000 10101000 10000010 00001010,10101000 10100000 10001010 00000000,28.1,274.25,27.35,68.0,5788.0,1980.0
2022-06-23 17:45:01.357214,28.1,279.9,23.1,279.9,82,100,0.0,27.36,177.3,27.5,3.414,3.426,26,27,560,558,00000000 10101000 10000010 00001010,10101000 10100000 10001010 00000000,28.1,274.25,27.3,68.0,5846.0,2000.0
2022-06-23 17:45:02.360547,28.1,279.9,23.1,279.9,82,100,0.0,27.36,177.3,27.5,3.417,3.426,26,27,560,558,00000000 10101000 10000010 00001010,10101000 10100000 10001010 00000000,28.1,274.25,27.3,68.0,5890.0,2010.0
2022-06-23 17:45:03.363902,28.1,279.9,23.1,279.9,82,100,0.0,27.36,177.9,27.5,3.417,3.426,26,27,560,558,00000000 10101000 10000010 00001010,10101000 10100000 10001010 00000000,28.1,274.25,27.3,68.0,5920.0,2025.0
2022-06-23 17:45:04.366170,28.1,279.9,23.1,279.9,82,100,0.0,27.37,178.2,27.5,3.417,3.426,26,27,560,558,00000000 10101000 10000010 00001010,10101000 10100000 10001010 00000000,28.1,274.25,27.35,68.0,5934.0,2025.0
2022-06-23 17:45:05.369130,28.1,279.9,23.1,279.9,82,100,0.0,27.37,178.3,27.5,3.417,3.426,26,27,560,558,00000000 10101000 10000010 00001010,10101000 10100000 10001010 00000000,28.1,274.25,27.35,68.0,5934.0,2025.0
2022-06-23 17:45:06.372563,28.1,279.9,23.1,279.9,82,100,0.0,27.37,178.3,27.5,3.417,3.426,26,27,560,558,00000000 10101000 10000010 00001010,10101000 10100000 10001010 00000000,28.1,274.25,27.4,68.0,5934.0,2030.0
2022-06-23 17:45:07.375499,28.1,279.9,23.1,279.9,82,100,0.0,27.37,178.3,27.5,3.417,3.426,26,27,560,558,00000000 10101000 10000010 00001010,10101000 10100000 10001010 00000000,28.1,274.25,27.35,68.0,5949.0,2030.0
2022-06-23 17:45:08.378901,28.1,279.9,23.1,279.9,82,100,0.0,27.37,178.3,27.5,3.416,3.426,26,27,560,558,00000000 10101000 10000010 00001010,10101000 10100000 10001010 00000000,28.1,274.25,27.4,68.0,5949.0,2030.0
2022-06-23 17:45:09.381537,28.1,279.9,23.1,279.9,82,100,0.0,27.36,178.3,27.5,3.416,3.426,26,27,560,558,00000000 10101000 10000010 00001010,10101000 10100000 10001010 00000000,28.1,274.25,27.35,69.0,5949.0,2030.0
2022-06-23 17:45:10.384842,28.1,279.9,23.1,279.9,82,100,0.0,27.36,178.4,27.5,3.416,3.426,26,27,560,558,00000000 10101000 10000010 00001010,10101000 10100000 10001010 00000000,28.1,274.25,27.35,69.0,5949.0,2030.0
2022-06-23 17:45:11.388079,28.1,279.9,23.1,279.9,82,100,0.0,27.36,178.4,27.5,3.416,3.426,26,27,560,558,00000000 10101000 10000010 00001010,10101000 10100000 10001010 00000000,28.1,274.25,27.35,69.0,5949.0,2030.0
2022-06-23 17:45:12.391324,28.1,279.9,23.1,279.9,82,100,0.0,27.37,178.4,27.5,3.417,3.426,26,27,560,558,00000000 10101000 10000010 00001010,10101000 10100000 10001010 00000000,28.1,274.25,27.3,69.0,5949.0,2030.0
2022-06-23 17:45:13.395043,28.1,279.9,23.1,279.9,82,100,0.0,27.37,178.3,27.5,3.417,3.426,26,27,560,558,00000000 10101000 10000010 00001010,10101000 10100000 10001010 00000000,28.1,274.25,27.35,69.0,5949.0,2030.0
2022-06-23 17:45:14.398122,28.1,279.9,23.1,279.9,83,100,0.0,27.37,178.3,27.5,3.417,3.426,26,27,560,558,00000000 10101000 10000010 00001010,10101000 10100000 10001010 00000000,28.1,274.25,27.3,69.0,5949.0,2030.0
2022-06-23 17:45:15.401211,28.1,279.9,23.1,279.9,83,100,0.0,27.37,178.3,27.5,3.417,3.429,26,27,560,558,00000000 10101000 10000010 00001010,10101000 10100000 10001010 00000000,28.1,274.25,27.35,69.0,5949.0,2030.0
2022-06-23 17:45:16.403830,28.1,279.9,23.1,279.9,83,100,0.0,27.37,178.3,27.5,3.417,3.429,26,27,560,558,00000000 10101000 10000010 00001010,10101000 10100000 10001010 00000000,28.1,274.25,27.35,69.0,5949.0,2030.0
2022-06-23 17:45:17.406607,28.1,279.9,23.1,279.9,83,100,0.0,27.36,178.2,27.5,3.417,3.429,26,27,560,558,00000000 10101000 10000010 00001010,10101000 10100000 10001010 00000000,28.1,274.25,27.3,69.0,5949.0,2030.0
2022-06-23 17:45:18.409325,28.1,279.9,23.1,279.9,83,100,0.0,27.36,178.2,27.5,3.416,3.426,26,27,560,558,00000000 10101000 10000010 00001010,10101000 10100000 10001010 00000000,28.1,274.25,27.3,69.0,5949.0,2030.0
2022-06-23 17:45:19.412377,28.1,279.9,23.1,279.9,83,100,0.0,27.36,178.2,27.5,3.416,3.426,26,27,560,558,00000000 10101000 10000010 00001010,10101000 10100000 10001010 00000000,28.1,274.25,27.35,70.0,5949.0,2030.0
2022-06-23 17:45:20.415218,28.1,279.9,23.1,279.9,83,100,0.0,27.36,178.2,27.5,3.416,3.426,26,27,560,558,00000000 10101000 10000010 00001010,10101000 10100000 10001010 00000000,28.1,274.25,27.35,70.0,5949.0,2030.0
2022-06-23 17:45:21.418469,28.1,279.9,23.1,279.9,83,100,0.0,27.36,178.1,27.5,3.416,3.426,26,27,560,558,00000000 10101000 10000010 00001010,10101000 10100000 10001010 00000000,28.1,274.25,27.35,70.0,5949.0,2030.0
2022-06-23 17:45:22.422016,28.1,279.9,23.1,279.9,83,100,0.0,27.36,178.1,27.5,3.416,3.426,26,27,560,558,00000000 10101000 10000010 00001010,10101000 10100000 10001010 00000000,28.1,274.25,27.35,70.0,5949.0,2030.0
2022-06-23 17:45:23.425346,28.1,279.9,23.1,279.9,83,100,0.0,27.36,178.1,27.5,3.416,3.426,26,27,560,558,00000000 10101000 10000010 00001010,10101000 10100000 10001010 00000000,28.1,274.25,27.3,70.0,5949.0,2030.0
2022-06-23 17:45:24.428603,28.1,279.9,23.1,279.9,83,100,0.0,27.36,178.1,27.5,3.416,3.426,26,27,560,558,00000000 10101000 10000010 00001010,10101000 10100000 10001010 00000000,28.1,274.25,27.35,70.0,5949.0,2030.0
2022-06-23 17:45:25.431230,28.1,279.9,23.1,279.9,83,100,0.0,27.37,178.0,27.5,3.417,3.426,26,27,560,558,00000000 10101000 10000010 00001010,10101000 10100000 10001010 00000000,28.1,274.25,27.35,70.0,5949.0,2030.0
2022-06-23 17:45:26.434336,28.1,279.9,23.1,279.9,83,100,0.0,27.37,178.1,27.5,3.417,3.426,26,27,560,558,00000000 10101000 10000010 00001010,10101000 10100000 10001010 00000000,28.1,274.25,27.3,70.0,5964.0,2035.0
2022-06-23 17:45:27.438136,28.1,279.9,23.1,279.9,83,100,0.0,27.37,178.1,27.5,3.417,3.426,26,27,560,558,00000000 10101000 10000010 00001010,10101000 10100000 10001010 00000000,28.1,274.25,27.3,70.0,5964.0,2035.0
2022-06-23 17:45:28.442350,28.1,279.9,23.1,279.9,83,100,0.0,27.37,178.0,27.5,3.417,3.426,26,27,560,558,00000000 10101000 10000010 00001010,10101000 10100000 10001010 00000000,28.1,274.25,27.35,71.0,5964.0,2035.0
2022-06-23 17:45:29.445529,28.1,279.9,23.1,279.9,83,100,0.0,27.37,178.0,27.5,3.417,3.426,26,27,560,558,00000000 10101000 10000010 00001010,10101000 10100000 10001010 00000000,28.1,274.25,27.3,71.0,5964.0,2035.0
2022-06-23 17:45:30.447742,28.1,279.9,23.1,279.9,83,100,0.0,27.37,177.9,27.5,3.417,3.426,26,27,560,558,00000000 10101000 10000010 00001010,10101000 10100000 10001010 00000000,28.1,274.25,27.3,71.0,5964.0,2035.0
2022-06-23 17:45:31.450555,28.1,279.9,23.1,279.9,83,100,0.0,27.37,177.9,27.5,3.417,3.426,26,27,560,558,00000000 10101000 10000010 00001010,10101000 10100000 10001010 00000000,28.1,274.25,27.3,71.0,5964.0,2035.0
2022-06-23 17:45:32.453893,28.1,279.9,23.1,279.9,83,100,0.0,27.37,177.8,27.5,3.417,3.426,26,27,560,558,00000000 10101000 10000010 00001010,10101000 10100000 10001010 00000000,28.1,274.25,27.4,71.0,5964.0,2035.0
2022-06-23 17:45:33.457136,28.1,279.9,23.1,279.9,83,100,0.0,27.37,177.8,27.5,3.417,3.426,26,27,560,558,00000000 10101000 10000010 00001010,10101000 10100000 10001010 00000000,28.1,274.25,27.3,71.0,5964.0,2035.0
2022-06-23 17:45:34.460760,28.1,279.9,23.1,279.9,83,100,0.0,27.35,177.8,27.5,3.414,3.426,26,27,560,558,00000000 10101000 10000010 00001010,10101000 10100000 10001010 00000000,28.1,274.25,27.3,71.0,5964.0,2035.0
2022-06-23 17:45:35.463116,28.1,279.9,23.1,279.9,83,100,0.0,27.35,177.8,27.5,3.414,3.426,26,27,560,558,00000000 10101000 10000010 00001010,10101000 10100000 10001010 00000000,28.1,274.25,27.35,71.0,5964.0,2035.0
2022-06-23 17:45:36.466064,28.1,279.9,23.1,279.9,83,100,0.0,27.36,177.8,27.5,3.414,3.426,26,27,560,558,00000000 10101000 10000010 00001010,10101000 10100000 10001010 00000000,28.1,274.25,27.35,71.0,5964.0,2035.0
2022-06-23 17:45:37.469713,28.1,279.9,23.1,279.9,83,100,0.0,27.37,177.8,27.5,3.414,3.426,26,27,560,558,00000000 10101000 10000010 00001010,10101000 10100000 10001010 00000000,28.1,274.25,27.35,71.0,5964.0,2035.0
2022-06-23 17:45:38.473533,28.1,279.9,23.1,279.9,83,100,0.0,27.37,177.8,27.5,3.417,3.426,26,27,560,558,00000000 10101000 10000010 00001010,10101000 10100000 10001010 00000000,28.1,274.25,27.3,71.0,5964.0,2035.0
2022-06-23 17:45:39.477387,28.1,279.9,23.1,279.9,83,100,0.0,27.37,178.0,27.5,3.417,3.426,26,27,560,558,00000000 10101000 10000010 00001010,10101000 10100000 10001010 00000000,28.1,274.25,27.35,71.0,5964.0,2035.0
2022-06-23 17:45:40.480921,28.1,279.9,23.1,279.9,83,100,0.0,27.36,178.0,27.5,3.417,3.426,26,27,560,558,00000000 10101000 10000010 00001010,10101000 10100000 10001010 00000000,28.1,274.25,27.3,72.0,5964.0,2035.0
2022-06-23 17:45:41.484639,28.1,279.9,23.1,279.9,83,100,0.0,27.36,178.0,27.5,3.416,3.426,26,27,560,558,00000000 10101000 10000010 00001010,10101000 10100000 10001010 00000000,28.1,274.25,27.3,72.0,5964.0,2035.0
2022-06-23 17:45:42.487326,28.1,279.9,23.1,279.9,83,100,0.0,27.36,178.0,27.5,3.416,3.426,26,27,560,558,00000000 10101000 10000010 00001010,10101000 10100000 10001010 00000000,28.1,274.25,27.3,72.0,5964.0,2035.0
2022-06-23 17:45:43.489795,28.1,279.9,23.1,279.9,83,100,0.0,27.36,178.2,27.5,3.416,3.426,26,27,560,558,00000000 10101000 10000010 00001010,10101000 10100000 10001010 00000000,28.1,274.25,27.3,72.0,5964.0,2035.0
2022-06-23 17:45:44.492783,28.1,279.9,23.1,279.9,83,100,0.0,27.35,178.1,27.5,3.414,3.426,26,27,560,558,00000000 10101000 10000010 00001010,10101000 10100000 10001010 00000000,28.1,274.25,27.3,72.0,5964.0,2035.0
2022-06-23 17:45:45.495827,28.1,279.9,23.1,279.9,83,100,0.0,27.35,177.9,27.5,3.414,3.426,26,27,560,558,00000000 10101000 10000010 00001010,10101000 10100000 10001010 00000000,28.1,274.25,27.35,72.0,5964.0,2035.0
2022-06-23 17:45:46.499009,28.1,279.9,23.1,279.9,83,100,0.0,27.35,177.9,27.5,3.414,3.426,26,27,560,558,00000000 10101000 10000010 00001010,10101000 10100000 10001010 00000000,28.1,274.25,27.35,72.0,5964.0,2035.0
2022-06-23 17:45:47.502505,28.1,279.9,23.1,279.9,83,100,0.0,27.37,177.6,27.5,3.417,3.426,26,27,560,558,00000000 10101000 10000010 00001010,10101000 10100000 10001010 00000000,28.1,274.25,27.35,72.0,5964.0,2035.0
2022-06-23 17:45:48.505902,28.1,279.9,23.1,279.9,83,100,0.0,27.37,177.6,27.5,3.417,3.426,26,27,560,558,00000000 10101000 10000010 00001010,10101000 10100000 10001010 00000000,28.1,274.25,27.35,72.0,5964.0,2035.0
2022-06-23 17:45:49.509225,28.1,279.9,23.1,279.9,83,100,0.0,27.37,177.5,27.5,3.417,3.426,26,27,560,558,00000000 10101000 10000010 00001010,10101000 10100000 10001010 00000000,28.1,274.25,27.3,72.0,5964.0,2035.0
2022-06-23 17:45:50.512331,28.1,279.9,23.1,279.9,83,100,0.0,27.36,177.4,27.5,3.417,3.426,26,27,560,558,00000000 10101000 10000010 00001010,10101000 10100000 10001010 00000000,28.1,274.25,27.35,72.0,5964.0,2035.0
2022-06-23 17:45:51.514841,28.1,279.9,23.1,279.9,83,100,0.0,27.36,177.4,27.5,3.417,3.426,26,27,560,558,00000000 10101000 10000010 00001010,10101000 10100000 10001010 00000000,28.1,274.25,27.35,72.0,5964.0,2035.0
2022-06-23 17:45:52.518512,28.1,279.9,23.1,279.9,83,100,0.0,27.36,177.4,27.5,3.417,3.426,26,27,560,558,00000000 10101000 10000010 00001010,10101000 10100000 10001010 00000000,28.1,274.25,27.3,72.0,5964.0,2035.0
2022-06-23 17:45:53.522438,28.1,279.9,23.1,279.9,83,100,0.0,27.36,177.5,27.5,3.417,3.426,26,27,560,558,00000000 10101000 10000010 00001010,10101000 10100000 10001010 00000000,28.1,274.25,27.35,72.0,5964.0,2035.0
2022-06-23 17:45:54.533236,28.1,279.9,23.1,279.9,83,100,0.0,27.36,177.5,27.5,3.416,3.426,26,27,560,558,00000000 10101000 10000010 00001010,10101000 10100000 10001010 00000000,28.1,274.25,27.3,73.0,5964.0,2035.0
2022-06-23 17:45:55.535927,28.1,279.9,23.1,279.9,83,100,0.0,27.36,177.7,27.5,3.416,3.426,26,27,560,558,00000000 10101000 10000010 00001010,10101000 10100000 10001010 00000000,28.1,274.25,27.35,73.0,5964.0,2035.0
2022-06-23 17:45:56.538338,28.1,279.9,23.1,279.9,83,100,0.0,27.36,177.8,27.5,3.416,3.426,26,27,560,558,00000000 10101000 10000010 00001010,10101000 10100000 10001010 00000000,28.1,274.25,27.3,73.0,5964.0,2035.0
2022-06-23 17:45:57.542289,28.1,279.9,23.1,279.9,83,100,0.0,27.36,177.7,27.5,3.414,3.426,26,27,560,558,00000000 10101000 10000010 00001010,10101000 10100000 10001010 00000000,28.1,274.25,27.35,73.0,5964.0,2035.0
2022-06-23 17:45:58.545680,28.1,279.9,23.1,279.9,83,100,0.0,27.36,177.7,27.5,3.414,3.426,26,27,560,558,00000000 10101000 10000010 00001010,10101000 10100000 10001010 00000000,28.1,274.25,27.35,73.0,5964.0,2035.0
2022-06-23 17:45:59.549071,28.1,279.9,23.1,279.9,83,100,0.0,27.36,177.7,27.5,3.414,3.426,26,27,560,558,00000000 10101000 10000010 00001010,10101000 10100000 10001010 00000000,28.1,274.25,27.3,73.0,5964.0,2035.0
2022-06-23 17:46:00.552468,28.1,279.9,23.1,279.9,83,100,0.0,27.36,177.6,27.5,3.414,3.426,26,27,560,558,00000000 10101000 10000010 00001010,10101000 10100000 10001010 00000000,28.1,274.25,27.3,73.0,5964.0,2035.0
2022-06-23 17:46:01.554964,28.1,279.9,23.1,279.9,83,100,0.0,27.35,177.5,27.5,3.414,3.426,26,27,560,558,00000000 10101000 10000010 00001010,10101000 10100000 10001010 00000000,28.1,274.25,27.3,73.0,5964.0,2035.0
2022-06-23 17:46:02.558667,28.1,279.9,23.1,279.9,83,100,0.0,27.36,177.6,27.5,3.414,3.426,26,27,560,558,00000000 10101000 10000010 00001010,10101000 10100000 10001010 00000000,28.1,274.25,27.35,73.0,5964.0,2035.0
2022-06-23 17:46:03.561750,28.1,279.9,23.1,279.9,83,100,0.0,27.36,177.6,27.5,3.414,3.426,26,27,560,558,00000000 10101000 10000010 00001010,10101000 10100000 10001010 00000000,28.1,274.25,27.35,73.0,5964.0,2035.0
2022-06-23 17:46:04.564452,28.1,279.9,23.1,279.9,83,100,0.0,27.36,177.6,27.5,3.417,3.426,26,27,560,558,00000000 10101000 10000010 00001010,10101000 10100000 10001010 00000000,28.1,274.25,27.3,73.0,5964.0,2035.0
2022-06-23 17:46:05.567923,28.1,279.9,23.1,279.9,83,100,0.0,27.36,177.6,27.5,3.417,3.426,26,27,560,558,00000000 10101000 10000010 00001010,10101000 10100000 10001010 00000000,28.1,274.25,27.35,73.0,5964.0,2035.0
2022-06-23 17:46:06.571152,28.1,279.9,23.1,279.9,83,100,0.0,27.36,177.6,27.5,3.417,3.426,26,27,560,558,00000000 10101000 10000010 00001010,10101000 10100000 10001010 00000000,28.1,274.25,27.35,73.0,5964.0,2035.0
2022-06-23 17:46:07.574181,28.1,279.9,23.1,279.9,83,100,0.0,27.36,177.6,27.5,3.416,3.426,26,27,560,558,00000000 10101000 10000010 00001010,10101000 10100000 10001010 00000000,28.1,274.25,27.3,73.0,5964.0,2035.0
2022-06-23 17:46:08.576862,28.1,279.9,23.1,279.9,83,100,0.0,27.35,177.5,27.5,3.416,3.426,26,27,560,558,00000000 10101000 10000010 00001010,10101000 10100000 10001010 00000000,28.1,274.25,27.35,73.0,5964.0,2035.0
2022-06-23 17:46:09.579540,28.1,279.9,23.1,279.9,83,100,0.0,27.35,177.5,27.5,3.416,3.426,26,27,560,558,00000000 10101000 10000010 00001010,10101000 10100000 10001010 00000000,28.1,274.25,27.35,73.0,5964.0,2035.0
2022-06-23 17:46:10.583012,28.1,279.9,23.1,279.9,83,100,0.0,27.36,177.4,27.5,3.416,3.426,26,27,560,558,00000000 10101000 10000010 00001010,10101000 10100000 10001010 00000000,28.1,274.25,27.35,74.0,5964.0,2035.0
2022-06-23 17:46:11.586341,28.1,279.9,23.1,279.9,83,100,0.0,27.36,177.4,27.5,3.416,3.426,26,27,560,558,00000000 10101000 10000010 00001010,10101000 10100000 10001010 00000000,28.1,274.25,27.35,74.0,5964.0,2035.0
2022-06-23 17:46:12.589789,28.1,279.9,23.1,279.9,83,100,0.0,27.36,177.4,27.5,3.416,3.426,26,27,560,558,00000000 10101000 10000010 00001010,10101000 10100000 10001010 00000000,28.1,274.25,27.35,74.0,5964.0,2035.0
2022-06-23 17:46:13.593163,28.1,279.9,23.1,279.9,83,100,0.0,27.36,177.5,27.5,3.416,3.426,26,27,560,558,00000000 10101000 10000010 00001010,10101000 10100000 10001010 00000000,28.1,274.25,27.3,74.0,5964.0,2035.0
2022-06-23 17:46:14.596474,28.1,279.9,23.1,279.9,83,100,0.0,27.35,177.5,27.5,3.414,3.426,26,27,560,558,00000000 10101000 10000010 00001010,10101000 10100000 10001010 00000000,28.1,274.25,27.35,74.0,5964.0,2035.0
2022-06-23 17:46:15.599956,28.1,279.9,23.1,279.9,83,100,0.0,27.35,177.4,27.5,3.414,3.426,26,27,560,558,00000000 10101000 10000010 00001010,10101000 10100000 10001010 00000000,28.1,274.25,27.3,74.0,5964.0,2035.0
2022-06-23 17:46:16.603592,28.1,279.9,23.1,279.9,83,100,0.0,27.36,177.4,27.5,3.414,3.426,26,27,560,558,00000000 10101000 10000010 00001010,10101000 10100000 10001010 00000000,28.1,274.25,27.35,74.0,5964.0,2035.0
2022-06-23 17:46:17.607107,28.1,279.9,23.1,279.9,83,100,0.0,27.36,177.4,27.5,3.416,3.426,26,27,560,558,00000000 10101000 10000010 00001010,10101000 10100000 10001010 00000000,28.1,274.25,27.3,74.0,5964.0,2035.0
2022-06-23 17:46:18.611177,28.1,279.9,23.1,279.9,83,100,0.0,27.36,177.3,27.5,3.416,3.426,26,27,560,558,00000000 10101000 10000010 00001010,10101000 10100000 10001010 00000000,28.1,274.25,27.35,74.0,5964.0,2035.0
2022-06-23 17:46:19.614609,28.1,279.9,23.1,279.9,83,100,0.0,27.36,177.3,27.5,3.416,3.426,26,27,560,558,00000000 10101000 10000010 00001010,10101000 10100000 10001010 00000000,28.1,274.25,27.35,74.0,5964.0,2035.0
2022-06-23 17:46:20.617224,28.1,279.9,23.1,279.9,83,100,0.0,27.36,177.3,27.5,3.414,3.426,26,27,560,558,00000000 10101000 10000010 00001010,10101000 10100000 10001010 00000000,28.1,274.25,27.35,74.0,5964.0,2035.0
2022-06-23 17:46:21.619991,28.1,279.9,23.1,279.9,83,100,0.0,27.36,177.3,27.5,3.414,3.426,26,27,560,558,00000000 10101000 10000010 00001010,10101000 10100000 10001010 00000000,28.1,274.25,27.35,74.0,5964.0,2035.0
2022-06-23 17:46:22.623094,28.1,279.9,23.1,279.9,83,100,0.0,27.36,177.3,27.5,3.414,3.426,26,27,560,558,00000000 10101000 10000010 00001010,10101000 10100000 10001010 00000000,28.1,274.25,27.35,74.0,5964.0,2035.0
2022-06-23 17:46:23.626655,28.1,279.9,23.1,279.9,83,100,0.0,27.35,177.4,27.5,3.414,3.426,26,27,560,558,00000000 10101000 10000010 00001010,10101000 10100000 10001010 00000000,28.1,274.25,27.35,74.0,5964.0,2035.0
2022-06-23 17:46:24.630092,28.1,279.9,23.1,279.9,83,100,0.0,27.35,177.4,27.5,3.414,3.426,26,27,560,558,00000000 10101000 10000010 00001010,10101000 10100000 10001010 00000000,28.1,274.25,27.3,74.0,5964.0,2035.0
2022-06-23 17:46:25.633509,28.1,279.9,23.1,279.9,83,100,0.0,27.36,177.4,27.5,3.414,3.426,26,27,560,558,00000000 10101000 10000010 00001010,10101000 10100000 10001010 00000000,28.1,274.25,27.3,74.0,5964.0,2035.0
2022-06-23 17:46:26.637297,28.1,279.9,23.1,279.9,83,100,0.0,27.35,177.3,27.5,3.414,3.426,26,27,560,558,00000000 10101000 10000010 00001010,10101000 10100000 10001010 00000000,28.1,274.25,27.35,75.0,5964.0,2035.0
2022-06-23 17:46:27.641889,28.1,279.9,23.1,279.9,83,100,0.0,27.35,177.4,27.5,3.414,3.426,26,27,560,558,00000000 10101000 10000010 00001010,10101000 10100000 10001010 00000000,28.1,274.25,27.35,75.0,5964.0,2035.0
2022-06-23 17:46:28.645595,28.1,279.9,23.1,279.9,83,100,0.0,27.35,177.4,27.5,3.414,3.426,26,27,560,558,00000000 10101000 10000010 00001010,10101000 10100000 10001010 00000000,28.1,274.25,27.4,75.0,5964.0,2035.0
2022-06-23 17:46:29.649224,28.1,279.9,23.1,279.9,83,100,0.0,27.36,177.4,27.5,3.414,3.426,26,27,560,558,00000000 10101000 10000010 00001010,10101000 10100000 10001010 00000000,28.1,274.25,27.3,75.0,5964.0,2035.0
2022-06-23 17:46:30.653039,28.1,279.9,23.1,279.9,83,100,0.0,27.36,177.4,27.5,3.414,3.426,26,27,560,558,00000000 10101000 10000010 00001010,10101000 10100000 10001010 00000000,28.1,274.25,27.3,75.0,5964.0,2035.0
2022-06-23 17:46:31.656215,28.1,279.9,23.1,279.9,83,100,0.0,27.35,177.4,27.5,3.414,3.426,26,27,560,558,00000000 10101000 10000010 00001010,10101000 10100000 10001010 00000000,28.1,274.25,27.35,75.0,5964.0,2035.0
2022-06-23 17:46:32.659611,28.1,279.9,23.1,279.9,83,100,0.0,27.35,177.4,27.5,3.414,3.426,26,27,560,558,00000000 10101000 10000010 00001010,10101000 10100000 10001010 00000000,28.1,274.25,27.35,75.0,5978.0,2040.0
2022-06-23 17:46:33.662165,28.1,279.9,23.1,279.9,83,100,0.0,27.35,177.4,27.5,3.414,3.426,26,27,560,558,00000000 10101000 10000010 00001010,10101000 10100000 10001010 00000000,28.1,274.25,27.3,75.0,5978.0,2040.0
2022-06-23 17:46:34.664730,28.1,279.9,23.1,279.9,83,100,0.0,27.35,177.3,27.5,3.414,3.426,26,27,560,558,00000000 10101000 10000010 00001010,10101000 10100000 10001010 00000000,28.1,274.25,27.35,75.0,5978.0,2040.0
2022-06-23 17:46:35.667684,28.1,279.9,23.1,279.9,83,100,0.0,27.35,177.3,27.5,3.414,3.426,26,27,560,558,00000000 10101000 10000010 00001010,10101000 10100000 10001010 00000000,28.1,274.25,27.35,75.0,5978.0,2040.0
2022-06-23 17:46:36.671036,28.1,279.9,23.1,279.9,83,100,0.0,27.35,177.3,27.5,3.414,3.426,26,27,560,558,00000000 10101000 10000010 00001010,10101000 10100000 10001010 00000000,28.1,274.25,27.35,75.0,5978.0,2040.0
2022-06-23 17:46:37.674437,28.1,279.9,23.1,279.9,83,100,0.0,27.35,177.3,27.5,3.414,3.426,26,27,560,558,00000000 10101000 10000010 00001010,10101000 10100000 10001010 00000000,28.1,274.25,27.35,75.0,5978.0,2040.0
2022-06-23 17:46:38.677874,28.1,279.9,23.1,279.9,83,100,0.0,27.36,177.2,27.5,3.414,3.426,26,27,560,558,00000000 10101000 10000010 00001010,10101000 10100000 10001010 00000000,28.1,274.25,27.3,75.0,5978.0,2040.0
2022-06-23 17:46:39.681129,28.1,279.9,23.1,279.9,83,100,0.0,27.36,177.1,27.5,3.414,3.426,26,27,560,558,00000000 10101000 10000010 00001010,10101000 10100000 10001010 00000000,28.1,274.25,27.35,75.0,5978.0,2040.0
2022-06-23 17:46:40.684348,28.1,279.9,23.1,279.9,83,100,0.0,27.36,177.1,27.5,3.414,3.426,26,27,560,558,00000000 10101000 10000010 00001010,10101000 10100000 10001010 00000000,28.1,274.25,27.35,75.0,5978.0,2040.0
2022-06-23 17:46:41.687719,28.1,279.9,23.1,279.9,83,100,0.0,27.36,177.0,27.5,3.414,3.426,26,27,560,558,00000000 10101000 10000010 00001010,10101000 10100000 10001010 00000000,28.1,274.25,27.3,76.0,5978.0,2040.0
2022-06-23 17:46:42.691134,28.1,279.9,23.1,279.9,83,100,0.0,27.36,176.9,27.5,3.414,3.426,26,27,560,558,00000000 10101000 10000010 00001010,10101000 10100000 10001010 00000000,28.1,274.25,27.35,76.0,5978.0,2040.0
2022-06-23 17:46:43.694122,28.1,279.9,23.1,279.9,83,100,0.0,27.35,176.8,27.5,3.414,3.426,26,27,560,558,00000000 10101000 10000010 00001010,10101000 10100000 10001010 00000000,28.1,274.25,27.35,76.0,5978.0,2040.0
2022-06-23 17:46:44.697165,28.1,279.9,23.1,279.9,83,100,0.0,27.35,176.8,27.5,3.414,3.426,26,27,560,558,00000000 10101000 10000010 00001010,10101000 10100000 10001010 00000000,28.1,274.25,27.35,76.0,5978.0,2040.0
2022-06-23 17:46:45.700176,28.1,279.9,23.1,279.9,83,100,0.0,27.35,176.7,27.5,3.414,3.426,26,27,560,558,00000000 10101000 10000010 00001010,10101000 10100000 10001010 00000000,28.1,274.25,27.3,76.0,5978.0,2040.0
2022-06-23 17:46:46.702999,28.1,279.9,23.1,279.9,83,100,0.0,27.35,176.5,27.5,3.414,3.426,26,27,560,558,00000000 10101000 10000010 00001010,10101000 10100000 10001010 00000000,28.1,274.25,27.3,76.0,5978.0,2035.0
2022-06-23 17:46:47.705755,28.1,279.9,23.1,279.9,83,100,0.0,27.35,176.5,27.5,3.414,3.426,26,27,560,558,00000000 10101000 10000010 00001010,10101000 10100000 10001010 00000000,28.1,274.25,27.35,76.0,5949.0,2030.0
2022-06-23 17:46:48.709106,28.1,279.9,23.1,279.9,83,100,0.0,27.35,176.1,27.5,3.414,3.426,26,27,560,558,00000000 10101000 10000010 00001010,10101000 10100000 10001010 00000000,28.1,274.25,27.3,76.0,5920.0,2015.0
2022-06-23 17:46:49.712327,28.1,279.9,23.1,279.9,83,100,0.0,27.35,175.6,28.0,3.414,3.426,26,28,560,558,00000000 10101000 10000010 00001010,10101000 10100000 10001010 00000000,28.1,274.25,27.35,76.0,5861.0,2000.0
2022-06-23 17:46:50.714985,28.1,279.9,23.1,279.9,83,100,0.0,27.35,175.0,28.0,3.414,3.426,26,28,560,558,00000000 10101000 10000010 00001010,10101000 10100000 10001010 00000000,28.1,274.25,27.3,76.0,5846.0,1995.0
2022-06-23 17:46:51.718814,28.1,279.9,23.1,279.9,83,100,0.0,27.35,175.0,28.0,3.414,3.426,26,28,560,558,00000000 10101000 10000010 00001010,10101000 10100000 10001010 00000000,28.1,274.25,27.35,76.0,5876.0,2190.0
2022-06-23 17:46:52.722255,28.1,279.9,23.1,279.9,83,100,0.0,27.35,175.0,28.0,3.417,3.429,26,28,560,558,00000000 10101000 10000010 00001010,10101000 10100000 10001010 00000000,28.1,274.25,27.35,76.0,6726.0,2465.0
2022-06-23 17:46:53.725533,28.1,279.9,23.1,279.9,83,100,0.0,27.38,182.3,28.0,3.417,3.429,26,28,560,558,00000000 10101000 10000010 00001010,10101000 10100000 10001010 00000000,28.1,274.25,27.35,76.0,7312.0,2585.0
2022-06-23 17:46:54.728789,28.1,279.9,23.1,279.9,83,100,0.0,27.38,187.3,27.5,3.417,3.429,26,28,560,558,00000000 10101000 10000010 00001010,10101000 10100000 10001010 00000000,28.1,274.25,27.4,76.0,7663.0,2655.0
2022-06-23 17:46:55.731356,28.1,279.9,23.1,279.9,83,100,0.0,27.38,187.7,28.0,3.417,3.429,26,28,560,558,00000000 10101000 10000010 00001010,10101000 10100000 10001010 00000000,28.1,274.25,27.35,76.0,7839.0,2705.0
2022-06-23 17:46:56.734751,28.1,279.9,23.1,279.9,83,100,0.0,27.38,187.7,28.0,3.417,3.429,26,28,560,558,00000000 10101000 10000010 00001010,10101000 10100000 10001010 00000000,28.1,274.25,27.35,76.0,7942.0,2710.0
2022-06-23 17:46:57.738360,28.1,279.9,23.1,279.9,83,100,0.0,27.38,188.1,28.0,3.417,3.429,26,28,560,558,00000000 10101000 10000010 00001010,10101000 10100000 10001010 00000000,28.1,274.25,27.3,77.0,7810.0,2475.0
2022-06-23 17:46:58.741399,28.1,279.9,23.1,279.9,83,100,0.0,27.36,182.0,28.0,3.417,3.429,26,28,560,558,00000000 10101000 10000010 00001010,10101000 10100000 10001010 00000000,28.1,274.25,27.35,77.0,7121.0,2340.0
2022-06-23 17:46:59.744189,28.1,279.9,23.1,279.9,83,100,0.0,27.36,182.0,28.0,3.416,3.426,26,28,560,558,00000000 10101000 10000010 00001010,10101000 10100000 10001010 00000000,28.1,274.25,27.35,77.0,6784.0,2245.0
2022-06-23 17:47:00.746462,28.1,279.9,23.1,279.9,83,100,0.0,27.36,179.5,28.0,3.416,3.426,26,28,560,558,00000000 10101000 10000010 00001010,10101000 10100000 10001010 00000000,28.1,274.25,27.3,77.0,6520.0,2180.0
2022-06-23 17:47:01.749871,28.1,279.9,23.1,279.9,83,100,0.0,27.36,178.1,28.0,3.416,3.426,26,28,560,558,00000000 10101000 10000010 00001010,10101000 10100000 10001010 00000000,28.1,274.25,27.3,77.0,6330.0,2105.0
2022-06-23 17:47:02.752907,28.1,279.9,23.1,279.9,83,100,0.0,27.35,175.8,28.0,3.414,3.426,26,28,560,558,00000000 10101000 10000010 00001010,10101000 10100000 10001010 00000000,28.1,274.25,27.35,77.0,6125.0,2055.0
2022-06-23 17:47:03.755536,28.1,279.9,23.1,279.9,83,100,0.0,27.35,175.8,28.0,3.414,3.426,26,28,560,558,00000000 10101000 10000010 00001010,10101000 10100000 10001010 00000000,28.1,274.25,27.3,77.0,5964.0,2005.0
2022-06-23 17:47:04.759199,28.1,279.9,23.1,279.9,84,100,0.0,27.35,173.6,28.0,3.414,3.426,26,28,560,558,00000000 10101000 10000010 00001010,10101000 10100000 10001010 00000000,28.1,274.25,27.35,77.0,5832.0,1970.0
2022-06-23 17:47:05.761764,28.1,279.9,23.1,279.9,84,100,0.0,27.34,172.3,28.0,3.414,3.423,26,28,560,558,00000000 10101000 10000010 00001010,10101000 10100000 10001010 00000000,28.1,274.25,27.3,77.0,5744.0,1910.0
2022-06-23 17:47:06.765351,28.1,279.9,23.1,279.9,84,100,0.0,27.34,172.3,28.0,3.414,3.423,26,28,560,558,00000000 10101000 10000010 00001010,10101000 10100000 10001010 00000000,28.1,274.25,27.35,77.0,5539.0,1850.0
2022-06-23 17:47:07.768796,28.1,279.9,23.1,279.9,84,100,0.0,27.34,172.3,28.0,3.414,3.423,26,28,560,558,00000000 10101000 10000010 00001010,10101000 10100000 10001010 00000000,28.1,274.25,27.35,77.0,5392.0,1815.0
2022-06-23 17:47:08.772264,28.1,279.9,23.1,279.9,84,100,0.0,27.34,167.7,28.0,3.413,3.423,26,28,560,558,00000000 10101000 10000010 00001010,10101000 10100000 10001010 00000000,28.1,274.25,27.3,77.0,5290.0,1795.0
2022-06-23 17:47:09.775562,28.1,279.9,23.1,279.9,84,100,0.0,27.34,167.8,28.0,3.413,3.423,26,28,560,558,00000000 10101000 10000010 00001010,10101000 10100000 10001010 00000000,28.1,274.25,27.3,77.0,5246.0,1790.0
2022-06-23 17:47:10.778326,28.1,279.9,23.1,279.9,84,100,0.0,27.34,167.7,28.0,3.413,3.423,26,28,560,558,00000000 10101000 10000010 00001010,10101000 10100000 10001010 00000000,28.1,274.25,27.3,77.0,5246.0,1785.0
2022-06-23 17:47:11.781283,28.1,279.9,23.1,279.9,84,100,0.0,27.34,167.7,28.0,3.413,3.423,26,28,560,558,00000000 10101000 10000010 00001010,10101000 10100000 10001010 00000000,28.1,274.25,27.3,77.0,5231.0,1785.0
2022-06-23 17:47:12.783987,28.1,279.9,23.1,279.9,84,100,0.0,27.33,167.4,28.0,3.411,3.423,26,28,560,558,00000000 10101000 10000010 00001010,10101000 10100000 10001010 00000000,28.1,274.25,27.3,78.0,5231.0,1785.0
2022-06-23 17:47:13.786840,28.1,279.9,23.1,279.9,84,100,0.0,27.33,167.2,28.0,3.411,3.423,26,28,560,558,00000000 10101000 10000010 00001010,10101000 10100000 10001010 00000000,28.1,274.25,27.3,78.0,5231.0,1780.0
2022-06-23 17:47:14.790625,28.1,279.9,23.1,279.9,84,100,0.0,27.33,167.2,28.0,3.411,3.423,26,28,560,558,00000000 10101000 10000010 00001010,10101000 10100000 10001010 00000000,28.1,274.25,27.25,78.0,5216.0,1775.0
2022-06-23 17:47:15.793691,28.1,279.9,23.1,279.9,84,100,0.0,27.33,167.2,28.0,3.411,3.423,26,28,560,558,00000000 10101000 10000010 00001010,10101000 10100000 10001010 00000000,28.1,274.25,27.3,78.0,5202.0,1775.0
2022-06-23 17:47:16.796337,28.1,279.9,23.1,279.9,84,100,0.0,27.32,167.1,28.0,3.411,3.423,26,28,560,558,00000000 10101000 10000010 00001010,10101000 10100000 10001010 00000000,28.1,274.25,27.3,78.0,5202.0,1775.0
2022-06-23 17:47:17.799847,28.1,279.9,23.1,279.9,84,100,0.0,27.33,167.1,28.0,3.411,3.423,26,28,560,558,00000000 10101000 10000010 00001010,10101000 10100000 10001010 00000000,28.1,274.25,27.35,78.0,5202.0,1775.0
2022-06-23 17:47:18.803495,28.1,279.9,23.1,279.9,84,100,0.0,27.33,167.1,28.0,3.411,3.423,26,28,560,558,00000000 10101000 10000010 00001010,10101000 10100000 10001010 00000000,28.1,274.25,27.35,78.0,5202.0,1775.0
2022-06-23 17:47:19.806850,28.1,279.9,23.1,279.9,84,100,0.0,27.33,167.0,28.0,3.411,3.423,26,28,560,558,00000000 10101000 10000010 00001010,10101000 10100000 10001010 00000000,28.1,274.25,27.35,78.0,5202.0,1775.0
2022-06-23 17:47:20.810028,28.1,279.9,23.1,279.9,84,100,0.0,27.33,167.0,28.0,3.411,3.423,26,28,560,558,00000000 10101000 10000010 00001010,10101000 10100000 10001010 00000000,28.1,274.25,27.35,78.0,5187.0,1770.0
2022-06-23 17:47:21.812772,28.1,279.9,23.1,279.9,84,100,0.0,27.33,166.9,28.0,3.413,3.423,26,28,560,558,00000000 10101000 10000010 00001010,10101000 10100000 10001010 00000000,28.1,274.25,27.25,78.0,5187.0,1770.0
2022-06-23 17:47:22.816099,28.1,279.9,23.1,279.9,84,100,0.0,27.33,166.9,28.0,3.413,3.423,26,28,560,558,00000000 10101000 10000010 00001010,10101000 10100000 10001010 00000000,28.1,274.25,27.3,78.0,5187.0,1765.0
2022-06-23 17:47:23.819222,28.1,279.9,23.1,279.9,84,100,0.0,27.33,166.9,28.0,3.413,3.423,26,28,560,558,00000000 10101000 10000010 00001010,10101000 10100000 10001010 00000000,28.1,274.25,27.3,78.0,5172.0,1765.0
2022-06-23 17:47:24.821777,28.1,279.9,23.1,279.9,84,100,0.0,27.33,166.9,28.0,3.413,3.423,26,28,560,558,00000000 10101000 10000010 00001010,10101000 10100000 10001010 00000000,28.1,274.25,27.3,78.0,5172.0,1765.0
2022-06-23 17:47:25.824440,28.1,279.9,23.1,279.9,84,100,0.0,27.33,166.8,28.0,3.411,3.423,26,28,560,558,00000000 10101000 10000010 00001010,10101000 10100000 10001010 00000000,28.1,274.25,27.25,78.0,5172.0,1765.0
2022-06-23 17:47:26.826920,28.1,279.9,23.1,279.9,84,100,0.0,27.33,166.8,28.0,3.411,3.423,26,28,560,558,00000000 10101000 10000010 00001010,10101000 10100000 10001010 00000000,28.1,274.25,27.25,78.0,5172.0,1765.0
2022-06-23 17:47:27.830242,28.1,279.9,23.1,279.9,84,100,0.0,27.33,166.8,28.0,3.411,3.423,26,28,560,558,00000000 10101000 10000010 00001010,10101000 10100000 10001010 00000000,28.1,274.25,27.3,78.0,5172.0,1765.0
2022-06-23 17:47:28.833454,28.1,279.9,23.1,279.9,84,100,0.0,27.32,166.8,28.0,3.411,3.423,26,28,560,558,00000000 10101000 10000010 00001010,10101000 10100000 10001010 00000000,28.1,274.25,27.3,78.0,5172.0,1765.0
2022-06-23 17:47:29.836844,28.1,279.9,23.1,279.9,84,100,0.0,27.32,166.9,28.0,3.411,3.423,26,28,560,558,00000000 10101000 10000010 00001010,10101000 10100000 10001010 00000000,28.1,274.25,27.3,78.0,5172.0,1765.0
2022-06-23 17:47:30.840381,28.1,279.9,23.1,279.9,84,100,0.0,27.32,166.9,28.0,3.411,3.423,26,28,560,558,00000000 10101000 10000010 00001010,10101000 10100000 10001010 00000000,28.1,274.25,27.3,79.0,5172.0,1765.0
2022-06-23 17:47:31.842799,28.1,279.9,23.1,279.9,84,100,0.0,27.32,167.0,28.0,3.411,3.423,26,28,560,558,00000000 10101000 10000010 00001010,10101000 10100000 10001010 00000000,28.1,274.25,27.25,79.0,5172.0,1765.0
2022-06-23 17:47:32.846130,28.1,279.9,23.1,279.9,84,100,0.0,27.32,167.0,28.0,3.411,3.423,26,28,560,558,00000000 10101000 10000010 00001010,10101000 10100000 10001010 00000000,28.1,274.25,27.3,79.0,5172.0,1765.0
2022-06-23 17:47:33.849364,28.1,279.9,23.1,279.9,84,100,0.0,27.32,167.0,28.0,3.411,3.423,26,28,560,558,00000000 10101000 10000010 00001010,10101000 10100000 10001010 00000000,28.1,274.25,27.3,79.0,5172.0,1765.0
2022-06-23 17:47:34.853515,28.1,279.9,23.1,279.9,84,100,0.0,27.33,167.0,28.0,3.411,3.423,26,28,560,558,00000000 10101000 10000010 00001010,10101000 10100000 10001010 00000000,28.1,274.25,27.35,79.0,5172.0,1765.0
2022-06-23 17:47:35.857031,28.1,279.9,23.1,279.9,84,100,0.0,27.33,167.0,28.0,3.411,3.423,26,28,560,558,00000000 10101000 10000010 00001010,10101000 10100000 10001010 00000000,28.1,274.25,27.3,79.0,5172.0,1765.0
2022-06-23 17:47:36.859580,28.1,279.9,23.1,279.9,84,100,0.0,27.33,167.0,28.0,3.411,3.423,26,28,560,558,00000000 10101000 10000010 00001010,10101000 10100000 10001010 00000000,28.1,274.25,27.35,79.0,5172.0,1765.0
2022-06-23 17:47:37.862328,28.1,279.9,23.1,279.9,84,100,0.0,27.33,166.8,28.0,3.411,3.423,26,28,560,558,00000000 10101000 10000010 00001010,10101000 10100000 10001010 00000000,28.1,274.25,27.35,79.0,5172.0,1765.0
2022-06-23 17:47:38.865905,28.1,279.9,23.1,279.9,84,100,0.0,27.33,166.6,28.0,3.411,3.423,26,28,560,558,00000000 10101000 10000010 00001010,10101000 10100000 10001010 00000000,28.1,274.25,27.3,79.0,5172.0,1760.0
2022-06-23 17:47:39.868868,28.1,279.9,23.1,279.9,84,100,0.0,27.33,166.6,28.0,3.411,3.423,26,28,560,558,00000000 10101000 10000010 00001010,10101000 10100000 10001010 00000000,28.1,274.25,27.3,79.0,5158.0,1760.0
2022-06-23 17:47:40.872444,28.1,279.9,23.1,279.9,84,100,0.0,27.33,166.5,28.0,3.411,3.423,26,28,560,558,00000000 10101000 10000010 00001010,10101000 10100000 10001010 00000000,28.1,274.25,27.3,79.0,5143.0,1755.0
2022-06-23 17:47:41.875451,28.1,279.9,23.1,279.9,84,100,0.0,27.32,166.3,28.0,3.411,3.423,26,28,560,558,00000000 10101000 10000010 00001010,10101000 10100000 10001010 00000000,28.1,274.25,27.25,79.0,5143.0,1755.0
2022-06-23 17:47:42.878885,28.1,279.9,23.1,279.9,84,100,0.0,27.32,166.4,28.0,3.411,3.423,26,28,560,558,00000000 10101000 10000010 00001010,10101000 10100000 10001010 00000000,28.1,274.25,27.3,79.0,5143.0,1755.0
2022-06-23 17:47:43.882620,28.1,279.9,23.1,279.9,84,100,0.0,27.32,166.4,28.0,3.411,3.423,26,28,560,558,00000000 10101000 10000010 00001010,10101000 10100000 10001010 00000000,28.1,274.25,27.3,79.0,5143.0,1755.0
2022-06-23 17:47:44.886233,28.1,279.9,23.1,279.9,84,100,0.0,27.32,166.5,28.0,3.411,3.423,26,28,560,558,00000000 10101000 10000010 00001010,10101000 10100000 10001010 00000000,28.1,274.25,27.25,79.0,5143.0,1755.0
2022-06-23 17:47:45.890389,28.1,279.9,23.1,279.9,84,100,0.0,27.33,166.7,28.0,3.411,3.423,26,28,560,558,00000000 10101000 10000010 00001010,10101000 10100000 10001010 00000000,28.1,274.25,27.3,79.0,5143.0,1755.0
2022-06-23 17:47:46.894994,28.1,279.9,23.1,279.9,84,100,0.0,27.33,166.7,28.0,3.411,3.423,26,28,560,558,00000000 10101000 10000010 00001010,10101000 10100000 10001010 00000000,28.1,274.25,27.3,79.0,5143.0,1755.0
2022-06-23 17:47:47.898732,28.1,279.9,23.1,279.9,84,100,0.0,27.32,166.8,28.0,3.411,3.423,26,28,560,558,00000000 10101000 10000010 00001010,10101000 10100000 10001010 00000000,28.1,274.25,27.3,79.0,5143.0,1755.0
2022-06-23 17:47:48.902868,28.1,279.9,23.1,279.9,84,100,0.0,27.32,166.8,28.0,3.411,3.423,26,28,560,558,00000000 10101000 10000010 00001010,10101000 10100000 10001010 00000000,28.1,274.25,27.3,79.0,5143.0,1755.0
2022-06-23 17:47:49.907170,28.1,279.9,23.1,279.9,84,100,0.0,27.32,166.9,28.0,3.411,3.423,26,28,560,558,00000000 10101000 10000010 00001010,10101000 10100000 10001010 00000000,28.1,274.25,27.3,79.0,5143.0,1755.0
2022-06-23 17:47:50.910229,28.1,279.9,23.1,279.9,84,100,0.0,27.32,166.8,28.0,3.411,3.423,26,28,560,558,00000000 10101000 10000010 00001010,10101000 10100000 10001010 00000000,28.1,274.25,27.3,79.0,5143.0,1755.0
2022-06-23 17:47:51.913185,28.1,279.9,23.1,279.9,84,100,0.0,27.32,166.8,28.0,3.411,3.423,26,28,560,558,00000000 10101000 10000010 00001010,10101000 10100000 10001010 00000000,28.1,274.25,27.3,79.0,5143.0,1755.0
2022-06-23 17:47:52.916894,28.1,279.9,23.1,279.9,84,100,0.0,27.32,166.9,28.0,3.411,3.423,26,28,560,558,00000000 10101000 10000010 00001010,10101000 10100000 10001010 00000000,28.1,274.25,27.3,79.0,5143.0,1755.0
2022-06-23 17:47:53.920655,28.1,279.9,23.1,279.9,84,100,0.0,27.32,166.9,28.0,3.411,3.423,26,28,560,558,00000000 10101000 10000010 00001010,10101000 10100000 10001010 00000000,28.1,274.25,27.3,80.0,5143.0,1755.0
2022-06-23 17:47:54.923933,28.1,279.9,23.1,279.9,84,100,0.0,27.32,166.9,28.0,3.411,3.423,26,28,560,558,00000000 10101000 10000010 00001010,10101000 10100000 10001010 00000000,28.1,274.25,27.3,80.0,5143.0,1755.0
2022-06-23 17:47:55.927552,28.1,279.9,23.1,279.9,84,100,0.0,27.32,166.9,28.0,3.411,3.423,26,28,560,558,00000000 10101000 10000010 00001010,10101000 10100000 10001010 00000000,28.1,274.25,27.25,80.0,5143.0,1755.0
2022-06-23 17:47:56.931628,28.1,279.9,23.1,279.9,84,100,0.0,27.32,166.9,28.0,3.411,3.423,26,28,560,558,00000000 10101000 10000010 00001010,10101000 10100000 10001010 00000000,28.1,274.25,27.35,80.0,5143.0,1755.0
2022-06-23 17:47:57.935471,28.1,279.9,23.1,279.9,84,100,0.0,27.33,167.0,28.0,3.411,3.423,26,28,560,558,00000000 10101000 10000010 00001010,10101000 10100000 10001010 00000000,28.1,274.25,27.3,80.0,5143.0,1755.0
2022-06-23 17:47:58.939339,28.1,279.9,23.1,279.9,84,100,0.0,27.33,167.1,28.0,3.411,3.423,26,28,560,558,00000000 10101000 10000010 00001010,10101000 10100000 10001010 00000000,28.1,274.25,27.3,80.0,5143.0,1755.0
2022-06-23 17:47:59.943002,28.1,279.9,23.1,279.9,84,100,0.0,27.33,167.1,28.0,3.411,3.423,26,28,560,558,00000000 10101000 10000010 00001010,10101000 10100000 10001010 00000000,28.1,274.25,27.3,80.0,5143.0,1755.0
2022-06-23 17:48:00.946038,28.1,279.9,23.1,279.9,84,100,0.0,27.33,167.1,28.0,3.411,3.423,26,28,560,558,00000000 10101000 10000010 00001010,10101000 10100000 10001010 00000000,28.1,274.25,27.3,80.0,5143.0,1755.0
2022-06-23 17:48:01.949372,28.1,279.9,23.1,279.9,84,100,0.0,27.33,167.1,28.0,3.411,3.423,26,28,560,558,00000000 10101000 10000010 00001010,10101000 10100000 10001010 00000000,28.1,274.25,27.3,80.0,5143.0,1755.0
2022-06-23 17:48:02.952425,28.1,279.9,23.1,279.9,84,100,0.0,27.32,167.0,28.0,3.411,3.423,26,28,560,558,00000000 10101000 10000010 00001010,10101000 10100000 10001010 00000000,28.1,274.25,27.3,80.0,5143.0,1755.0
2022-06-23 17:48:03.955073,28.1,279.9,23.1,279.9,84,100,0.0,27.32,166.9,28.0,3.411,3.423,26,28,560,558,00000000 10101000 10000010 00001010,10101000 10100000 10001010 00000000,28.1,274.25,27.3,80.0,5143.0,1755.0
2022-06-23 17:48:04.957930,28.1,279.9,23.1,279.9,84,100,0.0,27.32,166.9,28.0,3.411,3.42,26,28,560,558,00000000 10101000 10000010 00001010,10101000 10100000 10001010 00000000,28.1,274.25,27.3,80.0,5143.0,1755.0
2022-06-23 17:48:05.961364,28.1,279.9,23.1,279.9,84,100,0.0,27.33,167.0,28.0,3.411,3.42,26,28,560,558,00000000 10101000 10000010 00001010,10101000 10100000 10001010 00000000,28.1,274.25,27.3,80.0,5143.0,1755.0
2022-06-23 17:48:06.963782,28.1,279.9,23.1,279.9,84,100,0.0,27.32,167.1,28.0,3.411,3.42,26,28,560,558,00000000 10101000 10000010 00001010,10101000 10100000 10001010 00000000,28.1,274.25,27.3,80.0,5143.0,1755.0
2022-06-23 17:48:07.967697,28.1,279.9,23.1,279.9,84,100,0.0,27.33,167.2,28.0,3.411,3.423,26,28,560,558,00000000 10101000 10000010 00001010,10101000 10100000 10001010 00000000,28.1,274.25,27.3,80.0,5143.0,1755.0
2022-06-23 17:48:08.971200,28.1,279.9,23.1,279.9,84,100,0.0,27.33,167.2,28.0,3.411,3.423,26,28,560,558,00000000 10101000 10000010 00001010,10101000 10100000 10001010 00000000,28.1,274.25,27.25,80.0,5143.0,1755.0
2022-06-23 17:48:09.974599,28.1,279.9,23.1,279.9,84,100,0.0,27.33,167.2,28.0,3.411,3.423,26,28,560,558,00000000 10101000 10000010 00001010,10101000 10100000 10001010 00000000,28.1,274.25,27.3,80.0,5143.0,1755.0
2022-06-23 17:48:10.978208,28.1,279.9,23.1,279.9,84,100,0.0,27.33,167.2,28.0,3.411,3.423,26,28,560,558,00000000 10101000 10000010 00001010,10101000 10100000 10001010 00000000,28.1,274.25,27.3,80.0,5143.0,1755.0
2022-06-23 17:48:11.980529,28.1,279.9,23.1,279.9,84,100,0.0,27.33,167.0,28.0,3.411,3.423,26,28,560,558,00000000 10101000 10000010 00001010,10101000 10100000 10001010 00000000,28.1,274.25,27.25,80.0,5143.0,1755.0
2022-06-23 17:48:12.983790,28.1,279.9,23.1,279.9,84,100,0.0,27.32,166.8,28.0,3.411,3.423,26,28,560,558,00000000 10101000 10000010 00001010,10101000 10100000 10001010 00000000,28.1,274.25,27.25,80.0,5143.0,1755.0
2022-06-23 17:48:13.987465,28.1,279.9,23.1,279.9,84,100,0.0,27.32,166.8,28.0,3.411,3.423,26,28,560,558,00000000 10101000 10000010 00001010,10101000 10100000 10001010 00000000,28.1,274.25,27.3,80.0,5143.0,1755.0
2022-06-23 17:48:14.990874,28.1,279.9,23.1,279.9,84,100,0.0,27.32,166.7,28.0,3.411,3.423,26,28,560,558,00000000 10101000 10000010 00001010,10101000 10100000 10001010 00000000,28.1,274.25,27.3,81.0,5143.0,1755.0
2022-06-23 17:48:15.993586,28.1,279.9,23.1,279.9,84,100,0.0,27.33,166.6,28.0,3.411,3.423,26,28,560,558,00000000 10101000 10000010 00001010,10101000 10100000 10001010 00000000,28.1,274.25,27.3,81.0,5143.0,1755.0
2022-06-23 17:48:16.996126,28.1,279.9,23.1,279.9,84,100,0.0,27.33,166.7,28.0,3.411,3.423,26,28,560,558,00000000 10101000 10000010 00001010,10101000 10100000 10001010 00000000,28.1,274.25,27.25,81.0,5143.0,1755.0
2022-06-23 17:48:17.999007,28.1,279.9,23.1,279.9,84,100,0.0,27.33,166.7,28.0,3.411,3.423,26,28,560,558,00000000 10101000 10000010 00001010,10101000 10100000 10001010 00000000,28.1,274.25,27.25,81.0,5143.0,1755.0
2022-06-23 17:48:19.002484,28.1,279.9,23.1,279.9,84,100,0.0,27.33,166.6,28.0,3.411,3.423,26,28,560,558,00000000 10101000 10000010 00001010,10101000 10100000 10001010 00000000,28.1,274.25,27.35,81.0,5143.0,1755.0
2022-06-23 17:48:20.005433,28.1,279.9,23.1,279.9,84,100,0.0,27.33,166.6,28.0,3.411,3.423,26,28,560,558,00000000 10101000 10000010 00001010,10101000 10100000 10001010 00000000,28.1,274.25,27.3,81.0,5143.0,1755.0
2022-06-23 17:48:21.008690,28.1,279.9,23.1,279.9,84,100,0.0,27.32,166.6,28.0,3.411,3.423,26,28,560,558,00000000 10101000 10000010 00001010,10101000 10100000 10001010 00000000,28.1,274.25,27.3,81.0,5143.0,1755.0
2022-06-23 17:48:22.011595,28.1,279.9,23.1,279.9,84,100,0.0,27.32,166.6,28.0,3.411,3.423,26,28,560,558,00000000 10101000 10000010 00001010,10101000 10100000 10001010 00000000,28.1,274.25,27.25,81.0,5143.0,1755.0
2022-06-23 17:48:23.014972,28.1,279.9,23.1,279.9,84,100,0.0,27.32,166.6,28.0,3.411,3.423,26,28,560,558,00000000 10101000 10000010 00001010,10101000 10100000 10001010 00000000,28.1,274.25,27.25,81.0,5143.0,1755.0
2022-06-23 17:48:24.018266,28.1,279.9,23.1,279.9,84,100,0.0,27.32,166.6,28.0,3.411,3.42,26,28,560,558,00000000 10101000 10000010 00001010,10101000 10100000 10001010 00000000,28.1,274.25,27.3,81.0,5143.0,1755.0
2022-06-23 17:48:25.021625,28.1,279.9,23.1,279.9,84,100,0.0,27.32,166.6,28.0,3.411,3.42,26,28,560,558,00000000 10101000 10000010 00001010,10101000 10100000 10001010 00000000,28.1,274.25,27.3,81.0,5143.0,1755.0
2022-06-23 17:48:26.025261,28.1,279.9,23.1,279.9,84,100,0.0,27.32,166.6,28.0,3.411,3.42,26,28,560,558,00000000 10101000 10000010 00001010,10101000 10100000 10001010 00000000,28.1,274.25,27.3,81.0,5143.0,1755.0
2022-06-23 17:48:27.028920,28.1,279.9,23.1,279.9,84,100,0.0,27.32,166.6,28.0,3.411,3.42,26,28,560,558,00000000 10101000 10000010 00001010,10101000 10100000 10001010 00000000,28.1,274.25,27.3,81.0,5143.0,1755.0
2022-06-23 17:48:28.032064,28.1,279.9,23.1,279.9,84,100,0.0,27.32,166.5,28.0,3.411,3.42,26,28,560,558,00000000 10101000 10000010 00001010,10101000 10100000 10001010 00000000,28.1,274.25,27.3,81.0,5143.0,1755.0
2022-06-23 17:48:29.034649,28.1,279.9,23.1,279.9,84,100,0.0,27.32,166.5,28.0,3.411,3.42,26,28,560,558,00000000 10101000 10000010 00001010,10101000 10100000 10001010 00000000,28.1,274.25,27.25,81.0,5143.0,1755.0
2022-06-23 17:48:30.037358,28.1,279.9,23.1,279.9,84,100,0.0,27.32,166.3,28.0,3.411,3.42,26,28,560,558,00000000 10101000 10000010 00001010,10101000 10100000 10001010 00000000,28.1,274.25,27.3,82.0,5143.0,1755.0
2022-06-23 17:48:31.041295,28.1,279.9,23.1,279.9,84,100,0.0,27.32,166.2,28.0,3.411,3.423,26,28,560,558,00000000 10101000 10000010 00001010,10101000 10100000 10001010 00000000,28.1,274.25,27.3,82.0,5143.0,1755.0
2022-06-23 17:48:32.044721,28.1,279.9,23.1,279.9,84,100,0.0,27.32,166.2,28.0,3.411,3.423,26,28,560,558,00000000 10101000 10000010 00001010,10101000 10100000 10001010 00000000,28.1,274.25,27.25,82.0,5143.0,1755.0
2022-06-23 17:48:33.048417,28.1,279.9,23.1,279.9,84,100,0.0,27.32,166.3,28.0,3.411,3.423,26,28,560,558,00000000 10101000 10000010 00001010,10101000 10100000 10001010 00000000,28.1,274.25,27.3,82.0,5143.0,1755.0
2022-06-23 17:48:34.052077,28.1,279.9,23.1,279.9,84,100,0.0,27.32,166.3,28.0,3.411,3.42,26,28,560,558,00000000 10101000 10000010 00001010,10101000 10100000 10001010 00000000,28.1,274.25,27.3,82.0,5143.0,1755.0
2022-06-23 17:48:35.055613,28.1,279.9,23.1,279.9,84,100,0.0,27.32,166.3,28.0,3.411,3.42,26,28,560,558,00000000 10101000 10000010 00001010,10101000 10100000 10001010 00000000,28.1,274.25,27.3,82.0,5143.0,1755.0
2022-06-23 17:48:36.059028,28.1,279.9,23.1,279.9,84,100,0.0,27.32,166.3,28.0,3.411,3.42,26,28,560,558,00000000 10101000 10000010 00001010,10101000 10100000 10001010 00000000,28.1,274.25,27.25,82.0,5143.0,1755.0
2022-06-23 17:48:37.062509,28.1,279.9,23.1,279.9,84,100,0.0,27.32,166.3,28.0,3.411,3.42,26,28,560,558,00000000 10101000 10000010 00001010,10101000 10100000 10001010 00000000,28.1,274.25,27.25,82.0,5143.0,1755.0
2022-06-23 17:48:38.066281,28.1,279.9,23.1,279.9,84,100,0.0,27.32,166.3,28.0,3.411,3.42,26,28,560,558,00000000 10101000 10000010 00001010,10101000 10100000 10001010 00000000,28.1,274.25,27.25,82.0,5143.0,1755.0
2022-06-23 17:48:39.070012,28.1,279.9,23.1,279.9,84,100,0.0,27.32,166.2,28.0,3.411,3.42,26,28,560,558,00000000 10101000 10000010 00001010,10101000 10100000 10001010 00000000,28.1,274.25,27.3,82.0,5143.0,1755.0
2022-06-23 17:48:40.073227,28.1,279.9,23.1,279.9,84,100,0.0,27.32,166.0,28.0,3.411,3.42,26,28,560,558,00000000 10101000 10000010 00001010,10101000 10100000 10001010 00000000,28.1,274.25,27.3,82.0,5143.0,1755.0
2022-06-23 17:48:41.075648,28.1,279.9,23.1,279.9,84,100,0.0,27.32,166.0,28.0,3.411,3.42,26,28,560,558,00000000 10101000 10000010 00001010,10101000 10100000 10001010 00000000,28.1,274.25,27.3,82.0,5143.0,1755.0
2022-06-23 17:48:42.078621,28.1,279.9,23.1,279.9,84,100,0.0,27.32,165.9,28.0,3.411,3.42,26,28,560,558,00000000 10101000 10000010 00001010,10101000 10100000 10001010 00000000,28.1,274.25,27.3,82.0,5143.0,1755.0
2022-06-23 17:48:43.080999,28.1,279.9,23.1,279.9,84,100,0.0,27.32,165.9,28.0,3.411,3.42,26,28,560,558,00000000 10101000 10000010 00001010,10101000 10100000 10001010 00000000,28.1,274.25,27.3,82.0,5143.0,1755.0
2022-06-23 17:48:44.084266,28.1,279.9,23.1,279.9,84,100,0.0,27.32,165.8,28.0,3.411,3.42,26,28,560,558,00000000 10101000 10000010 00001010,10101000 10100000 10001010 00000000,28.1,274.25,27.3,82.0,5143.0,1755.0
2022-06-23 17:48:45.087746,28.1,279.9,23.1,279.9,84,100,0.0,27.32,165.8,28.0,3.411,3.42,26,28,560,558,00000000 10101000 10000010 00001010,10101000 10100000 10001010 00000000,28.1,274.25,27.3,82.0,5143.0,1755.0
2022-06-23 17:48:46.091089,28.1,279.9,23.1,279.9,84,100,0.0,27.32,166.1,28.0,3.411,3.42,26,28,560,558,00000000 10101000 10000010 00001010,10101000 10100000 10001010 00000000,28.1,274.25,27.3,82.0,5143.0,1755.0
2022-06-23 17:48:47.094592,28.1,279.9,23.1,279.9,84,100,0.0,27.32,166.2,28.0,3.411,3.42,26,28,560,558,00000000 10101000 10000010 00001010,10101000 10100000 10001010 00000000,28.1,274.25,27.3,82.0,5143.0,1755.0
2022-06-23 17:48:48.098053,28.1,279.9,23.1,279.9,84,100,0.0,27.32,166.3,28.0,3.411,3.42,26,28,560,558,00000000 10101000 10000010 00001010,10101000 10100000 10001010 00000000,28.1,274.25,27.25,82.0,5143.0,1755.0
2022-06-23 17:48:49.101436,28.1,279.9,23.1,279.9,84,100,0.0,27.32,166.3,28.0,3.411,3.42,26,28,560,558,00000000 10101000 10000010 00001010,10101000 10100000 10001010 00000000,28.1,274.25,27.3,82.0,5143.0,1755.0
2022-06-23 17:48:50.105002,28.1,279.9,23.1,279.9,84,100,0.0,27.32,166.3,28.0,3.411,3.42,26,28,560,558,00000000 10101000 10000010 00001010,10101000 10100000 10001010 00000000,28.1,274.25,27.3,82.0,5143.0,1755.0
2022-06-23 17:48:51.107963,28.1,279.9,23.1,279.9,84,100,0.0,27.32,166.3,28.0,3.411,3.42,26,28,560,558,00000000 10101000 10000010 00001010,10101000 10100000 10001010 00000000,28.1,274.25,27.3,82.0,5143.0,1755.0
2022-06-23 17:48:52.111439,28.1,279.9,23.1,279.9,84,100,0.0,27.32,166.4,28.0,3.411,3.42,26,28,560,558,00000000 10101000 10000010 00001010,10101000 10100000 10001010 00000000,28.1,274.25,27.3,82.0,5143.0,1755.0
2022-06-23 17:48:53.115070,28.1,279.9,23.1,279.9,84,100,0.0,27.32,166.9,28.0,3.411,3.423,26,28,560,558,00000000 10101000 10000010 00001010,10101000 10100000 10001010 00000000,28.1,274.25,27.3,82.0,5143.0,1755.0
2022-06-23 17:48:54.117670,28.1,279.9,23.1,279.9,84,100,0.0,27.32,166.9,28.0,3.411,3.423,26,28,560,558,00000000 10101000 10000010 00001010,10101000 10100000 10001010 00000000,28.1,274.25,27.3,82.0,5143.0,1755.0
2022-06-23 17:48:55.120290,28.1,279.9,23.1,279.9,84,100,0.0,27.32,167.0,28.0,3.411,3.423,26,28,560,558,00000000 10101000 10000010 00001010,10101000 10100000 10001010 00000000,28.1,274.25,27.3,82.0,5143.0,1755.0
2022-06-23 17:48:56.123124,28.1,279.9,23.1,279.9,84,100,0.0,27.32,166.9,28.0,3.411,3.423,26,28,560,558,00000000 10101000 10000010 00001010,10101000 10100000 10001010 00000000,28.1,274.25,27.35,82.0,5143.0,1755.0
2022-06-23 17:48:57.126539,28.1,279.9,23.1,279.9,84,100,0.0,27.32,166.9,28.0,3.411,3.42,26,28,560,558,00000000 10101000 10000010 00001010,10101000 10100000 10001010 00000000,28.1,274.25,27.3,82.0,5143.0,1755.0
2022-06-23 17:48:58.129786,28.1,279.9,23.1,279.9,84,100,0.0,27.32,166.8,28.0,3.411,3.42,26,28,560,558,00000000 10101000 10000010 00001010,10101000 10100000 10001010 00000000,28.1,274.25,27.3,82.0,5143.0,1755.0
2022-06-23 17:48:59.133392,28.1,279.9,23.1,279.9,84,100,0.0,27.33,166.8,28.0,3.411,3.42,26,28,560,558,00000000 10101000 10000010 00001010,10101000 10100000 10001010 00000000,28.1,274.25,27.3,82.0,5143.0,1755.0
2022-06-23 17:49:00.136779,28.1,279.9,23.1,279.9,84,100,0.0,27.32,166.6,28.0,3.411,3.423,26,28,560,558,00000000 10101000 10000010 00001010,10101000 10100000 10001010 00000000,28.1,274.25,27.3,82.0,5143.0,1755.0
2022-06-23 17:49:01.140047,28.1,279.9,23.1,279.9,84,100,0.0,27.32,166.6,28.0,3.411,3.423,26,28,560,558,00000000 10101000 10000010 00001010,10101000 10100000 10001010 00000000,28.1,274.25,27.3,82.0,5143.0,1755.0
2022-06-23 17:49:02.143118,28.1,279.9,23.1,279.9,84,100,0.0,27.32,166.6,28.0,3.411,3.423,26,28,560,558,00000000 10101000 10000010 00001010,10101000 10100000 10001010 00000000,28.1,274.25,27.25,82.0,5143.0,1755.0
2022-06-23 17:49:03.146356,28.1,279.9,23.1,279.9,84,100,0.0,27.32,166.5,28.0,3.411,3.42,26,28,560,558,00000000 10101000 10000010 00001010,10101000 10100000 10001010 00000000,28.1,274.25,27.25,82.0,5143.0,1755.0
2022-06-23 17:49:04.150067,28.1,279.9,23.1,279.9,84,100,0.0,27.32,166.3,28.0,3.411,3.42,26,28,560,558,00000000 10101000 10000010 00001010,10101000 10100000 10001010 00000000,28.1,274.25,27.3,82.0,5143.0,1755.0
2022-06-23 17:49:05.153651,28.1,279.9,23.1,279.9,84,100,0.0,27.32,166.3,28.0,3.411,3.42,26,28,560,558,00000000 10101000 10000010 00001010,10101000 10100000 10001010 00000000,28.1,274.25,27.25,82.0,5143.0,1755.0
2022-06-23 17:49:06.156744,28.1,279.9,23.1,279.9,84,100,0.0,27.32,166.3,28.0,3.411,3.42,26,28,560,558,00000000 10101000 10000010 00001010,10101000 10100000 10001010 00000000,28.1,274.25,27.3,82.0,5143.0,1755.0
2022-06-23 17:49:07.159343,28.1,279.9,23.1,279.9,84,100,0.0,27.32,166.2,28.0,3.411,3.42,26,28,560,558,00000000 10101000 10000010 00001010,10101000 10100000 10001010 00000000,28.1,274.25,27.3,82.0,5143.0,1755.0
2022-06-23 17:49:08.161964,28.1,279.9,23.1,279.9,84,100,0.0,27.32,166.1,28.0,3.411,3.42,26,28,560,558,00000000 10101000 10000010 00001010,10101000 10100000 10001010 00000000,28.1,274.25,27.3,82.0,5143.0,1755.0
2022-06-23 17:49:09.165483,28.1,279.9,23.1,279.9,85,100,0.0,27.32,165.9,28.0,3.411,3.42,26,28,560,558,00000000 10101000 10000010 00001010,10101000 10100000 10001010 00000000,28.1,274.25,27.25,82.0,5143.0,1755.0
2022-06-23 17:49:10.169281,28.1,279.9,23.1,279.9,85,100,0.0,27.32,165.9,28.0,3.411,3.42,26,28,560,558,00000000 10101000 10000010 00001010,10101000 10100000 10001010 00000000,28.1,274.25,27.25,83.0,5143.0,1755.0
2022-06-23 17:49:11.173024,28.1,279.9,23.1,279.9,85,100,0.0,27.32,165.8,28.0,3.411,3.42,26,28,560,558,00000000 10101000 10000010 00001010,10101000 10100000 10001010 00000000,28.1,274.25,27.3,83.0,5143.0,1755.0
2022-06-23 17:49:12.176583,28.1,279.9,23.1,279.9,85,100,0.0,27.32,165.7,28.0,3.411,3.42,26,28,560,558,00000000 10101000 10000010 00001010,10101000 10100000 10001010 00000000,28.1,274.25,27.3,83.0,5143.0,1755.0
2022-06-23 17:49:13.179637,28.1,279.9,23.1,279.9,85,100,0.0,27.32,165.7,28.0,3.411,3.42,26,28,560,558,00000000 10101000 10000010 00001010,10101000 10100000 10001010 00000000,28.1,274.25,27.3,83.0,5143.0,1755.0
2022-06-23 17:49:14.183036,28.1,279.9,23.1,279.9,85,100,0.0,27.32,165.6,28.0,3.411,3.42,26,28,560,558,00000000 10101000 10000010 00001010,10101000 10100000 10001010 00000000,28.1,274.25,27.3,83.0,5143.0,1755.0
2022-06-23 17:49:15.186631,28.1,279.9,23.1,279.9,85,100,0.0,27.32,165.6,28.0,3.411,3.42,26,28,560,558,00000000 10101000 10000010 00001010,10101000 10100000 10001010 00000000,28.1,274.25,27.25,83.0,5143.0,1755.0
2022-06-23 17:49:16.190630,28.1,279.9,23.1,279.9,85,100,0.0,27.32,165.6,28.0,3.411,3.42,26,28,560,558,00000000 10101000 10000010 00001010,10101000 10100000 10001010 00000000,28.1,274.25,27.3,83.0,5143.0,1755.0
2022-06-23 17:49:17.194532,28.1,279.9,23.1,279.9,85,100,0.0,27.32,165.6,28.0,3.411,3.42,26,28,560,558,00000000 10101000 10000010 00001010,10101000 10100000 10001010 00000000,28.1,274.25,27.35,83.0,5143.0,1755.0
2022-06-23 17:49:18.197761,28.1,279.9,23.1,279.9,85,100,0.0,27.32,165.6,28.0,3.411,3.42,26,28,560,558,00000000 10101000 10000010 00001010,10101000 10100000 10001010 00000000,28.1,274.25,27.3,83.0,5143.0,1755.0
2022-06-23 17:49:19.201326,28.1,279.9,23.1,279.9,85,100,0.0,27.32,165.6,28.0,3.411,3.42,26,28,560,558,00000000 10101000 10000010 00001010,10101000 10100000 10001010 00000000,28.1,274.25,27.3,83.0,5143.0,1755.0
2022-06-23 17:49:20.203879,28.1,279.9,23.1,279.9,85,100,0.0,27.32,165.6,28.0,3.411,3.42,26,28,560,558,00000000 10101000 10000010 00001010,10101000 10100000 10001010 00000000,28.1,274.25,27.3,83.0,5143.0,1755.0
2022-06-23 17:49:21.206380,28.1,279.9,23.1,279.9,85,100,0.0,27.32,165.6,28.0,3.411,3.42,26,28,560,558,00000000 10101000 10000010 00001010,10101000 10100000 10001010 00000000,28.1,274.25,27.3,83.0,5143.0,1755.0
2022-06-23 17:49:22.209167,28.1,279.9,23.1,279.9,85,100,0.0,27.32,165.6,28.0,3.411,3.42,26,28,560,558,00000000 10101000 10000010 00001010,10101000 10100000 10001010 00000000,28.1,274.25,27.3,83.0,5143.0,1755.0
2022-06-23 17:49:23.212416,28.1,279.9,23.1,279.9,85,100,0.0,27.32,165.7,28.0,3.411,3.423,26,28,560,558,00000000 10101000 10000010 00001010,10101000 10100000 10001010 00000000,28.1,274.25,27.25,83.0,5143.0,1755.0
2022-06-23 17:49:24.215759,28.1,279.9,23.1,279.9,85,100,0.0,27.32,166.0,28.0,3.411,3.423,26,28,560,558,00000000 10101000 10000010 00001010,10101000 10100000 10001010 00000000,28.1,274.25,27.3,83.0,5143.0,1755.0
2022-06-23 17:49:25.219347,28.1,279.9,23.1,279.9,85,100,0.0,27.32,166.1,28.0,3.411,3.423,26,28,560,558,00000000 10101000 10000010 00001010,10101000 10100000 10001010 00000000,28.1,274.25,27.25,83.0,5143.0,1755.0
2022-06-23 17:49:26.221776,28.1,279.9,23.1,279.9,85,100,0.0,27.32,166.1,28.0,3.411,3.423,26,28,560,558,00000000 10101000 10000010 00001010,10101000 10100000 10001010 00000000,28.1,274.25,27.3,83.0,5143.0,1755.0
2022-06-23 17:49:27.224974,28.1,279.9,23.1,279.9,85,100,0.0,27.32,166.1,28.0,3.411,3.423,26,28,560,558,00000000 10101000 10000010 00001010,10101000 10100000 10001010 00000000,28.1,274.25,27.35,83.0,5143.0,1755.0
2022-06-23 17:49:28.228622,28.1,279.9,23.1,279.9,85,100,0.0,27.32,166.1,28.0,3.411,3.423,26,28,560,558,00000000 10101000 10000010 00001010,10101000 10100000 10001010 00000000,28.1,274.25,27.25,83.0,5143.0,1755.0
2022-06-23 17:49:29.232161,28.1,279.9,23.1,279.9,85,100,0.0,27.32,166.1,28.0,3.411,3.423,26,28,560,558,00000000 10101000 10000010 00001010,10101000 10100000 10001010 00000000,28.1,274.25,27.35,83.0,5143.0,1755.0
2022-06-23 17:49:30.235747,28.1,279.9,23.1,279.9,85,100,0.0,27.32,166.1,28.0,3.411,3.423,26,28,560,558,00000000 10101000 10000010 00001010,10101000 10100000 10001010 00000000,28.1,274.25,27.3,83.0,5143.0,1755.0
2022-06-23 17:49:31.238202,28.1,279.9,23.1,279.9,85,100,0.0,27.32,166.1,28.0,3.411,3.423,26,28,560,558,00000000 10101000 10000010 00001010,10101000 10100000 10001010 00000000,28.1,274.25,27.3,83.0,5143.0,1755.0
2022-06-23 17:49:32.241645,28.1,279.9,23.1,279.9,85,100,0.0,27.32,166.1,28.0,3.411,3.42,26,28,560,558,00000000 10101000 10000010 00001010,10101000 10100000 10001010 00000000,28.1,274.25,27.3,83.0,5143.0,1755.0
2022-06-23 17:49:33.244300,28.1,279.9,23.1,279.9,85,100,0.0,27.32,166.1,28.0,3.411,3.42,26,28,560,558,00000000 10101000 10000010 00001010,10101000 10100000 10001010 00000000,28.1,274.25,27.3,83.0,5143.0,1755.0
2022-06-23 17:49:34.246962,28.1,279.9,23.1,279.9,85,100,0.0,27.32,166.0,28.0,3.411,3.42,26,28,560,558,00000000 10101000 10000010 00001010,10101000 10100000 10001010 00000000,28.1,274.25,27.3,83.0,5143.0,1755.0
2022-06-23 17:49:35.251019,28.1,279.9,23.1,279.9,85,100,0.0,27.32,165.9,28.0,3.411,3.42,26,28,560,558,00000000 10101000 10000010 00001010,10101000 10100000 10001010 00000000,28.1,274.25,27.3,83.0,5143.0,1755.0
2022-06-23 17:49:36.253398,28.1,279.9,23.1,279.9,85,100,0.0,27.32,165.8,28.0,3.411,3.42,26,28,560,558,00000000 10101000 10000010 00001010,10101000 10100000 10001010 00000000,28.1,274.25,27.35,83.0,5143.0,1755.0
2022-06-23 17:49:37.256728,28.1,279.9,23.1,279.9,85,100,0.0,27.32,166.1,28.0,3.411,3.42,26,28,560,558,00000000 10101000 10000010 00001010,10101000 10100000 10001010 00000000,28.1,274.25,27.3,83.0,5143.0,1755.0
2022-06-23 17:49:38.259971,28.1,279.9,23.1,279.9,85,100,0.0,27.32,166.1,28.0,3.411,3.42,26,28,560,558,00000000 10101000 10000010 00001010,10101000 10100000 10001010 00000000,28.1,274.25,27.3,83.0,5143.0,1755.0
2022-06-23 17:49:39.263262,28.1,279.9,23.1,279.9,85,100,0.0,27.32,166.3,28.0,3.411,3.423,26,28,560,558,00000000 10101000 10000010 00001010,10101000 10100000 10001010 00000000,28.1,274.25,27.3,83.0,5143.0,1755.0
2022-06-23 17:49:40.266238,28.1,279.9,23.1,279.9,85,100,0.0,27.32,166.4,28.0,3.411,3.423,26,28,560,558,00000000 10101000 10000010 00001010,10101000 10100000 10001010 00000000,28.1,274.25,27.3,83.0,5143.0,1755.0
2022-06-23 17:49:41.269984,28.1,279.9,23.1,279.9,85,100,0.0,27.32,166.4,28.0,3.411,3.423,26,28,560,558,00000000 10101000 10000010 00001010,10101000 10100000 10001010 00000000,28.1,274.25,27.3,83.0,5143.0,1755.0
2022-06-23 17:49:42.273319,28.1,279.9,23.1,279.9,85,100,0.0,27.32,166.4,28.0,3.411,3.42,26,28,560,558,00000000 10101000 10000010 00001010,10101000 10100000 10001010 00000000,28.1,274.25,27.3,83.0,5143.0,1755.0
2022-06-23 17:49:43.276752,28.1,279.9,23.1,279.9,85,100,0.0,27.32,166.4,28.0,3.411,3.42,26,28,560,558,00000000 10101000 10000010 00001010,10101000 10100000 10001010 00000000,28.1,274.25,27.35,83.0,5143.0,1755.0
2022-06-23 17:49:44.280108,28.1,279.9,23.1,279.9,85,100,0.0,27.32,166.4,28.0,3.411,3.42,26,28,560,558,00000000 10101000 10000010 00001010,10101000 10100000 10001010 00000000,28.1,274.25,27.25,83.0,5143.0,1755.0
2022-06-23 17:49:45.282614,28.1,279.9,23.1,279.9,85,100,0.0,27.32,166.4,28.0,3.411,3.423,26,28,560,558,00000000 10101000 10000010 00001010,10101000 10100000 10001010 00000000,28.1,274.25,27.3,83.0,5143.0,1755.0
2022-06-23 17:49:46.285069,28.1,279.9,23.1,279.9,85,100,0.0,27.32,166.4,28.0,3.411,3.423,26,28,560,558,00000000 10101000 10000010 00001010,10101000 10100000 10001010 00000000,28.1,274.25,27.3,83.0,5143.0,1755.0
2022-06-23 17:49:47.288002,28.1,279.9,23.1,279.9,85,100,0.0,27.32,166.5,28.0,3.411,3.423,26,28,560,558,00000000 10101000 10000010 00001010,10101000 10100000 10001010 00000000,28.1,274.25,27.25,83.0,5143.0,1755.0
2022-06-23 17:49:48.296976,28.1,279.9,23.1,279.9,85,100,0.0,27.32,166.3,28.0,3.411,3.423,26,28,560,558,00000000 10101000 10000010 00001010,10101000 10100000 10001010 00000000,28.1,274.25,27.3,83.0,5143.0,1755.0
2022-06-23 17:49:49.300470,28.1,279.9,23.1,279.9,85,100,0.0,27.32,166.3,28.0,3.411,3.423,26,28,560,558,00000000 10101000 10000010 00001010,10101000 10100000 10001010 00000000,28.1,274.25,27.35,83.0,5143.0,1755.0
2022-06-23 17:49:50.304695,28.1,279.9,23.1,279.9,85,100,0.0,27.32,166.1,28.0,3.411,3.423,26,28,560,558,00000000 10101000 10000010 00001010,10101000 10100000 10001010 00000000,28.1,274.25,27.3,83.0,5143.0,1755.0
2022-06-23 17:49:51.307974,28.1,279.9,23.1,279.9,85,100,0.0,27.32,166.0,28.0,3.411,3.423,26,28,560,558,00000000 10101000 10000010 00001010,10101000 10100000 10001010 00000000,28.1,274.25,27.3,83.0,5143.0,1755.0
2022-06-23 17:49:52.310430,28.1,279.9,23.1,279.9,85,100,0.0,27.32,166.0,28.0,3.411,3.42,26,28,560,558,00000000 10101000 10000010 00001010,10101000 10100000 10001010 00000000,28.1,274.25,27.3,83.0,5143.0,1755.0
2022-06-23 17:49:53.313139,28.1,279.9,23.1,279.9,85,100,0.0,27.32,166.0,28.0,3.411,3.42,26,28,560,558,00000000 10101000 10000010 00001010,10101000 10100000 10001010 00000000,28.1,274.25,27.3,83.0,5143.0,1755.0
2022-06-23 17:49:54.316586,28.1,279.9,23.1,279.9,85,100,0.0,27.32,166.0,28.0,3.411,3.42,26,28,560,558,00000000 10101000 10000010 00001010,10101000 10100000 10001010 00000000,28.1,274.25,27.3,83.0,5143.0,1755.0
2022-06-23 17:49:55.319848,28.1,279.9,23.1,279.9,85,100,0.0,27.32,166.0,28.0,3.411,3.423,26,28,560,558,00000000 10101000 10000010 00001010,10101000 10100000 10001010 00000000,28.1,274.25,27.25,83.0,5143.0,1755.0
2022-06-23 17:49:56.322928,28.1,279.9,23.1,279.9,85,100,0.0,27.32,165.9,28.0,3.411,3.423,26,28,560,558,00000000 10101000 10000010 00001010,10101000 10100000 10001010 00000000,28.1,274.25,27.3,83.0,5143.0,1755.0
2022-06-23 17:49:57.325417,28.1,279.9,23.1,279.9,85,100,0.0,27.32,165.9,28.0,3.411,3.423,26,28,560,558,00000000 10101000 10000010 00001010,10101000 10100000 10001010 00000000,28.1,274.25,27.25,84.0,5143.0,1755.0
2022-06-23 17:49:58.328088,28.1,279.9,23.1,279.9,85,100,0.0,27.32,165.8,28.0,3.411,3.423,26,28,560,558,00000000 10101000 10000010 00001010,10101000 10100000 10001010 00000000,28.1,274.25,27.35,84.0,5143.0,1755.0
2022-06-23 17:49:59.330771,28.1,279.9,23.1,279.9,85,100,0.0,27.32,165.8,28.0,3.411,3.423,26,28,560,558,00000000 10101000 10000010 00001010,10101000 10100000 10001010 00000000,28.1,274.25,27.3,84.0,5143.0,1755.0
2022-06-23 17:50:00.333657,28.1,279.9,23.1,279.9,85,100,0.0,27.32,165.7,28.0,3.411,3.423,26,28,560,558,00000000 10101000 10000010 00001010,10101000 10100000 10001010 00000000,28.1,274.25,27.3,84.0,5143.0,1755.0
2022-06-23 17:50:01.337067,28.1,279.9,23.1,279.9,85,100,0.0,27.32,165.5,28.0,3.411,3.423,26,28,560,558,00000000 10101000 10000010 00001010,10101000 10100000 10001010 00000000,28.1,274.25,27.3,84.0,5143.0,1755.0
2022-06-23 17:50:02.339365,28.1,279.9,23.1,279.9,85,100,0.0,27.32,165.5,28.0,3.411,3.42,26,28,560,558,00000000 10101000 10000010 00001010,10101000 10100000 10001010 00000000,28.1,274.25,27.3,84.0,5143.0,1755.0
2022-06-23 17:50:03.342600,28.1,279.9,23.1,279.9,85,100,0.0,27.32,165.6,28.0,3.411,3.42,26,28,560,558,00000000 10101000 10000010 00001010,10101000 10100000 10001010 00000000,28.1,274.25,27.25,84.0,5143.0,1755.0
2022-06-23 17:50:04.345615,28.1,279.9,23.1,279.9,85,100,0.0,27.32,165.6,28.0,3.411,3.42,26,28,560,558,00000000 10101000 10000010 00001010,10101000 10100000 10001010 00000000,28.1,274.25,27.3,84.0,5143.0,1755.0
2022-06-23 17:50:05.349052,28.1,279.9,23.1,279.9,85,100,0.0,27.32,165.6,28.0,3.411,3.42,26,28,560,558,00000000 10101000 10000010 00001010,10101000 10100000 10001010 00000000,28.1,274.25,27.25,84.0,5143.0,1755.0
2022-06-23 17:50:06.353518,28.1,279.9,23.1,279.9,85,100,0.0,27.32,165.6,28.0,3.411,3.42,26,28,560,558,00000000 10101000 10000010 00001010,10101000 10100000 10001010 00000000,28.1,274.25,27.3,84.0,5143.0,1755.0
2022-06-23 17:50:07.355826,28.1,279.9,23.1,279.9,85,100,0.0,27.32,165.7,28.0,3.411,3.42,26,28,560,558,00000000 10101000 10000010 00001010,10101000 10100000 10001010 00000000,28.1,274.25,27.3,84.0,5143.0,1755.0
2022-06-23 17:50:08.358972,28.1,279.9,23.1,279.9,85,100,0.0,27.32,165.8,28.0,3.411,3.423,26,28,560,558,00000000 10101000 10000010 00001010,10101000 10100000 10001010 00000000,28.1,274.25,27.25,84.0,5143.0,1755.0
2022-06-23 17:50:09.362551,28.1,279.9,23.1,279.9,85,100,0.0,27.32,165.8,28.0,3.411,3.423,26,28,560,558,00000000 10101000 10000010 00001010,10101000 10100000 10001010 00000000,28.1,274.25,27.35,84.0,5143.0,1755.0
2022-06-23 17:50:10.365846,28.1,279.9,23.1,279.9,85,100,0.0,27.32,165.7,28.0,3.411,3.423,26,28,560,558,00000000 10101000 10000010 00001010,10101000 10100000 10001010 00000000,28.1,274.25,27.3,84.0,5143.0,1755.0
2022-06-23 17:50:11.368050,28.1,279.9,23.1,279.9,85,100,0.0,27.32,165.5,28.0,3.411,3.423,26,28,560,558,00000000 10101000 10000010 00001010,10101000 10100000 10001010 00000000,28.1,274.25,27.35,84.0,5143.0,1755.0
2022-06-23 17:50:12.370708,28.1,279.9,23.1,279.9,85,100,0.0,27.32,165.5,28.0,3.411,3.423,26,28,560,558,00000000 10101000 10000010 00001010,10101000 10100000 10001010 00000000,28.1,274.25,27.25,84.0,5143.0,1755.0
2022-06-23 17:50:13.374074,28.1,279.9,23.1,279.9,85,100,0.0,27.32,165.5,28.0,3.411,3.423,26,28,560,558,00000000 10101000 10000010 00001010,10101000 10100000 10001010 00000000,28.1,274.25,27.3,84.0,5143.0,1755.0
2022-06-23 17:50:14.377283,28.1,279.9,23.1,279.9,85,100,0.0,27.32,165.4,28.0,3.411,3.423,26,28,560,558,00000000 10101000 10000010 00001010,10101000 10100000 10001010 00000000,28.1,274.25,27.3,84.0,5143.0,1755.0
2022-06-23 17:50:15.380619,28.1,279.9,23.1,279.9,85,100,0.0,27.32,165.4,28.0,3.411,3.423,26,28,560,558,00000000 10101000 10000010 00001010,10101000 10100000 10001010 00000000,28.1,274.25,27.3,84.0,5143.0,1755.0
2022-06-23 17:50:16.384000,28.1,279.9,23.1,279.9,85,100,0.0,27.32,165.4,28.0,3.411,3.423,26,28,560,558,00000000 10101000 10000010 00001010,10101000 10100000 10001010 00000000,28.1,274.25,27.3,84.0,5143.0,1755.0
2022-06-23 17:50:17.387654,28.1,279.9,23.1,279.9,85,100,0.0,27.32,165.4,28.0,3.411,3.423,26,28,560,558,00000000 10101000 10000010 00001010,10101000 10100000 10001010 00000000,28.1,274.25,27.3,84.0,5143.0,1755.0
2022-06-23 17:50:18.390908,28.1,279.9,23.1,279.9,85,100,0.0,27.32,165.5,28.0,3.411,3.423,26,28,560,558,00000000 10101000 10000010 00001010,10101000 10100000 10001010 00000000,28.1,274.25,27.3,84.0,5143.0,1755.0
2022-06-23 17:50:19.394380,28.1,279.9,23.1,279.9,85,100,0.0,27.32,165.5,28.0,3.411,3.423,26,28,560,558,00000000 10101000 10000010 00001010,10101000 10100000 10001010 00000000,28.1,274.25,27.3,84.0,5143.0,1755.0
2022-06-23 17:50:20.397388,28.1,279.9,23.1,279.9,85,100,0.0,27.32,165.4,28.0,3.411,3.423,26,28,560,558,00000000 10101000 10000010 00001010,10101000 10100000 10001010 00000000,28.1,274.25,27.3,84.0,5143.0,1755.0
2022-06-23 17:50:21.400942,28.1,279.9,23.1,279.9,85,100,0.0,27.32,165.4,28.0,3.411,3.423,26,28,560,558,00000000 10101000 10000010 00001010,10101000 10100000 10001010 00000000,28.1,274.25,27.25,84.0,5143.0,1755.0
2022-06-23 17:50:22.404017,28.1,279.9,23.1,279.9,85,100,0.0,27.32,165.6,28.0,3.411,3.423,26,28,560,558,00000000 10101000 10000010 00001010,10101000 10100000 10001010 00000000,28.1,274.25,27.3,84.0,5143.0,1755.0
2022-06-23 17:50:23.406416,28.1,279.9,23.1,279.9,85,100,0.0,27.32,165.6,28.0,3.411,3.423,26,28,560,558,00000000 10101000 10000010 00001010,10101000 10100000 10001010 00000000,28.1,274.25,27.3,84.0,5143.0,1755.0
2022-06-23 17:50:24.409094,28.1,279.9,23.1,279.9,85,100,0.0,27.32,165.6,28.0,3.411,3.42,26,28,560,558,00000000 10101000 10000010 00001010,10101000 10100000 10001010 00000000,28.1,274.25,27.35,84.0,5143.0,1755.0
2022-06-23 17:50:25.411787,28.1,279.9,23.1,279.9,85,100,0.0,27.32,165.8,28.0,3.411,3.42,26,28,560,558,00000000 10101000 10000010 00001010,10101000 10100000 10001010 00000000,28.1,274.25,27.3,84.0,5143.0,1755.0
2022-06-23 17:50:26.415188,28.1,279.9,23.1,279.9,85,100,0.0,27.32,165.8,28.0,3.411,3.42,26,28,560,558,00000000 10101000 10000010 00001010,10101000 10100000 10001010 00000000,28.1,274.25,27.3,84.0,5143.0,1755.0
2022-06-23 17:50:27.418723,28.1,279.9,23.1,279.9,85,100,0.0,27.32,165.8,28.0,3.411,3.42,26,28,560,558,00000000 10101000 10000010 00001010,10101000 10100000 10001010 00000000,28.1,274.25,27.3,84.0,5143.0,1755.0
2022-06-23 17:50:28.421409,28.1,279.9,23.1,279.9,85,100,0.0,27.32,165.7,28.0,3.411,3.42,26,28,560,558,00000000 10101000 10000010 00001010,10101000 10100000 10001010 00000000,28.1,274.25,27.3,84.0,5143.0,1755.0
2022-06-23 17:50:29.428611,28.1,279.9,23.1,279.9,85,100,0.0,27.32,165.5,28.0,3.411,3.42,26,28,560,558,00000000 10101000 10000010 00001010,10101000 10100000 10001010 00000000,28.1,274.25,27.25,84.0,5143.0,1755.0
2022-06-23 17:50:30.433267,28.1,279.9,23.1,279.9,85,100,0.0,27.32,165.5,28.0,3.411,3.42,26,28,560,558,00000000 10101000 10000010 00001010,10101000 10100000 10001010 00000000,28.1,274.25,27.3,84.0,5143.0,1755.0
2022-06-23 17:50:31.442303,28.1,279.9,23.1,279.9,85,100,0.0,27.32,165.4,28.0,3.411,3.42,26,28,560,558,00000000 10101000 10000010 00001010,10101000 10100000 10001010 00000000,28.1,274.25,27.3,84.0,5143.0,1755.0
2022-06-23 17:50:32.446916,28.1,279.9,23.1,279.9,85,100,0.0,27.32,165.3,28.0,3.411,3.42,26,28,560,558,00000000 10101000 10000010 00001010,10101000 10100000 10001010 00000000,28.1,274.25,27.25,84.0,5143.0,1755.0
2022-06-23 17:50:33.449391,28.1,279.9,23.1,279.9,85,100,0.0,27.32,165.3,28.0,3.411,3.42,26,28,560,558,00000000 10101000 10000010 00001010,10101000 10100000 10001010 00000000,28.1,274.25,27.3,84.0,5128.0,1750.0
2022-06-23 17:50:34.452470,28.1,279.9,23.1,279.9,85,100,0.0,27.32,165.3,28.0,3.411,3.42,26,28,560,558,00000000 10101000 10000010 00001010,10101000 10100000 10001010 00000000,28.1,274.25,27.3,84.0,5128.0,1750.0
2022-06-23 17:50:35.455678,28.1,279.9,23.1,279.9,85,100,0.0,27.32,165.2,28.0,3.411,3.42,26,28,560,558,00000000 10101000 10000010 00001010,10101000 10100000 10001010 00000000,28.1,274.25,27.35,84.0,5128.0,1750.0
2022-06-23 17:50:36.463861,28.1,279.9,23.1,279.9,85,100,0.0,27.32,165.2,28.0,3.411,3.42,26,28,560,558,00000000 10101000 10000010 00001010,10101000 10100000 10001010 00000000,28.1,274.25,27.3,84.0,5128.0,1750.0
2022-06-23 17:50:37.466736,28.1,279.9,23.1,279.9,85,100,0.0,27.32,165.2,28.0,3.411,3.42,26,28,560,558,00000000 10101000 10000010 00001010,10101000 10100000 10001010 00000000,28.1,274.25,27.3,84.0,5128.0,1750.0
2022-06-23 17:50:38.469077,28.1,279.9,23.1,279.9,85,100,0.0,27.32,165.2,28.0,3.411,3.42,26,28,560,558,00000000 10101000 10000010 00001010,10101000 10100000 10001010 00000000,28.1,274.25,27.3,84.0,5128.0,1750.0
2022-06-23 17:50:39.471968,28.1,279.9,23.1,279.9,85,100,0.0,27.32,165.1,28.0,3.411,3.42,26,28,560,558,00000000 10101000 10000010 00001010,10101000 10100000 10001010 00000000,28.1,274.25,27.3,84.0,5128.0,1750.0
2022-06-23 17:50:40.475328,28.1,279.9,23.1,279.9,85,100,0.0,27.32,165.2,28.0,3.411,3.42,26,28,560,558,00000000 10101000 10000010 00001010,10101000 10100000 10001010 00000000,28.1,274.25,27.25,84.0,5128.0,1750.0
2022-06-23 17:50:41.478599,28.1,279.9,23.1,279.9,85,100,0.0,27.32,165.3,28.0,3.411,3.42,26,28,560,558,00000000 10101000 10000010 00001010,10101000 10100000 10001010 00000000,28.1,274.25,27.25,84.0,5128.0,1750.0
2022-06-23 17:50:42.482114,28.1,279.9,23.1,279.9,85,100,0.0,27.32,165.3,28.0,3.411,3.42,26,28,560,558,00000000 10101000 10000010 00001010,10101000 10100000 10001010 00000000,28.1,274.25,27.25,84.0,5128.0,1750.0
2022-06-23 17:50:43.485305,28.1,279.9,23.1,279.9,85,100,0.0,27.32,165.2,28.0,3.411,3.42,26,28,560,558,00000000 10101000 10000010 00001010,10101000 10100000 10001010 00000000,28.1,274.25,27.3,84.0,5128.0,1750.0
2022-06-23 17:50:44.488219,28.1,279.9,23.1,279.9,85,100,0.0,27.32,165.1,28.0,3.411,3.42,26,28,560,558,00000000 10101000 10000010 00001010,10101000 10100000 10001010 00000000,28.1,274.25,27.3,84.0,5128.0,1750.0
2022-06-23 17:50:45.491430,28.1,279.9,23.1,279.9,85,100,0.0,27.32,165.1,28.0,3.411,3.42,26,28,560,558,00000000 10101000 10000010 00001010,10101000 10100000 10001010 00000000,28.1,274.25,27.25,84.0,5128.0,1750.0
2022-06-23 17:50:46.494927,28.1,279.9,23.1,279.9,85,100,0.0,27.32,165.1,28.0,3.411,3.42,26,28,560,558,00000000 10101000 10000010 00001010,10101000 10100000 10001010 00000000,28.1,274.25,27.35,84.0,5128.0,1750.0
2022-06-23 17:50:47.498396,28.1,279.9,23.1,279.9,85,100,0.0,27.32,165.1,28.0,3.411,3.42,26,28,560,558,00000000 10101000 10000010 00001010,10101000 10100000 10001010 00000000,28.1,274.25,27.3,84.0,5128.0,1750.0
2022-06-23 17:50:48.501382,28.1,279.9,23.1,279.9,85,100,0.0,27.32,165.1,28.0,3.411,3.42,26,28,560,558,00000000 10101000 10000010 00001010,10101000 10100000 10001010 00000000,28.1,274.25,27.3,84.0,5128.0,1750.0
2022-06-23 17:50:49.504117,28.1,279.9,23.1,279.9,85,100,0.0,27.32,165.3,28.5,3.411,3.42,26,28,560,558,00000000 10101000 10000010 00001010,10101000 10100000 10001010 00000000,28.1,274.25,27.25,84.0,5128.0,1750.0
2022-06-23 17:50:50.506695,28.1,279.9,23.1,279.9,85,100,0.0,27.32,165.3,28.5,3.411,3.42,26,28,560,558,00000000 10101000 10000010 00001010,10101000 10100000 10001010 00000000,28.1,274.25,27.3,84.0,5128.0,1750.0
2022-06-23 17:50:51.509521,28.1,279.9,23.1,279.9,85,100,0.0,27.32,165.3,28.0,3.411,3.42,26,28,560,558,00000000 10101000 10000010 00001010,10101000 10100000 10001010 00000000,28.1,274.25,27.3,84.0,5128.0,1750.0
2022-06-23 17:50:52.512150,28.1,279.9,23.1,279.9,85,100,0.0,27.32,165.3,28.0,3.411,3.42,26,28,560,558,00000000 10101000 10000010 00001010,10101000 10100000 10001010 00000000,28.1,274.25,27.3,84.0,5128.0,1750.0
2022-06-23 17:50:53.515230,28.1,279.9,23.1,279.9,85,100,0.0,27.32,165.3,28.0,3.411,3.42,26,28,560,558,00000000 10101000 10000010 00001010,10101000 10100000 10001010 00000000,28.1,274.25,27.35,84.0,5128.0,1750.0
2022-06-23 17:50:54.518222,28.1,279.9,23.1,279.9,85,100,0.0,27.32,165.3,28.0,3.411,3.42,26,28,560,558,00000000 10101000 10000010 00001010,10101000 10100000 10001010 00000000,28.1,274.25,27.3,84.0,5128.0,1750.0
2022-06-23 17:50:55.521544,28.1,279.9,23.1,279.9,85,100,0.0,27.32,165.3,28.0,3.411,3.42,26,28,560,558,00000000 10101000 10000010 00001010,10101000 10100000 10001010 00000000,28.1,274.25,27.25,84.0,5128.0,1750.0
2022-06-23 17:50:56.524863,28.1,279.9,23.1,279.9,85,100,0.0,27.32,165.2,28.0,3.411,3.42,26,28,560,558,00000000 10101000 10000010 00001010,10101000 10100000 10001010 00000000,28.1,274.25,27.3,84.0,5128.0,1750.0
2022-06-23 17:50:57.528321,28.1,279.9,23.1,279.9,85,100,0.0,27.32,165.2,28.0,3.411,3.42,26,28,560,558,00000000 10101000 10000010 00001010,10101000 10100000 10001010 00000000,28.1,274.25,27.3,84.0,5128.0,1750.0
2022-06-23 17:50:58.531876,28.1,279.9,23.1,279.9,85,100,0.0,27.32,165.2,28.0,3.411,3.42,26,28,560,558,00000000 10101000 10000010 00001010,10101000 10100000 10001010 00000000,28.1,274.25,27.3,84.0,5128.0,1750.0
2022-06-23 17:50:59.534383,28.1,279.9,23.1,279.9,85,100,0.0,27.32,165.1,28.0,3.411,3.42,26,28,560,558,00000000 10101000 10000010 00001010,10101000 10100000 10001010 00000000,28.1,274.25,27.3,84.0,5128.0,1750.0
2022-06-23 17:51:00.537882,28.1,279.9,23.1,279.9,85,100,0.0,27.32,165.0,28.0,3.411,3.42,26,28,560,558,00000000 10101000 10000010 00001010,10101000 10100000 10001010 00000000,28.1,274.25,27.35,84.0,5128.0,1750.0
2022-06-23 17:51:01.541127,28.1,279.9,23.1,279.9,85,100,0.0,27.32,165.0,28.0,3.411,3.42,26,28,560,558,00000000 10101000 10000010 00001010,10101000 10100000 10001010 00000000,28.1,274.25,27.3,84.0,5128.0,1750.0
2022-06-23 17:51:02.543746,28.1,279.9,23.1,279.9,85,100,0.0,27.32,165.0,28.0,3.411,3.42,26,28,560,558,00000000 10101000 10000010 00001010,10101000 10100000 10001010 00000000,28.1,274.25,27.25,84.0,5128.0,1750.0
2022-06-23 17:51:03.551239,28.1,279.9,23.1,279.9,85,100,0.0,27.32,165.0,28.0,3.411,3.42,26,28,560,558,00000000 10101000 10000010 00001010,10101000 10100000 10001010 00000000,28.1,274.25,27.3,84.0,5128.0,1750.0
2022-06-23 17:51:04.554224,28.1,279.9,23.1,279.9,85,100,0.0,27.32,165.0,28.0,3.411,3.42,26,28,560,558,00000000 10101000 10000010 00001010,10101000 10100000 10001010 00000000,28.1,274.25,27.3,84.0,5128.0,1750.0
2022-06-23 17:51:05.557537,28.1,279.9,23.1,279.9,85,100,0.0,27.32,165.0,28.0,3.411,3.42,26,28,560,558,00000000 10101000 10000010 00001010,10101000 10100000 10001010 00000000,28.1,274.25,27.35,84.0,5128.0,1750.0
2022-06-23 17:51:06.560919,28.1,279.9,23.1,279.9,85,100,0.0,27.32,165.0,28.0,3.411,3.42,26,28,560,558,00000000 10101000 10000010 00001010,10101000 10100000 10001010 00000000,28.1,274.25,27.25,84.0,5128.0,1750.0
2022-06-23 17:51:07.564328,28.1,279.9,23.1,279.9,85,100,0.0,27.32,165.0,28.5,3.411,3.42,26,28,560,558,00000000 10101000 10000010 00001010,10101000 10100000 10001010 00000000,28.1,274.25,27.3,84.0,5128.0,1750.0
2022-06-23 17:51:08.567791,28.1,279.9,23.1,279.9,85,100,0.0,27.32,165.1,28.0,3.411,3.42,26,28,560,558,00000000 10101000 10000010 00001010,10101000 10100000 10001010 00000000,28.1,274.25,27.3,84.0,5128.0,1750.0
2022-06-23 17:51:09.570256,28.1,279.9,23.1,279.9,86,100,0.0,27.32,165.2,28.0,3.411,3.42,26,28,560,558,00000000 10101000 10000010 00001010,10101000 10100000 10001010 00000000,28.1,274.25,27.35,85.0,5128.0,1750.0
2022-06-23 17:51:10.573712,28.1,279.9,23.1,279.9,86,100,0.0,27.32,165.2,28.0,3.411,3.42,26,28,560,558,00000000 10101000 10000010 00001010,10101000 10100000 10001010 00000000,28.1,274.25,27.25,85.0,5128.0,1750.0
2022-06-23 17:51:11.577115,28.1,279.9,23.1,279.9,86,100,0.0,27.32,165.2,28.0,3.411,3.42,26,28,560,558,00000000 10101000 10000010 00001010,10101000 10100000 10001010 00000000,28.1,274.25,27.25,85.0,5128.0,1750.0
2022-06-23 17:51:12.580106,28.1,279.9,23.1,279.9,86,100,0.0,27.32,165.3,28.0,3.411,3.42,26,28,560,558,00000000 10101000 10000010 00001010,10101000 10100000 10001010 00000000,28.1,274.25,27.3,85.0,5128.0,1750.0
2022-06-23 17:51:13.583201,28.1,279.9,23.1,279.9,86,100,0.0,27.32,165.3,28.0,3.411,3.423,26,28,560,558,00000000 10101000 10000010 00001010,10101000 10100000 10001010 00000000,28.1,274.25,27.3,85.0,5128.0,1750.0
2022-06-23 17:51:14.586044,28.1,279.9,23.1,279.9,86,100,0.0,27.32,165.2,28.5,3.411,3.423,26,28,560,558,00000000 10101000 10000010 00001010,10101000 10100000 10001010 00000000,28.1,274.25,27.3,85.0,5128.0,1750.0
2022-06-23 17:51:15.588586,28.1,279.9,23.1,279.9,86,100,0.0,27.32,165.1,28.0,3.411,3.423,26,28,560,558,00000000 10101000 10000010 00001010,10101000 10100000 10001010 00000000,28.1,274.25,27.3,85.0,5128.0,1750.0
2022-06-23 17:51:16.591304,28.1,279.9,23.1,279.9,86,100,0.0,27.32,165.4,28.5,3.411,3.42,26,28,560,558,00000000 10101000 10000010 00001010,10101000 10100000 10001010 00000000,28.1,274.25,27.3,85.0,5128.0,1750.0
2022-06-23 17:51:17.594920,28.1,279.9,23.1,279.9,86,100,0.0,27.32,165.4,28.5,3.411,3.42,26,28,560,558,00000000 10101000 10000010 00001010,10101000 10100000 10001010 00000000,28.1,274.25,27.3,85.0,5128.0,1750.0
2022-06-23 17:51:18.598236,28.1,279.9,23.1,279.9,86,100,0.0,27.32,165.4,28.5,3.411,3.42,26,28,560,558,00000000 10101000 10000010 00001010,10101000 10100000 10001010 00000000,28.1,274.25,27.3,85.0,5128.0,1750.0
2022-06-23 17:51:19.600964,28.1,279.9,23.1,279.9,86,100,0.0,27.32,165.3,28.0,3.411,3.42,26,28,560,558,00000000 10101000 10000010 00001010,10101000 10100000 10001010 00000000,28.1,274.25,27.3,85.0,5128.0,1750.0
2022-06-23 17:51:20.603947,28.1,279.9,23.1,279.9,86,100,0.0,27.32,165.3,28.0,3.411,3.42,26,28,560,558,00000000 10101000 10000010 00001010,10101000 10100000 10001010 00000000,28.1,274.25,27.3,85.0,5128.0,1750.0
2022-06-23 17:51:21.607419,28.1,279.9,23.1,279.9,86,100,0.0,27.32,165.3,28.0,3.411,3.42,26,28,560,558,00000000 10101000 10000010 00001010,10101000 10100000 10001010 00000000,28.1,274.25,27.3,85.0,5128.0,1750.0
2022-06-23 17:51:22.610714,28.1,279.9,23.1,279.9,86,100,0.0,27.32,165.1,28.0,3.411,3.42,26,28,560,558,00000000 10101000 10000010 00001010,10101000 10100000 10001010 00000000,28.1,274.25,27.3,85.0,5128.0,1750.0
2022-06-23 17:51:23.614165,28.1,279.9,23.1,279.9,86,100,0.0,27.32,165.0,28.5,3.411,3.42,26,28,560,558,00000000 10101000 10000010 00001010,10101000 10100000 10001010 00000000,28.1,274.25,27.25,85.0,5128.0,1750.0
2022-06-23 17:51:24.617205,28.1,279.9,23.1,279.9,86,100,0.0,27.32,165.0,28.0,3.411,3.42,26,28,560,558,00000000 10101000 10000010 00001010,10101000 10100000 10001010 00000000,28.1,274.25,27.3,85.0,5128.0,1750.0
2022-06-23 17:51:25.619835,28.1,279.9,23.1,279.9,86,100,0.0,27.32,164.8,28.5,3.411,3.42,26,28,560,558,00000000 10101000 10000010 00001010,10101000 10100000 10001010 00000000,28.1,274.25,27.3,85.0,5128.0,1750.0
2022-06-23 17:51:26.632142,28.1,279.9,23.1,279.9,86,100,0.0,27.32,164.8,28.5,3.411,3.42,26,28,560,558,00000000 10101000 10000010 00001010,10101000 10100000 10001010 00000000,28.1,274.25,27.3,85.0,5128.0,1750.0
2022-06-23 17:51:27.634942,28.1,279.9,23.1,279.9,86,100,0.0,27.32,164.7,28.0,3.411,3.42,26,28,560,558,00000000 10101000 10000010 00001010,10101000 10100000 10001010 00000000,28.1,274.25,27.3,85.0,5128.0,1750.0
2022-06-23 17:51:28.637463,28.1,279.9,23.1,279.9,86,100,0.0,27.32,164.6,28.0,3.411,3.42,26,28,560,558,00000000 10101000 10000010 00001010,10101000 10100000 10001010 00000000,28.1,274.25,27.25,85.0,5128.0,1750.0
2022-06-23 17:51:29.640003,28.1,279.9,23.1,279.9,86,100,0.0,27.32,164.6,28.0,3.411,3.42,26,28,560,558,00000000 10101000 10000010 00001010,10101000 10100000 10001010 00000000,28.1,274.25,27.3,85.0,5128.0,1750.0
2022-06-23 17:51:30.642632,28.1,279.9,23.1,279.9,86,100,0.0,27.32,164.4,28.5,3.411,3.42,26,28,560,558,00000000 10101000 10000010 00001010,10101000 10100000 10001010 00000000,28.1,274.25,27.3,85.0,5128.0,1750.0
2022-06-23 17:51:31.646105,28.1,279.9,23.1,279.9,86,100,0.0,27.32,164.4,28.5,3.411,3.42,26,28,560,558,00000000 10101000 10000010 00001010,10101000 10100000 10001010 00000000,28.1,274.25,27.25,85.0,5128.0,1750.0
2022-06-23 17:51:32.649466,28.1,279.9,23.1,279.9,86,100,0.0,27.32,164.3,28.5,3.411,3.42,26,28,560,558,00000000 10101000 10000010 00001010,10101000 10100000 10001010 00000000,28.1,274.25,27.3,85.0,5128.0,1750.0
2022-06-23 17:51:33.652705,28.1,279.9,23.1,279.9,86,100,0.0,27.32,164.3,28.5,3.411,3.42,26,28,560,558,00000000 10101000 10000010 00001010,10101000 10100000 10001010 00000000,28.1,274.25,27.3,85.0,5128.0,1750.0
2022-06-23 17:51:34.655927,28.1,279.9,23.1,279.9,86,100,0.0,27.32,164.3,28.5,3.411,3.42,26,28,560,558,00000000 10101000 10000010 00001010,10101000 10100000 10001010 00000000,28.1,274.25,27.3,85.0,5128.0,1750.0
2022-06-23 17:51:35.658377,28.1,279.9,23.1,279.9,86,100,0.0,27.32,164.3,28.5,3.411,3.42,26,28,560,558,00000000 10101000 10000010 00001010,10101000 10100000 10001010 00000000,28.1,274.25,27.25,85.0,5128.0,1750.0
2022-06-23 17:51:36.661586,28.1,279.9,23.1,279.9,86,100,0.0,27.32,164.3,28.0,3.411,3.42,26,28,560,558,00000000 10101000 10000010 00001010,10101000 10100000 10001010 00000000,28.1,274.25,27.3,85.0,5128.0,1750.0
2022-06-23 17:51:37.664815,28.1,279.9,23.1,279.9,86,100,0.0,27.32,164.3,28.5,3.411,3.42,26,28,560,558,00000000 10101000 10000010 00001010,10101000 10100000 10001010 00000000,28.1,274.25,27.25,85.0,5128.0,1750.0
2022-06-23 17:51:38.668239,28.1,279.9,23.1,279.9,86,100,0.0,27.32,164.3,28.5,3.411,3.42,26,28,560,558,00000000 10101000 10000010 00001010,10101000 10100000 10001010 00000000,28.1,274.25,27.25,85.0,5128.0,1750.0
2022-06-23 17:51:39.671207,28.1,279.9,23.1,279.9,86,100,0.0,27.32,164.2,28.5,3.411,3.42,26,28,560,558,00000000 10101000 10000010 00001010,10101000 10100000 10001010 00000000,28.1,274.25,27.3,85.0,5128.0,1750.0
2022-06-23 17:51:40.673974,28.1,279.9,23.1,279.9,86,100,0.0,27.32,164.0,28.5,3.411,3.42,26,28,560,558,00000000 10101000 10000010 00001010,10101000 10100000 10001010 00000000,28.1,274.25,27.3,85.0,5128.0,1750.0
2022-06-23 17:51:41.676565,28.1,279.9,23.1,279.9,86,100,0.0,27.32,164.0,28.5,3.411,3.42,26,28,560,558,00000000 10101000 10000010 00001010,10101000 10100000 10001010 00000000,28.1,274.25,27.3,85.0,5128.0,1750.0
2022-06-23 17:51:42.679309,28.1,279.9,23.1,279.9,86,100,0.0,27.32,163.8,28.5,3.411,3.42,26,28,560,558,00000000 10101000 10000010 00001010,10101000 10100000 10001010 00000000,28.1,274.25,27.25,85.0,5128.0,1750.0
2022-06-23 17:51:43.682528,28.1,279.9,23.1,279.9,86,100,0.0,27.32,163.7,28.5,3.411,3.42,26,28,560,558,00000000 10101000 10000010 00001010,10101000 10100000 10001010 00000000,28.1,274.25,27.3,85.0,5128.0,1750.0
2022-06-23 17:51:44.686113,28.1,279.9,23.1,279.9,86,100,0.0,27.32,163.7,28.5,3.411,3.42,26,28,560,558,00000000 10101000 10000010 00001010,10101000 10100000 10001010 00000000,28.1,274.25,27.3,85.0,5128.0,1750.0
2022-06-23 17:51:45.688404,28.1,279.9,23.1,279.9,86,100,0.0,27.32,163.9,28.5,3.411,3.42,26,28,560,558,00000000 10101000 10000010 00001010,10101000 10100000 10001010 00000000,28.1,274.25,27.25,85.0,5128.0,1750.0
2022-06-23 17:51:46.691757,28.1,279.9,23.1,279.9,86,100,0.0,27.32,163.9,28.5,3.411,3.42,26,28,560,558,00000000 10101000 10000010 00001010,10101000 10100000 10001010 00000000,28.1,274.25,27.35,85.0,5128.0,1750.0
2022-06-23 17:51:47.695183,28.1,279.9,23.1,279.9,86,100,0.0,27.32,164.2,28.5,3.411,3.42,26,28,560,558,00000000 10101000 10000010 00001010,10101000 10100000 10001010 00000000,28.1,274.25,27.3,85.0,5128.0,1750.0
2022-06-23 17:51:48.698103,28.1,279.9,23.1,279.9,86,100,0.0,27.32,164.4,28.5,3.411,3.42,26,28,560,558,00000000 10101000 10000010 00001010,10101000 10100000 10001010 00000000,28.1,274.25,27.3,85.0,5128.0,1750.0
2022-06-23 17:51:49.700837,28.1,279.9,23.1,279.9,86,100,0.0,27.32,164.0,28.5,3.411,3.42,26,28,560,558,00000000 10101000 10000010 00001010,10101000 10100000 10001010 00000000,28.1,274.25,27.3,85.0,5128.0,1750.0
2022-06-23 17:51:50.703502,28.1,279.9,23.1,279.9,86,100,0.0,27.32,164.0,28.5,3.411,3.42,26,28,560,558,00000000 10101000 10000010 00001010,10101000 10100000 10001010 00000000,28.1,274.25,27.3,85.0,5128.0,1750.0
2022-06-23 17:51:51.706697,28.1,279.9,23.1,279.9,86,100,0.0,27.32,163.8,28.5,3.411,3.42,26,28,560,558,00000000 10101000 10000010 00001010,10101000 10100000 10001010 00000000,28.1,274.25,27.35,85.0,5128.0,1750.0
2022-06-23 17:51:52.710771,28.1,279.9,23.1,279.9,86,100,0.0,27.32,163.7,28.5,3.411,3.42,26,28,560,558,00000000 10101000 10000010 00001010,10101000 10100000 10001010 00000000,28.1,274.25,27.3,85.0,5128.0,1750.0
2022-06-23 17:51:53.713556,28.1,279.9,23.1,279.9,86,100,0.0,27.32,163.6,28.5,3.411,3.42,26,28,560,558,00000000 10101000 10000010 00001010,10101000 10100000 10001010 00000000,28.1,274.25,27.3,85.0,5128.0,1750.0
2022-06-23 17:51:54.716264,28.1,279.9,23.1,279.9,86,100,0.0,27.32,163.6,28.5,3.411,3.42,26,28,560,558,00000000 10101000 10000010 00001010,10101000 10100000 10001010 00000000,28.1,274.25,27.25,85.0,5128.0,1750.0
2022-06-23 17:51:55.718975,28.1,279.9,23.1,279.9,86,100,0.0,27.32,163.5,28.5,3.411,3.42,26,28,560,558,00000000 10101000 10000010 00001010,10101000 10100000 10001010 00000000,28.1,274.25,27.25,85.0,5128.0,1750.0
2022-06-23 17:51:56.722234,28.1,279.9,23.1,279.9,86,100,0.0,27.32,163.5,28.5,3.411,3.42,26,28,560,558,00000000 10101000 10000010 00001010,10101000 10100000 10001010 00000000,28.1,274.25,27.35,85.0,5128.0,1750.0
2022-06-23 17:51:57.725081,28.1,279.9,23.1,279.9,86,100,0.0,27.32,163.5,28.5,3.411,3.42,26,28,560,558,00000000 10101000 10000010 00001010,10101000 10100000 10001010 00000000,28.1,274.25,27.3,85.0,5128.0,1750.0
2022-06-23 17:51:58.728504,28.1,279.9,23.1,279.9,86,100,0.0,27.32,163.6,28.5,3.411,3.42,26,28,560,558,00000000 10101000 10000010 00001010,10101000 10100000 10001010 00000000,28.1,274.25,27.25,85.0,5128.0,1750.0
2022-06-23 17:51:59.731980,28.1,279.9,23.1,279.9,86,100,0.0,27.32,163.6,28.5,3.411,3.42,26,28,560,558,00000000 10101000 10000010 00001010,10101000 10100000 10001010 00000000,28.1,274.25,27.3,85.0,5128.0,1750.0
2022-06-23 17:52:00.734874,28.1,279.9,23.1,279.9,86,100,0.0,27.32,163.9,28.5,3.411,3.42,26,28,560,558,00000000 10101000 10000010 00001010,10101000 10100000 10001010 00000000,28.1,274.25,27.3,85.0,5128.0,1750.0
2022-06-23 17:52:01.737636,28.1,279.9,23.1,279.9,86,100,0.0,27.32,163.9,28.5,3.411,3.42,26,28,560,558,00000000 10101000 10000010 00001010,10101000 10100000 10001010 00000000,28.1,274.25,27.3,85.0,5128.0,1750.0
2022-06-23 17:52:02.740901,28.1,279.9,23.1,279.9,86,100,0.0,27.32,163.9,28.5,3.411,3.42,26,28,560,558,00000000 10101000 10000010 00001010,10101000 10100000 10001010 00000000,28.1,274.25,27.3,85.0,5128.0,1750.0
2022-06-23 17:52:03.744197,28.1,279.9,23.1,279.9,86,100,0.0,27.32,163.9,28.5,3.411,3.42,26,28,560,558,00000000 10101000 10000010 00001010,10101000 10100000 10001010 00000000,28.1,274.25,27.3,85.0,5128.0,1750.0
2022-06-23 17:52:04.747467,28.1,279.9,23.1,279.9,86,100,0.0,27.32,163.9,28.5,3.411,3.42,26,28,560,558,00000000 10101000 10000010 00001010,10101000 10100000 10001010 00000000,28.1,274.25,27.3,85.0,5128.0,1750.0
2022-06-23 17:52:05.750499,28.1,279.9,23.1,279.9,86,100,0.0,27.32,163.8,28.5,3.411,3.42,26,28,560,558,00000000 10101000 10000010 00001010,10101000 10100000 10001010 00000000,28.1,274.25,27.3,85.0,5128.0,1750.0
2022-06-23 17:52:06.752899,28.1,279.9,23.1,279.9,86,100,0.0,27.32,163.8,28.5,3.411,3.42,26,28,560,558,00000000 10101000 10000010 00001010,10101000 10100000 10001010 00000000,28.1,274.25,27.3,85.0,5128.0,1750.0
2022-06-23 17:52:07.755668,28.1,279.9,23.1,279.9,86,100,0.0,27.32,163.8,28.5,3.411,3.42,26,28,560,558,00000000 10101000 10000010 00001010,10101000 10100000 10001010 00000000,28.1,274.25,27.25,85.0,5128.0,1750.0
2022-06-23 17:52:08.759213,28.1,279.9,23.1,279.9,86,100,0.0,27.32,163.5,28.5,3.411,3.42,26,28,560,558,00000000 10101000 10000010 00001010,10101000 10100000 10001010 00000000,28.1,274.25,27.3,85.0,5128.0,1750.0
2022-06-23 17:52:09.762424,28.1,279.9,23.1,279.9,86,100,0.0,27.32,163.4,28.5,3.411,3.42,26,28,560,558,00000000 10101000 10000010 00001010,10101000 10100000 10001010 00000000,28.1,274.25,27.3,85.0,5128.0,1750.0
2022-06-23 17:52:10.765823,28.1,279.9,23.1,279.9,86,100,0.0,27.32,163.4,28.5,3.411,3.42,26,28,560,558,00000000 10101000 10000010 00001010,10101000 10100000 10001010 00000000,28.1,274.25,27.3,85.0,5128.0,1750.0
2022-06-23 17:52:11.768163,28.1,279.9,23.1,279.9,86,100,0.0,27.32,163.4,28.5,3.411,3.42,26,28,560,558,00000000 10101000 10000010 00001010,10101000 10100000 10001010 00000000,28.1,274.25,27.3,85.0,5128.0,1750.0
2022-06-23 17:52:12.771412,28.1,279.9,23.1,279.9,86,100,0.0,27.32,163.4,28.5,3.411,3.42,26,28,560,558,00000000 10101000 10000010 00001010,10101000 10100000 10001010 00000000,28.1,274.25,27.3,85.0,5128.0,1750.0
2022-06-23 17:52:13.774673,28.1,279.9,23.1,279.9,86,100,0.0,27.32,163.3,28.5,3.411,3.42,26,28,560,558,00000000 10101000 10000010 00001010,10101000 10100000 10001010 00000000,28.1,274.25,27.3,85.0,5128.0,1750.0
2022-06-23 17:52:14.777755,28.1,279.9,23.1,279.9,86,100,0.0,27.32,163.2,28.5,3.411,3.42,26,28,560,558,00000000 10101000 10000010 00001010,10101000 10100000 10001010 00000000,28.1,274.25,27.3,85.0,5128.0,1750.0
2022-06-23 17:52:15.780611,28.1,279.9,23.1,279.9,86,100,0.0,27.32,163.2,28.5,3.411,3.42,26,28,560,558,00000000 10101000 10000010 00001010,10101000 10100000 10001010 00000000,28.1,274.25,27.25,85.0,5128.0,1750.0
2022-06-23 17:52:16.783776,28.1,279.9,23.1,279.9,86,100,0.0,27.32,163.1,28.5,3.411,3.42,26,28,560,558,00000000 10101000 10000010 00001010,10101000 10100000 10001010 00000000,28.1,274.25,27.3,85.0,5128.0,1750.0
2022-06-23 17:52:17.787206,28.1,279.9,23.1,279.9,86,100,0.0,27.32,163.0,28.5,3.411,3.42,26,28,560,558,00000000 10101000 10000010 00001010,10101000 10100000 10001010 00000000,28.1,274.25,27.3,85.0,5128.0,1750.0
2022-06-23 17:52:18.790105,28.1,279.9,23.1,279.9,86,100,0.0,27.32,163.0,28.5,3.411,3.42,26,28,560,558,00000000 10101000 10000010 00001010,10101000 10100000 10001010 00000000,28.1,274.25,27.3,86.0,5128.0,1750.0
2022-06-23 17:52:19.792855,28.1,279.9,23.1,279.9,86,100,0.0,27.32,162.9,28.5,3.411,3.42,26,28,560,558,00000000 10101000 10000010 00001010,10101000 10100000 10001010 00000000,28.1,274.25,27.3,86.0,5128.0,1750.0
2022-06-23 17:52:20.795746,28.1,279.9,23.1,279.9,86,100,0.0,27.32,162.9,28.5,3.411,3.42,26,28,560,558,00000000 10101000 10000010 00001010,10101000 10100000 10001010 00000000,28.1,274.25,27.3,85.0,5128.0,1750.0
2022-06-23 17:52:21.798421,28.1,279.9,23.1,279.9,86,100,0.0,27.32,162.8,28.5,3.411,3.42,26,28,560,558,00000000 10101000 10000010 00001010,10101000 10100000 10001010 00000000,28.1,274.25,27.35,86.0,5128.0,1750.0
2022-06-23 17:52:22.801755,28.1,279.9,23.1,279.9,86,100,0.0,27.32,162.8,28.5,3.411,3.42,26,28,560,558,00000000 10101000 10000010 00001010,10101000 10100000 10001010 00000000,28.1,274.25,27.35,86.0,5128.0,1750.0
2022-06-23 17:52:23.805189,28.1,279.9,23.1,279.9,86,100,0.0,27.32,162.8,28.5,3.411,3.42,26,28,560,558,00000000 10101000 10000010 00001010,10101000 10100000 10001010 00000000,28.1,274.25,27.3,86.0,5128.0,1750.0
2022-06-23 17:52:24.808340,28.1,279.9,23.1,279.9,86,100,0.0,27.32,162.7,28.5,3.411,3.42,26,28,560,558,00000000 10101000 10000010 00001010,10101000 10100000 10001010 00000000,28.1,274.25,27.25,86.0,5128.0,1750.0
2022-06-23 17:52:25.811010,28.1,279.9,23.1,279.9,86,100,0.0,27.32,162.6,28.5,3.411,3.42,26,28,560,558,00000000 10101000 10000010 00001010,10101000 10100000 10001010 00000000,28.1,274.25,27.3,86.0,5128.0,1750.0
2022-06-23 17:52:26.818610,28.1,279.9,23.1,279.9,86,100,0.0,27.32,162.7,28.5,3.411,3.42,26,28,560,558,00000000 10101000 10000010 00001010,10101000 10100000 10001010 00000000,28.1,274.25,27.3,86.0,5128.0,1750.0
2022-06-23 17:52:27.821813,28.1,279.9,23.1,279.9,86,100,0.0,27.32,162.7,28.5,3.411,3.42,26,28,560,558,00000000 10101000 10000010 00001010,10101000 10100000 10001010 00000000,28.1,274.25,27.3,86.0,5128.0,1750.0
2022-06-23 17:52:28.824633,28.1,279.9,23.1,279.9,86,100,0.0,27.32,162.7,28.5,3.411,3.42,26,28,560,558,00000000 10101000 10000010 00001010,10101000 10100000 10001010 00000000,28.1,274.25,27.25,86.0,5128.0,1750.0
2022-06-23 17:52:29.827779,28.1,279.9,23.1,279.9,86,100,0.0,27.32,162.8,28.5,3.411,3.42,26,28,560,558,00000000 10101000 10000010 00001010,10101000 10100000 10001010 00000000,28.1,274.25,27.3,86.0,5128.0,1750.0
2022-06-23 17:52:30.831024,28.1,279.9,23.1,279.9,86,100,0.0,27.32,162.8,28.5,3.411,3.42,26,28,560,558,00000000 10101000 10000010 00001010,10101000 10100000 10001010 00000000,28.1,274.25,27.3,86.0,5128.0,1750.0
2022-06-23 17:52:31.833446,28.1,279.9,23.1,279.9,86,100,0.0,27.32,162.8,28.5,3.411,3.42,26,28,560,558,00000000 10101000 10000010 00001010,10101000 10100000 10001010 00000000,28.1,274.25,27.3,86.0,5128.0,1750.0
2022-06-23 17:52:32.835822,28.1,279.9,23.1,279.9,86,100,0.0,27.32,162.8,28.5,3.411,3.42,26,28,560,558,00000000 10101000 10000010 00001010,10101000 10100000 10001010 00000000,28.1,274.25,27.3,86.0,5128.0,1750.0
2022-06-23 17:52:33.838246,28.1,279.9,23.1,279.9,86,100,0.0,27.32,162.8,28.5,3.411,3.42,26,28,560,558,00000000 10101000 10000010 00001010,10101000 10100000 10001010 00000000,28.1,274.25,27.25,86.0,5128.0,1750.0
2022-06-23 17:52:34.841297,28.1,279.9,23.1,279.9,86,100,0.0,27.32,162.8,28.5,3.411,3.42,26,28,560,558,00000000 10101000 10000010 00001010,10101000 10100000 10001010 00000000,28.1,274.25,27.35,86.0,5128.0,1750.0
2022-06-23 17:52:35.844636,28.1,279.9,23.1,279.9,86,100,0.0,27.32,162.9,28.5,3.411,3.42,26,28,560,558,00000000 10101000 10000010 00001010,10101000 10100000 10001010 00000000,28.1,274.25,27.3,86.0,5128.0,1750.0
2022-06-23 17:52:36.847931,28.1,279.9,23.1,279.9,86,100,0.0,27.32,162.9,28.5,3.411,3.42,26,28,560,558,00000000 10101000 10000010 00001010,10101000 10100000 10001010 00000000,28.1,274.25,27.3,86.0,5128.0,1750.0
2022-06-23 17:52:37.850420,28.1,279.9,23.1,279.9,86,100,0.0,27.32,163.1,28.5,3.411,3.42,26,28,560,558,00000000 10101000 10000010 00001010,10101000 10100000 10001010 00000000,28.1,274.25,27.3,86.0,5128.0,1750.0
2022-06-23 17:52:38.853890,28.1,279.9,23.1,279.9,86,100,0.0,27.32,163.2,28.5,3.411,3.42,26,28,560,558,00000000 10101000 10000010 00001010,10101000 10100000 10001010 00000000,28.1,274.25,27.35,86.0,5128.0,1750.0
2022-06-23 17:52:39.857304,28.1,279.9,23.1,279.9,86,100,0.0,27.32,163.2,28.5,3.411,3.42,26,28,560,558,00000000 10101000 10000010 00001010,10101000 10100000 10001010 00000000,28.1,274.25,27.3,86.0,5128.0,1750.0
2022-06-23 17:52:40.860656,28.1,279.9,23.1,279.9,86,100,0.0,27.32,163.3,28.5,3.411,3.42,26,28,560,558,00000000 10101000 10000010 00001010,10101000 10100000 10001010 00000000,28.1,274.25,27.3,86.0,5128.0,1750.0
2022-06-23 17:52:41.864176,28.1,279.9,23.1,279.9,86,100,0.0,27.32,163.4,28.5,3.411,3.42,26,28,560,558,00000000 10101000 10000010 00001010,10101000 10100000 10001010 00000000,28.1,274.25,27.3,86.0,5128.0,1750.0
2022-06-23 17:52:42.867611,28.1,279.9,23.1,279.9,86,100,0.0,27.32,163.4,28.5,3.411,3.42,26,28,560,558,00000000 10101000 10000010 00001010,10101000 10100000 10001010 00000000,28.1,274.25,27.35,86.0,5128.0,1750.0
2022-06-23 17:52:43.870826,28.1,279.9,23.1,279.9,86,100,0.0,27.32,163.5,28.5,3.411,3.42,26,28,560,558,00000000 10101000 10000010 00001010,10101000 10100000 10001010 00000000,28.1,274.25,27.35,86.0,5128.0,1750.0
2022-06-23 17:52:44.873508,28.1,279.9,23.1,279.9,86,100,0.0,27.32,163.6,28.5,3.411,3.42,26,28,560,558,00000000 10101000 10000010 00001010,10101000 10100000 10001010 00000000,28.1,274.25,27.3,86.0,5128.0,1750.0
2022-06-23 17:52:45.876120,28.1,279.9,23.1,279.9,86,100,0.0,27.32,163.6,28.5,3.411,3.42,26,28,560,558,00000000 10101000 10000010 00001010,10101000 10100000 10001010 00000000,28.1,274.25,27.3,86.0,5128.0,1750.0
2022-06-23 17:52:46.879414,28.1,279.9,23.1,279.9,86,100,0.0,27.32,163.6,28.5,3.411,3.42,26,28,560,558,00000000 10101000 10000010 00001010,10101000 10100000 10001010 00000000,28.1,274.25,27.3,86.0,5128.0,1750.0
2022-06-23 17:52:47.881787,28.1,279.9,23.1,279.9,86,100,0.0,27.32,163.5,28.5,3.411,3.42,26,28,560,558,00000000 10101000 10000010 00001010,10101000 10100000 10001010 00000000,28.1,274.25,27.3,86.0,5128.0,1750.0
2022-06-23 17:52:48.884641,28.1,279.9,23.1,279.9,86,100,0.0,27.32,163.5,28.5,3.411,3.42,26,28,560,558,00000000 10101000 10000010 00001010,10101000 10100000 10001010 00000000,28.1,274.25,27.3,86.0,5128.0,1750.0
2022-06-23 17:52:49.888184,28.1,279.9,23.1,279.9,86,100,0.0,27.32,163.4,28.5,3.411,3.42,26,28,560,558,00000000 10101000 10000010 00001010,10101000 10100000 10001010 00000000,28.1,274.25,27.3,86.0,5128.0,1750.0
2022-06-23 17:52:50.891549,28.1,279.9,23.1,279.9,86,100,0.0,27.32,163.3,28.5,3.411,3.42,26,28,560,558,00000000 10101000 10000010 00001010,10101000 10100000 10001010 00000000,28.1,274.25,27.3,86.0,5128.0,1750.0
2022-06-23 17:52:51.895209,28.1,279.9,23.1,279.9,86,100,0.0,27.32,163.3,28.5,3.411,3.42,26,28,560,558,00000000 10101000 10000010 00001010,10101000 10100000 10001010 00000000,28.1,274.25,27.3,86.0,5128.0,1750.0
2022-06-23 17:52:52.898138,28.1,279.9,23.1,279.9,86,100,0.0,27.32,163.3,28.5,3.411,3.42,26,28,560,558,00000000 10101000 10000010 00001010,10101000 10100000 10001010 00000000,28.1,274.25,27.3,86.0,5128.0,1750.0
2022-06-23 17:52:53.901504,28.1,279.9,23.1,279.9,86,100,0.0,27.32,163.4,28.5,3.411,3.42,26,28,560,558,00000000 10101000 10000010 00001010,10101000 10100000 10001010 00000000,28.1,274.25,27.3,86.0,5128.0,1750.0
2022-06-23 17:52:54.905257,28.1,279.9,23.1,279.9,86,100,0.0,27.32,163.6,28.5,3.411,3.42,26,28,560,558,00000000 10101000 10000010 00001010,10101000 10100000 10001010 00000000,28.1,274.25,27.3,86.0,5128.0,1750.0
2022-06-23 17:52:55.908920,28.1,279.9,23.1,279.9,86,100,0.0,27.32,163.6,28.5,3.411,3.42,26,28,560,558,00000000 10101000 10000010 00001010,10101000 10100000 10001010 00000000,28.1,274.25,27.35,86.0,5128.0,1750.0
2022-06-23 17:52:56.912175,28.1,279.9,23.1,279.9,86,100,0.0,27.32,163.8,28.5,3.411,3.42,26,28,560,558,00000000 10101000 10000010 00001010,10101000 10100000 10001010 00000000,28.1,274.25,27.35,86.0,5128.0,1750.0
2022-06-23 17:52:57.914962,28.1,279.9,23.1,279.9,86,100,0.0,27.32,163.9,28.5,3.411,3.42,26,28,560,558,00000000 10101000 10000010 00001010,10101000 10100000 10001010 00000000,28.1,274.25,27.3,86.0,5128.0,1750.0
2022-06-23 17:52:58.917619,28.1,279.9,23.1,279.9,86,100,0.0,27.32,164.2,28.5,3.411,3.42,26,28,560,558,00000000 10101000 10000010 00001010,10101000 10100000 10001010 00000000,28.1,274.25,27.3,86.0,5143.0,1760.0
2022-06-23 17:52:59.920907,28.1,279.9,23.1,279.9,86,100,0.0,27.32,164.2,28.5,3.411,3.42,26,28,560,558,00000000 10101000 10000010 00001010,10101000 10100000 10001010 00000000,28.1,274.25,27.35,86.0,5158.0,1765.0
2022-06-23 17:53:00.924293,28.1,279.9,23.1,279.9,86,100,0.0,27.32,164.2,28.5,3.411,3.42,26,28,560,558,00000000 10101000 10000010 00001010,10101000 10100000 10001010 00000000,28.1,274.25,27.3,86.0,5187.0,1770.0
2022-06-23 17:53:01.928107,28.1,279.9,23.1,279.9,86,100,0.0,27.32,164.5,28.5,3.411,3.42,26,28,560,558,00000000 10101000 10000010 00001010,10101000 10100000 10001010 00000000,28.1,274.25,27.3,86.0,5187.0,1770.0
2022-06-23 17:53:02.931317,28.1,279.9,23.1,279.9,86,100,0.0,27.32,164.5,28.5,3.411,3.42,26,28,560,558,00000000 10101000 10000010 00001010,10101000 10100000 10001010 00000000,28.1,274.25,27.35,86.0,5187.0,1770.0
2022-06-23 17:53:03.933939,28.1,279.9,23.1,279.9,86,100,0.0,27.32,164.4,28.5,3.411,3.42,26,28,560,558,00000000 10101000 10000010 00001010,10101000 10100000 10001010 00000000,28.1,274.25,27.35,86.0,5187.0,1770.0
2022-06-23 17:53:04.937986,28.1,279.9,23.1,279.9,86,100,0.0,27.32,164.4,28.5,3.411,3.42,26,28,560,558,00000000 10101000 10000010 00001010,10101000 10100000 10001010 00000000,28.1,274.25,27.3,86.0,5187.0,1770.0
2022-06-23 17:53:05.941760,28.1,279.9,23.1,279.9,86,100,0.0,27.32,164.2,28.5,3.411,3.42,26,28,560,558,00000000 10101000 10000010 00001010,10101000 10100000 10001010 00000000,28.1,274.25,27.35,86.0,5187.0,1770.0
2022-06-23 17:53:06.944992,28.1,279.9,23.1,279.9,86,100,0.0,27.32,163.8,28.5,3.411,3.42,26,28,560,558,00000000 10101000 10000010 00001010,10101000 10100000 10001010 00000000,28.1,274.25,27.3,86.0,5187.0,1770.0
2022-06-23 17:53:07.948156,28.1,279.9,23.1,279.9,86,100,0.0,27.32,163.8,28.5,3.411,3.42,26,28,560,558,00000000 10101000 10000010 00001010,10101000 10100000 10001010 00000000,28.1,274.25,27.3,86.0,5187.0,1770.0
2022-06-23 17:53:08.951480,28.1,279.9,23.1,279.9,86,100,0.0,27.32,163.4,28.5,3.411,3.42,26,28,560,558,00000000 10101000 10000010 00001010,10101000 10100000 10001010 00000000,28.1,274.25,27.3,86.0,5187.0,1770.0
2022-06-23 17:53:09.954515,28.1,279.9,23.1,279.9,87,100,0.0,27.32,163.4,28.5,3.411,3.42,26,28,560,558,00000000 10101000 10000010 00001010,10101000 10100000 10001010 00000000,28.1,274.25,27.3,86.0,5187.0,1770.0
2022-06-23 17:53:10.957220,28.1,279.9,23.1,279.9,87,100,0.0,27.32,162.3,28.5,3.411,3.42,26,28,560,558,00000000 10101000 10000010 00001010,10101000 10100000 10001010 00000000,28.1,274.25,27.3,86.0,5187.0,1770.0
2022-06-23 17:53:11.960063,28.1,279.9,23.1,279.9,87,100,0.0,27.32,162.3,28.5,3.411,3.42,26,28,560,558,00000000 10101000 10000010 00001010,10101000 10100000 10001010 00000000,28.1,274.25,27.3,86.0,5187.0,1770.0
2022-06-23 17:53:12.963469,28.1,279.9,23.1,279.9,87,100,0.0,27.32,162.3,28.5,3.411,3.42,26,28,560,558,00000000 10101000 10000010 00001010,10101000 10100000 10001010 00000000,28.1,274.25,27.3,86.0,5172.0,1765.0
2022-06-23 17:53:13.965941,28.1,279.9,23.1,279.9,87,100,0.0,27.32,162.1,28.5,3.411,3.42,26,28,560,558,00000000 10101000 10000010 00001010,10101000 10100000 10001010 00000000,28.1,274.25,27.3,86.0,5172.0,1765.0
2022-06-23 17:53:14.969759,28.1,279.9,23.1,279.9,87,100,0.0,27.32,161.9,28.5,3.411,3.42,26,28,560,558,00000000 10101000 10000010 00001010,10101000 10100000 10001010 00000000,28.1,274.25,27.25,86.0,5172.0,1765.0
2022-06-23 17:53:15.973347,28.1,279.9,23.1,279.9,87,100,0.0,27.32,162.0,28.5,3.411,3.42,26,28,560,558,00000000 10101000 10000010 00001010,10101000 10100000 10001010 00000000,28.1,274.25,27.3,86.0,5172.0,1765.0
2022-06-23 17:53:16.976283,28.1,279.9,23.1,279.9,87,100,0.0,27.32,162.2,28.5,3.411,3.42,26,28,560,558,00000000 10101000 10000010 00001010,10101000 10100000 10001010 00000000,28.1,274.25,27.3,86.0,5172.0,1765.0
2022-06-23 17:53:17.979646,28.1,279.9,23.1,279.9,87,100,0.0,27.32,162.2,28.5,3.411,3.42,26,28,560,558,00000000 10101000 10000010 00001010,10101000 10100000 10001010 00000000,28.1,274.25,27.35,86.0,5172.0,1765.0
2022-06-23 17:53:18.982207,28.1,279.9,23.1,279.9,87,100,0.0,27.32,162.4,28.5,3.411,3.42,26,28,560,558,00000000 10101000 10000010 00001010,10101000 10100000 10001010 00000000,28.1,274.25,27.3,86.0,5172.0,1765.0
2022-06-23 17:53:19.985772,28.1,279.9,23.1,279.9,87,100,0.0,27.32,162.5,28.5,3.411,3.42,26,28,560,558,00000000 10101000 10000010 00001010,10101000 10100000 10001010 00000000,28.1,274.25,27.3,86.0,5172.0,1765.0
2022-06-23 17:53:20.989195,28.1,279.9,23.1,279.9,87,100,0.0,27.32,162.8,28.5,3.411,3.42,26,28,560,558,00000000 10101000 10000010 00001010,10101000 10100000 10001010 00000000,28.1,274.25,27.3,86.0,5172.0,1765.0
2022-06-23 17:53:21.992113,28.1,279.9,23.1,279.9,87,100,0.0,27.32,162.8,28.5,3.411,3.42,26,28,560,558,00000000 10101000 10000010 00001010,10101000 10100000 10001010 00000000,28.1,274.25,27.3,86.0,5172.0,1765.0
2022-06-23 17:53:22.994921,28.1,279.9,23.1,279.9,87,100,0.0,27.32,162.8,28.5,3.411,3.42,26,28,560,558,00000000 10101000 10000010 00001010,10101000 10100000 10001010 00000000,28.1,274.25,27.35,86.0,5172.0,1765.0
2022-06-23 17:53:23.997130,28.1,279.9,23.1,279.9,87,100,0.0,27.32,163.1,28.5,3.411,3.42,26,28,560,558,00000000 10101000 10000010 00001010,10101000 10100000 10001010 00000000,28.1,274.25,27.3,86.0,5172.0,1765.0
2022-06-23 17:53:25.000113,28.1,279.9,23.1,279.9,87,100,0.0,27.32,163.2,28.5,3.411,3.42,26,28,560,558,00000000 10101000 10000010 00001010,10101000 10100000 10001010 00000000,28.1,274.25,27.35,86.0,5172.0,1765.0
2022-06-23 17:53:26.003202,28.1,279.9,23.1,279.9,87,100,0.0,27.32,163.2,28.5,3.411,3.42,26,28,560,558,00000000 10101000 10000010 00001010,10101000 10100000 10001010 00000000,28.1,274.25,27.3,86.0,5172.0,1765.0
2022-06-23 17:53:27.006524,28.1,279.9,23.1,279.9,87,100,0.0,27.32,163.4,28.5,3.411,3.42,26,28,560,558,00000000 10101000 10000010 00001010,10101000 10100000 10001010 00000000,28.1,274.25,27.3,86.0,5172.0,1765.0
2022-06-23 17:53:28.010178,28.1,279.9,23.1,279.9,87,100,0.0,27.32,163.4,28.5,3.411,3.42,26,28,560,558,00000000 10101000 10000010 00001010,10101000 10100000 10001010 00000000,28.1,274.25,27.3,86.0,5172.0,1765.0
2022-06-23 17:53:29.013308,28.1,279.9,23.1,279.9,87,100,0.0,27.32,163.4,28.5,3.411,3.42,26,28,560,558,00000000 10101000 10000010 00001010,10101000 10100000 10001010 00000000,28.1,274.25,27.35,86.0,5172.0,1765.0
2022-06-23 17:53:30.016834,28.1,279.9,23.1,279.9,87,100,0.0,27.32,163.4,28.5,3.411,3.42,26,28,560,558,00000000 10101000 10000010 00001010,10101000 10100000 10001010 00000000,28.1,274.25,27.3,86.0,5172.0,1765.0
2022-06-23 17:53:31.020077,28.1,279.9,23.1,279.9,87,100,0.0,27.32,163.4,28.5,3.411,3.42,26,28,560,558,00000000 10101000 10000010 00001010,10101000 10100000 10001010 00000000,28.1,274.25,27.3,86.0,5172.0,1765.0
2022-06-23 17:53:32.023304,28.1,279.9,23.1,279.9,87,100,0.0,27.32,163.3,28.5,3.411,3.42,26,28,560,558,00000000 10101000 10000010 00001010,10101000 10100000 10001010 00000000,28.1,274.25,27.3,86.0,5172.0,1765.0
2022-06-23 17:53:33.026735,28.1,279.9,23.1,279.9,87,100,0.0,27.32,163.3,28.5,3.411,3.42,26,28,560,558,00000000 10101000 10000010 00001010,10101000 10100000 10001010 00000000,28.1,274.25,27.35,86.0,5172.0,1765.0
2022-06-23 17:53:34.029823,28.1,279.9,23.1,279.9,87,100,0.0,27.32,163.3,28.5,3.411,3.42,26,28,560,558,00000000 10101000 10000010 00001010,10101000 10100000 10001010 00000000,28.1,274.25,27.3,86.0,5172.0,1765.0
2022-06-23 17:53:35.032092,28.1,279.9,23.1,279.9,87,100,0.0,27.32,163.4,28.5,3.411,3.42,26,28,560,558,00000000 10101000 10000010 00001010,10101000 10100000 10001010 00000000,28.1,274.25,27.35,86.0,5172.0,1765.0
2022-06-23 17:53:36.034777,28.1,279.9,23.1,279.9,87,100,0.0,27.32,163.4,28.5,3.411,3.42,26,28,560,558,00000000 10101000 10000010 00001010,10101000 10100000 10001010 00000000,28.1,274.25,27.35,86.0,5172.0,1765.0
2022-06-23 17:53:37.037303,28.1,279.9,23.1,279.9,87,100,0.0,27.32,163.5,28.5,3.411,3.42,26,28,560,558,00000000 10101000 10000010 00001010,10101000 10100000 10001010 00000000,28.1,274.25,27.3,86.0,5172.0,1765.0
2022-06-23 17:53:38.040119,28.1,279.9,23.1,279.9,87,100,0.0,27.32,163.5,28.5,3.411,3.42,26,28,560,558,00000000 10101000 10000010 00001010,10101000 10100000 10001010 00000000,28.1,274.25,27.3,86.0,5172.0,1765.0
2022-06-23 17:53:39.043328,28.1,279.9,23.1,279.9,87,100,0.0,27.32,163.8,28.5,3.411,3.42,26,28,560,558,00000000 10101000 10000010 00001010,10101000 10100000 10001010 00000000,28.1,274.25,27.3,86.0,5172.0,1765.0
2022-06-23 17:53:40.045851,28.1,279.9,23.1,279.9,87,100,0.0,27.32,164.0,28.5,3.411,3.42,26,28,560,558,00000000 10101000 10000010 00001010,10101000 10100000 10001010 00000000,28.1,274.25,27.3,86.0,5172.0,1765.0
2022-06-23 17:53:41.049386,28.1,279.9,23.1,279.9,87,100,0.0,27.32,164.2,28.5,3.411,3.42,26,28,560,558,00000000 10101000 10000010 00001010,10101000 10100000 10001010 00000000,28.1,274.25,27.3,86.0,5172.0,1765.0
2022-06-23 17:53:42.052883,28.1,279.9,23.1,279.9,87,100,0.0,27.32,164.2,28.5,3.411,3.42,26,28,560,558,00000000 10101000 10000010 00001010,10101000 10100000 10001010 00000000,28.1,274.25,27.3,86.0,5172.0,1765.0
2022-06-23 17:53:43.056285,28.1,279.9,23.1,279.9,87,100,0.0,27.32,164.3,28.5,3.411,3.42,26,28,560,558,00000000 10101000 10000010 00001010,10101000 10100000 10001010 00000000,28.1,274.25,27.35,86.0,5187.0,1770.0
2022-06-23 17:53:44.059603,28.1,279.9,23.1,279.9,87,100,0.0,27.32,164.4,28.5,3.411,3.423,26,28,560,558,00000000 10101000 10000010 00001010,10101000 10100000 10001010 00000000,28.1,274.25,27.3,86.0,5187.0,1770.0
2022-06-23 17:53:45.062192,28.1,279.9,23.1,279.9,87,100,0.0,27.32,164.5,28.5,3.411,3.423,26,28,560,558,00000000 10101000 10000010 00001010,10101000 10100000 10001010 00000000,28.1,274.25,27.3,86.0,5202.0,1770.0
2022-06-23 17:53:46.065676,28.1,279.9,23.1,279.9,87,100,0.0,27.32,164.5,28.5,3.411,3.423,26,28,560,558,00000000 10101000 10000010 00001010,10101000 10100000 10001010 00000000,28.1,274.25,27.35,86.0,5202.0,1775.0
2022-06-23 17:53:47.069147,28.1,279.9,23.1,279.9,87,100,0.0,27.32,164.6,28.5,3.411,3.423,26,28,560,558,00000000 10101000 10000010 00001010,10101000 10100000 10001010 00000000,28.1,274.25,27.3,86.0,5202.0,1775.0
2022-06-23 17:53:48.072303,28.1,279.9,23.1,279.9,87,100,0.0,27.32,164.6,28.5,3.411,3.423,26,28,560,558,00000000 10101000 10000010 00001010,10101000 10100000 10001010 00000000,28.1,274.25,27.3,86.0,5202.0,1775.0
2022-06-23 17:53:49.075246,28.1,279.9,23.1,279.9,87,100,0.0,27.32,164.5,28.5,3.411,3.423,26,28,560,558,00000000 10101000 10000010 00001010,10101000 10100000 10001010 00000000,28.1,274.25,27.35,86.0,5202.0,1775.0
2022-06-23 17:53:50.077526,28.1,279.9,23.1,279.9,87,100,0.0,27.32,164.4,28.5,3.411,3.423,26,28,560,558,00000000 10101000 10000010 00001010,10101000 10100000 10001010 00000000,28.1,274.25,27.3,86.0,5202.0,1775.0
2022-06-23 17:53:51.080930,28.1,279.9,23.1,279.9,87,100,0.0,27.32,164.4,28.5,3.411,3.423,26,28,560,558,00000000 10101000 10000010 00001010,10101000 10100000 10001010 00000000,28.1,274.25,27.3,86.0,5202.0,1775.0
2022-06-23 17:53:52.084252,28.1,279.9,23.1,279.9,87,100,0.0,27.32,164.2,28.5,3.411,3.423,26,28,560,558,00000000 10101000 10000010 00001010,10101000 10100000 10001010 00000000,28.1,274.25,27.35,86.0,5202.0,1775.0
2022-06-23 17:53:53.087705,28.1,279.9,23.1,279.9,87,100,0.0,27.32,164.0,28.5,3.411,3.423,26,28,560,558,00000000 10101000 10000010 00001010,10101000 10100000 10001010 00000000,28.1,274.25,27.3,86.0,5202.0,1775.0
2022-06-23 17:53:54.090834,28.1,279.9,23.1,279.9,87,100,0.0,27.32,163.8,28.5,3.411,3.42,26,28,560,558,00000000 10101000 10000010 00001010,10101000 10100000 10001010 00000000,28.1,274.25,27.35,86.0,5202.0,1775.0
2022-06-23 17:53:55.093539,28.1,279.9,23.1,279.9,87,100,0.0,27.32,163.8,28.5,3.411,3.42,26,28,560,558,00000000 10101000 10000010 00001010,10101000 10100000 10001010 00000000,28.1,274.25,27.35,86.0,5202.0,1775.0
2022-06-23 17:53:56.096714,28.1,279.9,23.1,279.9,87,100,0.0,27.32,163.6,28.5,3.411,3.42,26,28,560,558,00000000 10101000 10000010 00001010,10101000 10100000 10001010 00000000,28.1,274.25,27.3,86.0,5202.0,1775.0
2022-06-23 17:53:57.100266,28.1,279.9,23.1,279.9,87,100,0.0,27.32,163.3,28.5,3.411,3.42,26,28,560,558,00000000 10101000 10000010 00001010,10101000 10100000 10001010 00000000,28.1,274.25,27.3,86.0,5202.0,1775.0
2022-06-23 17:53:58.103546,28.1,279.9,23.1,279.9,87,100,0.0,27.32,163.3,28.5,3.411,3.42,26,28,560,558,00000000 10101000 10000010 00001010,10101000 10100000 10001010 00000000,28.1,274.25,27.3,86.0,5202.0,1775.0
2022-06-23 17:53:59.106794,28.1,279.9,23.1,279.9,87,100,0.0,27.32,163.3,28.5,3.411,3.42,26,28,560,558,00000000 10101000 10000010 00001010,10101000 10100000 10001010 00000000,28.1,274.25,27.35,86.0,5187.0,1775.0
2022-06-23 17:54:00.109739,28.1,279.9,23.1,279.9,87,100,0.0,27.32,162.6,28.5,3.411,3.42,26,28,560,558,00000000 10101000 10000010 00001010,10101000 10100000 10001010 00000000,28.1,274.25,27.3,86.0,5172.0,1765.0
2022-06-23 17:54:01.113637,28.1,279.9,23.1,279.9,87,100,0.0,27.32,162.4,28.5,3.411,3.42,26,28,560,558,00000000 10101000 10000010 00001010,10101000 10100000 10001010 00000000,28.1,274.25,27.3,86.0,5172.0,1765.0
2022-06-23 17:54:02.116295,28.1,279.9,23.1,279.9,87,100,0.0,27.32,162.4,28.5,3.411,3.42,26,28,560,558,00000000 10101000 10000010 00001010,10101000 10100000 10001010 00000000,28.1,274.25,27.3,86.0,5172.0,1765.0
2022-06-23 17:54:03.118780,28.1,279.9,23.1,279.9,87,100,0.0,27.32,162.4,28.5,3.411,3.42,26,28,560,558,00000000 10101000 10000010 00001010,10101000 10100000 10001010 00000000,28.1,274.25,27.35,86.0,5158.0,1760.0
2022-06-23 17:54:04.121282,28.1,279.9,23.1,279.9,87,100,0.0,27.32,162.3,28.5,3.411,3.42,26,28,560,558,00000000 10101000 10000010 00001010,10101000 10100000 10001010 00000000,28.1,274.25,27.3,86.0,5158.0,1760.0
2022-06-23 17:54:05.129712,28.1,279.9,23.1,279.9,87,100,0.0,27.32,162.4,28.5,3.411,3.42,26,28,560,558,00000000 10101000 10000010 00001010,10101000 10100000 10001010 00000000,28.1,274.25,27.35,86.0,5158.0,1760.0
2022-06-23 17:54:06.132458,28.1,279.9,23.1,279.9,87,100,0.0,27.32,162.5,28.5,3.411,3.42,26,28,560,558,00000000 10101000 10000010 00001010,10101000 10100000 10001010 00000000,28.1,274.25,27.3,86.0,5158.0,1760.0
2022-06-23 17:54:07.135977,28.1,279.9,23.1,279.9,87,100,0.0,27.32,162.5,28.5,3.411,3.42,26,28,560,558,00000000 10101000 10000010 00001010,10101000 10100000 10001010 00000000,28.1,274.25,27.3,86.0,5158.0,1760.0
2022-06-23 17:54:08.139300,28.1,279.9,23.1,279.9,87,100,0.0,27.32,162.6,28.5,3.411,3.42,26,28,560,558,00000000 10101000 10000010 00001010,10101000 10100000 10001010 00000000,28.1,274.25,27.35,86.0,5158.0,1760.0
2022-06-23 17:54:09.142622,28.1,279.9,23.1,279.9,87,100,0.0,27.32,162.7,28.5,3.411,3.42,26,28,560,558,00000000 10101000 10000010 00001010,10101000 10100000 10001010 00000000,28.1,274.25,27.3,86.0,5158.0,1760.0
2022-06-23 17:54:10.145635,28.1,279.9,23.1,279.9,87,100,0.0,27.32,162.7,28.5,3.411,3.42,26,28,560,558,00000000 10101000 10000010 00001010,10101000 10100000 10001010 00000000,28.1,274.25,27.3,86.0,5158.0,1760.0
2022-06-23 17:54:11.148147,28.1,279.9,23.1,279.9,87,100,0.0,27.32,162.8,28.5,3.411,3.42,26,28,560,558,00000000 10101000 10000010 00001010,10101000 10100000 10001010 00000000,28.1,274.25,27.3,86.0,5158.0,1760.0
2022-06-23 17:54:12.151061,28.1,279.9,23.1,279.9,87,100,0.0,27.32,162.8,28.5,3.411,3.42,26,28,560,558,00000000 10101000 10000010 00001010,10101000 10100000 10001010 00000000,28.1,274.25,27.35,86.0,5158.0,1760.0
2022-06-23 17:54:13.154250,28.1,279.9,23.1,279.9,87,100,0.0,27.32,162.9,28.5,3.411,3.42,26,28,560,558,00000000 10101000 10000010 00001010,10101000 10100000 10001010 00000000,28.1,274.25,27.3,86.0,5158.0,1760.0
2022-06-23 17:54:14.157103,28.1,279.9,23.1,279.9,87,100,0.0,27.32,162.9,28.5,3.411,3.42,26,28,560,558,00000000 10101000 10000010 00001010,10101000 10100000 10001010 00000000,28.1,274.25,27.3,86.0,5158.0,1760.0
2022-06-23 17:54:15.159766,28.1,279.9,23.1,279.9,87,100,0.0,27.32,162.9,28.5,3.411,3.42,26,28,560,558,00000000 10101000 10000010 00001010,10101000 10100000 10001010 00000000,28.1,274.25,27.3,86.0,5158.0,1760.0
2022-06-23 17:54:16.162176,28.1,279.9,23.1,279.9,87,100,0.0,27.32,163.0,28.5,3.411,3.42,26,28,560,558,00000000 10101000 10000010 00001010,10101000 10100000 10001010 00000000,28.1,274.25,27.3,86.0,5158.0,1760.0
2022-06-23 17:54:17.165457,28.1,279.9,23.1,279.9,87,100,0.0,27.32,163.0,28.5,3.411,3.42,26,28,560,558,00000000 10101000 10000010 00001010,10101000 10100000 10001010 00000000,28.1,274.25,27.35,86.0,5158.0,1760.0
2022-06-23 17:54:18.168927,28.1,279.9,23.1,279.9,87,100,0.0,27.32,163.1,28.5,3.411,3.42,26,28,560,558,00000000 10101000 10000010 00001010,10101000 10100000 10001010 00000000,28.1,274.25,27.3,86.0,5158.0,1760.0
2022-06-23 17:54:19.172413,28.1,279.9,23.1,279.9,87,100,0.0,27.32,163.0,28.5,3.411,3.42,26,28,560,558,00000000 10101000 10000010 00001010,10101000 10100000 10001010 00000000,28.1,274.25,27.35,86.0,5158.0,1760.0
2022-06-23 17:54:20.176498,28.1,279.9,23.1,279.9,87,100,0.0,27.32,163.0,28.5,3.411,3.42,26,28,560,558,00000000 10101000 10000010 00001010,10101000 10100000 10001010 00000000,28.1,274.25,27.3,86.0,5158.0,1760.0
2022-06-23 17:54:21.178802,28.1,279.9,23.1,279.9,87,100,0.0,27.32,162.9,28.5,3.411,3.42,26,28,560,558,00000000 10101000 10000010 00001010,10101000 10100000 10001010 00000000,28.1,274.25,27.35,86.0,5158.0,1760.0
2022-06-23 17:54:22.182036,28.1,279.9,23.1,279.9,87,100,0.0,27.32,163.0,28.5,3.411,3.42,26,28,560,558,00000000 10101000 10000010 00001010,10101000 10100000 10001010 00000000,28.1,274.25,27.3,86.0,5158.0,1760.0
2022-06-23 17:54:23.185377,28.1,279.9,23.1,279.9,87,100,0.0,27.32,163.0,28.5,3.411,3.42,26,28,560,558,00000000 10101000 10000010 00001010,10101000 10100000 10001010 00000000,28.1,274.25,27.3,86.0,5158.0,1760.0
2022-06-23 17:54:24.188610,28.1,279.9,23.1,279.9,87,100,0.0,27.32,163.1,28.5,3.411,3.42,26,28,560,558,00000000 10101000 10000010 00001010,10101000 10100000 10001010 00000000,28.1,274.25,27.35,86.0,5158.0,1760.0
2022-06-23 17:54:25.192008,28.1,279.9,23.1,279.9,87,100,0.0,27.32,163.1,28.5,3.411,3.42,26,28,560,558,00000000 10101000 10000010 00001010,10101000 10100000 10001010 00000000,28.1,274.25,27.3,86.0,5158.0,1760.0
2022-06-23 17:54:26.194498,28.1,279.9,23.1,279.9,87,100,0.0,27.32,163.1,28.5,3.411,3.42,26,28,560,558,00000000 10101000 10000010 00001010,10101000 10100000 10001010 00000000,28.1,274.25,27.3,86.0,5158.0,1760.0
2022-06-23 17:54:27.197279,28.1,279.9,23.1,279.9,87,100,0.0,27.32,163.0,28.5,3.411,3.42,26,28,560,558,00000000 10101000 10000010 00001010,10101000 10100000 10001010 00000000,28.1,274.25,27.35,86.0,5158.0,1760.0
2022-06-23 17:54:28.199943,28.1,279.9,23.1,279.9,87,100,0.0,27.32,163.0,28.5,3.411,3.42,26,28,560,558,00000000 10101000 10000010 00001010,10101000 10100000 10001010 00000000,28.1,274.25,27.3,86.0,5158.0,1760.0
2022-06-23 17:54:29.202917,28.1,279.9,23.1,279.9,87,100,0.0,27.32,162.8,28.5,3.411,3.42,26,28,560,558,00000000 10101000 10000010 00001010,10101000 10100000 10001010 00000000,28.1,274.25,27.3,86.0,5158.0,1760.0
2022-06-23 17:54:30.205862,28.1,279.9,23.1,279.9,87,100,0.0,27.32,162.7,28.5,3.411,3.42,26,28,560,558,00000000 10101000 10000010 00001010,10101000 10100000 10001010 00000000,28.1,274.25,27.3,86.0,5158.0,1760.0
2022-06-23 17:54:31.208843,28.1,279.9,23.1,279.9,87,100,0.0,27.32,162.7,28.5,3.411,3.42,26,28,560,558,00000000 10101000 10000010 00001010,10101000 10100000 10001010 00000000,28.1,274.25,27.3,86.0,5158.0,1760.0
2022-06-23 17:54:32.212231,28.1,279.9,23.1,279.9,87,100,0.0,27.32,162.7,28.5,3.411,3.42,26,28,560,558,00000000 10101000 10000010 00001010,10101000 10100000 10001010 00000000,28.1,274.25,27.3,86.0,5158.0,1760.0
2022-06-23 17:54:33.215832,28.1,279.9,23.1,279.9,87,100,0.0,27.32,162.8,28.5,3.411,3.42,26,28,560,558,00000000 10101000 10000010 00001010,10101000 10100000 10001010 00000000,28.1,274.25,27.35,86.0,5158.0,1760.0
2022-06-23 17:54:34.219510,28.1,279.9,23.1,279.9,87,100,0.0,27.32,162.7,28.5,3.411,3.42,26,28,560,558,00000000 10101000 10000010 00001010,10101000 10100000 10001010 00000000,28.1,274.25,27.3,86.0,5158.0,1760.0
2022-06-23 17:54:35.222927,28.1,279.9,23.1,279.9,87,100,0.0,27.32,162.7,28.5,3.411,3.42,26,28,560,558,00000000 10101000 10000010 00001010,10101000 10100000 10001010 00000000,28.1,274.25,27.3,86.0,5158.0,1760.0
2022-06-23 17:54:36.225877,28.1,279.9,23.1,279.9,87,100,0.0,27.32,162.5,28.5,3.411,3.42,26,28,560,558,00000000 10101000 10000010 00001010,10101000 10100000 10001010 00000000,28.1,274.25,27.3,86.0,5158.0,1760.0
2022-06-23 17:54:37.228559,28.1,279.9,23.1,279.9,87,100,0.0,27.32,162.5,28.5,3.411,3.42,26,28,560,558,00000000 10101000 10000010 00001010,10101000 10100000 10001010 00000000,28.1,274.25,27.3,86.0,5158.0,1760.0
2022-06-23 17:54:38.231974,28.1,279.9,23.1,279.9,87,100,0.0,27.32,162.5,28.5,3.411,3.42,26,28,560,558,00000000 10101000 10000010 00001010,10101000 10100000 10001010 00000000,28.1,274.25,27.3,86.0,5158.0,1760.0
2022-06-23 17:54:39.234959,28.1,279.9,23.1,279.9,87,100,0.0,27.32,162.4,28.5,3.411,3.42,26,28,560,558,00000000 10101000 10000010 00001010,10101000 10100000 10001010 00000000,28.1,274.25,27.3,86.0,5158.0,1760.0
2022-06-23 17:54:40.237585,28.1,279.9,23.1,279.9,87,100,0.0,27.32,162.4,28.5,3.411,3.42,26,28,560,558,00000000 10101000 10000010 00001010,10101000 10100000 10001010 00000000,28.1,274.25,27.3,86.0,5158.0,1760.0
2022-06-23 17:54:41.240187,28.1,279.9,23.1,279.9,87,100,0.0,27.32,162.3,28.5,3.411,3.42,26,28,560,558,00000000 10101000 10000010 00001010,10101000 10100000 10001010 00000000,28.1,274.25,27.3,86.0,5158.0,1760.0
2022-06-23 17:54:42.242807,28.1,279.9,23.1,279.9,87,100,0.0,27.32,162.5,28.5,3.411,3.42,26,28,560,558,00000000 10101000 10000010 00001010,10101000 10100000 10001010 00000000,28.1,274.25,27.3,86.0,5158.0,1760.0
2022-06-23 17:54:43.246019,28.1,279.9,23.1,279.9,87,100,0.0,27.32,162.5,28.5,3.411,3.42,26,28,560,558,00000000 10101000 10000010 00001010,10101000 10100000 10001010 00000000,28.1,274.25,27.3,86.0,5158.0,1760.0
2022-06-23 17:54:44.249333,28.1,279.9,23.1,279.9,87,100,0.0,27.32,162.5,28.5,3.411,3.42,26,28,560,558,00000000 10101000 10000010 00001010,10101000 10100000 10001010 00000000,28.1,274.25,27.35,86.0,5158.0,1760.0
2022-06-23 17:54:45.252719,28.1,279.9,23.1,279.9,87,100,0.0,27.32,162.5,28.5,3.411,3.42,26,28,560,558,00000000 10101000 10000010 00001010,10101000 10100000 10001010 00000000,28.1,274.25,27.35,86.0,5158.0,1760.0
2022-06-23 17:54:46.256018,28.1,279.9,23.1,279.9,87,100,0.0,27.32,162.5,28.5,3.411,3.42,26,28,560,558,00000000 10101000 10000010 00001010,10101000 10100000 10001010 00000000,28.1,274.25,27.3,86.0,5158.0,1760.0
2022-06-23 17:54:47.258631,28.1,279.9,23.1,279.9,87,100,0.0,27.32,162.5,28.5,3.411,3.42,26,28,560,558,00000000 10101000 10000010 00001010,10101000 10100000 10001010 00000000,28.1,274.25,27.3,86.0,5158.0,1760.0
2022-06-23 17:54:48.261572,28.1,279.9,23.1,279.9,87,100,0.0,27.32,162.5,28.5,3.411,3.42,26,28,560,558,00000000 10101000 10000010 00001010,10101000 10100000 10001010 00000000,28.1,274.25,27.3,86.0,5158.0,1760.0
2022-06-23 17:54:49.264973,28.1,279.9,23.1,279.9,87,100,0.0,27.32,162.4,28.5,3.411,3.42,26,28,560,558,00000000 10101000 10000010 00001010,10101000 10100000 10001010 00000000,28.1,274.25,27.3,86.0,5158.0,1760.0
2022-06-23 17:54:50.268351,28.1,279.9,23.1,279.9,87,100,0.0,27.32,162.4,28.5,3.411,3.42,26,28,560,558,00000000 10101000 10000010 00001010,10101000 10100000 10001010 00000000,28.1,274.25,27.3,86.0,5158.0,1760.0
2022-06-23 17:54:51.271880,28.1,279.9,23.1,279.9,87,100,0.0,27.32,162.4,28.5,3.411,3.42,26,28,560,558,00000000 10101000 10000010 00001010,10101000 10100000 10001010 00000000,28.1,274.25,27.3,86.0,5158.0,1760.0
2022-06-23 17:54:52.274381,28.1,279.9,23.1,279.9,87,100,0.0,27.32,162.5,28.5,3.411,3.42,26,28,560,558,00000000 10101000 10000010 00001010,10101000 10100000 10001010 00000000,28.1,274.25,27.3,86.0,5158.0,1760.0
2022-06-23 17:54:53.276833,28.1,279.9,23.1,279.9,87,100,0.0,27.32,162.6,28.5,3.411,3.42,26,28,560,558,00000000 10101000 10000010 00001010,10101000 10100000 10001010 00000000,28.1,274.25,27.3,86.0,5158.0,1760.0
2022-06-23 17:54:54.279305,28.1,279.9,23.1,279.9,87,100,0.0,27.32,162.6,28.5,3.411,3.42,26,28,560,558,00000000 10101000 10000010 00001010,10101000 10100000 10001010 00000000,28.1,274.25,27.35,86.0,5158.0,1760.0
2022-06-23 17:54:55.282506,28.1,279.9,23.1,279.9,87,100,0.0,27.32,162.5,28.5,3.411,3.42,26,28,560,558,00000000 10101000 10000010 00001010,10101000 10100000 10001010 00000000,28.1,274.25,27.3,86.0,5158.0,1760.0
2022-06-23 17:54:56.285772,28.1,279.9,23.1,279.9,87,100,0.0,27.32,162.5,28.5,3.411,3.42,26,28,560,558,00000000 10101000 10000010 00001010,10101000 10100000 10001010 00000000,28.1,274.25,27.3,86.0,5158.0,1760.0
2022-06-23 17:54:57.288848,28.1,279.9,23.1,279.9,87,100,0.0,27.32,162.4,28.5,3.411,3.42,26,28,560,558,00000000 10101000 10000010 00001010,10101000 10100000 10001010 00000000,28.1,274.25,27.3,86.0,5158.0,1760.0
2022-06-23 17:54:58.292272,28.1,279.9,23.1,279.9,87,100,0.0,27.32,162.5,28.5,3.411,3.42,26,28,560,558,00000000 10101000 10000010 00001010,10101000 10100000 10001010 00000000,28.1,274.25,27.3,86.0,5158.0,1760.0
2022-06-23 17:54:59.295941,28.1,279.9,23.1,279.9,87,100,0.0,27.32,162.5,28.5,3.411,3.42,26,28,560,558,00000000 10101000 10000010 00001010,10101000 10100000 10001010 00000000,28.1,274.25,27.3,86.0,5158.0,1760.0
2022-06-23 17:55:00.299230,28.1,279.9,23.1,279.9,87,100,0.0,27.32,162.5,28.5,3.411,3.42,26,28,560,558,00000000 10101000 10000010 00001010,10101000 10100000 10001010 00000000,28.1,274.25,27.35,86.0,5158.0,1760.0
2022-06-23 17:55:01.302770,28.1,279.9,23.1,279.9,87,100,0.0,27.32,162.7,28.5,3.411,3.42,26,28,560,558,00000000 10101000 10000010 00001010,10101000 10100000 10001010 00000000,28.1,274.25,27.3,86.0,5158.0,1760.0
2022-06-23 17:55:02.305759,28.1,279.9,23.1,279.9,87,100,0.0,27.32,162.7,28.5,3.411,3.42,26,28,560,558,00000000 10101000 10000010 00001010,10101000 10100000 10001010 00000000,28.1,274.25,27.3,86.0,5158.0,1760.0
2022-06-23 17:55:03.308687,28.1,279.9,23.1,279.9,87,100,0.0,27.32,162.8,28.5,3.411,3.42,26,28,560,558,00000000 10101000 10000010 00001010,10101000 10100000 10001010 00000000,28.1,274.25,27.3,86.0,5158.0,1760.0
2022-06-23 17:55:04.311854,28.1,279.9,23.1,279.9,87,100,0.0,27.32,162.8,28.5,3.411,3.42,26,28,560,558,00000000 10101000 10000010 00001010,10101000 10100000 10001010 00000000,28.1,274.25,27.3,86.0,5158.0,1760.0
2022-06-23 17:55:05.314525,28.1,279.9,23.1,279.9,87,100,0.0,27.32,162.9,28.5,3.411,3.42,26,28,560,558,00000000 10101000 10000010 00001010,10101000 10100000 10001010 00000000,28.1,274.25,27.3,86.0,5158.0,1760.0
2022-06-23 17:55:06.317221,28.1,279.9,23.1,279.9,87,100,0.0,27.32,162.9,28.5,3.411,3.42,26,28,560,558,00000000 10101000 10000010 00001010,10101000 10100000 10001010 00000000,28.1,274.25,27.35,86.0,5158.0,1760.0
2022-06-23 17:55:07.319849,28.1,279.9,23.1,279.9,87,100,0.0,27.32,163.0,28.5,3.411,3.42,26,28,560,558,00000000 10101000 10000010 00001010,10101000 10100000 10001010 00000000,28.1,274.25,27.3,86.0,5158.0,1760.0
2022-06-23 17:55:08.323000,28.1,279.9,23.1,279.9,87,100,0.0,27.32,163.2,28.5,3.411,3.42,26,28,560,558,00000000 10101000 10000010 00001010,10101000 10100000 10001010 00000000,28.1,274.25,27.3,86.0,5158.0,1760.0
2022-06-23 17:55:09.326219,28.1,279.9,23.1,279.9,87,100,0.0,27.32,163.2,28.5,3.411,3.42,26,28,560,558,00000000 10101000 10000010 00001010,10101000 10100000 10001010 00000000,28.1,274.25,27.35,86.0,5158.0,1760.0
2022-06-23 17:55:10.329372,28.1,279.9,23.1,279.9,87,100,0.0,27.32,163.2,28.5,3.411,3.42,26,28,560,558,00000000 10101000 10000010 00001010,10101000 10100000 10001010 00000000,28.1,274.25,27.3,86.0,5158.0,1760.0
2022-06-23 17:55:11.332642,28.1,279.9,23.1,279.9,87,100,0.0,27.32,163.5,28.5,3.411,3.42,26,28,560,558,00000000 10101000 10000010 00001010,10101000 10100000 10001010 00000000,28.1,274.25,27.3,86.0,5158.0,1760.0
2022-06-23 17:55:12.335718,28.1,279.9,23.1,279.9,87,100,0.0,27.32,163.8,28.5,3.411,3.42,26,28,560,558,00000000 10101000 10000010 00001010,10101000 10100000 10001010 00000000,28.1,274.25,27.3,86.0,5172.0,1770.0
2022-06-23 17:55:13.338219,28.1,279.9,23.1,279.9,87,100,0.0,27.32,164.2,28.5,3.411,3.42,26,28,560,558,00000000 10101000 10000010 00001010,10101000 10100000 10001010 00000000,28.1,274.25,27.35,86.0,5202.0,1775.0
2022-06-23 17:55:14.341447,28.1,279.9,23.1,279.9,88,100,0.0,27.33,164.7,28.5,3.411,3.42,26,28,560,558,00000000 10101000 10000010 00001010,10101000 10100000 10001010 00000000,28.1,274.25,27.3,86.0,5246.0,1790.0
2022-06-23 17:55:15.344878,28.1,279.9,23.1,279.9,88,100,0.0,27.33,164.7,28.5,3.411,3.423,26,28,560,558,00000000 10101000 10000010 00001010,10101000 10100000 10001010 00000000,28.1,274.25,27.35,86.0,5260.0,1800.0
2022-06-23 17:55:16.348155,28.1,279.9,23.1,279.9,88,100,0.0,27.33,165.2,28.5,3.411,3.423,26,28,560,558,00000000 10101000 10000010 00001010,10101000 10100000 10001010 00000000,28.1,274.25,27.3,86.0,5290.0,1805.0
2022-06-23 17:55:17.351507,28.1,279.9,23.1,279.9,88,100,0.0,27.33,165.7,28.5,3.411,3.423,26,28,560,558,00000000 10101000 10000010 00001010,10101000 10100000 10001010 00000000,28.1,274.25,27.35,86.0,5334.0,1820.0
2022-06-23 17:55:18.353912,28.1,279.9,23.1,279.9,88,100,0.0,27.33,165.7,28.5,3.411,3.423,26,28,560,558,00000000 10101000 10000010 00001010,10101000 10100000 10001010 00000000,28.1,274.25,27.35,86.0,5363.0,1835.0
2022-06-23 17:55:19.356233,28.1,279.9,23.1,279.9,88,100,0.0,27.33,166.3,28.5,3.411,3.423,26,28,560,558,00000000 10101000 10000010 00001010,10101000 10100000 10001010 00000000,28.1,274.25,27.3,86.0,5392.0,1840.0
2022-06-23 17:55:20.359072,28.1,279.9,23.1,279.9,88,100,0.0,27.33,166.7,28.5,3.411,3.423,26,28,560,558,00000000 10101000 10000010 00001010,10101000 10100000 10001010 00000000,28.1,274.25,27.35,86.0,5407.0,1845.0
2022-06-23 17:55:21.362394,28.1,279.9,23.1,279.9,88,100,0.0,27.33,167.1,28.5,3.413,3.423,26,28,560,558,00000000 10101000 10000010 00001010,10101000 10100000 10001010 00000000,28.1,274.25,27.3,86.0,5421.0,1855.0
2022-06-23 17:55:22.365452,28.1,279.9,23.1,279.9,88,100,0.0,27.33,167.1,28.5,3.413,3.423,26,28,560,558,00000000 10101000 10000010 00001010,10101000 10100000 10001010 00000000,28.1,274.25,27.35,86.0,5436.0,1855.0
2022-06-23 17:55:23.368545,28.1,279.9,23.1,279.9,88,100,0.0,27.33,167.1,28.5,3.413,3.423,26,28,560,558,00000000 10101000 10000010 00001010,10101000 10100000 10001010 00000000,28.1,274.25,27.35,86.0,5436.0,1860.0
2022-06-23 17:55:24.371400,28.1,279.9,23.1,279.9,88,100,0.0,27.34,167.2,28.5,3.413,3.423,26,28,560,558,00000000 10101000 10000010 00001010,10101000 10100000 10001010 00000000,28.1,274.25,27.3,86.0,5451.0,1860.0
2022-06-23 17:55:25.374729,28.1,279.9,23.1,279.9,88,100,0.0,27.34,167.2,28.5,3.413,3.423,26,28,560,558,00000000 10101000 10000010 00001010,10101000 10100000 10001010 00000000,28.1,274.25,27.35,86.0,5451.0,1860.0
2022-06-23 17:55:26.378009,28.1,279.9,23.1,279.9,88,100,0.0,27.34,167.2,28.5,3.413,3.423,26,28,560,558,00000000 10101000 10000010 00001010,10101000 10100000 10001010 00000000,28.1,274.25,27.3,86.0,5451.0,1860.0
2022-06-23 17:55:27.381478,28.1,279.9,23.1,279.9,88,100,0.0,27.33,167.1,28.5,3.413,3.423,26,28,560,558,00000000 10101000 10000010 00001010,10101000 10100000 10001010 00000000,28.1,274.25,27.35,86.0,5451.0,1860.0
2022-06-23 17:55:28.384446,28.1,279.9,23.1,279.9,88,100,0.0,27.33,166.8,28.5,3.411,3.423,26,28,560,558,00000000 10101000 10000010 00001010,10101000 10100000 10001010 00000000,28.1,274.25,27.35,86.0,5451.0,1860.0
2022-06-23 17:55:29.387874,28.1,279.9,23.1,279.9,88,100,0.0,27.33,166.3,28.5,3.411,3.423,26,28,560,558,00000000 10101000 10000010 00001010,10101000 10100000 10001010 00000000,28.1,274.25,27.3,86.0,5451.0,1860.0
2022-06-23 17:55:30.391039,28.1,279.9,23.1,279.9,88,100,0.0,27.33,165.7,28.5,3.411,3.423,26,28,560,558,00000000 10101000 10000010 00001010,10101000 10100000 10001010 00000000,28.1,274.25,27.3,86.0,5451.0,1860.0
2022-06-23 17:55:31.393561,28.1,279.9,23.1,279.9,88,100,0.0,27.33,165.7,28.5,3.413,3.423,26,28,560,558,00000000 10101000 10000010 00001010,10101000 10100000 10001010 00000000,28.1,274.25,27.35,86.0,5421.0,1850.0
2022-06-23 17:55:32.396325,28.1,279.9,23.1,279.9,88,100,0.0,27.33,165.0,28.5,3.413,3.423,26,28,560,558,00000000 10101000 10000010 00001010,10101000 10100000 10001010 00000000,28.1,274.25,27.35,86.0,5392.0,1835.0
2022-06-23 17:55:33.399229,28.1,279.9,23.1,279.9,88,100,0.0,27.33,164.3,28.5,3.413,3.423,26,28,560,558,00000000 10101000 10000010 00001010,10101000 10100000 10001010 00000000,28.1,274.25,27.3,86.0,5348.0,1820.0
2022-06-23 17:55:34.402784,28.1,279.9,23.1,279.9,88,100,0.0,27.33,164.3,28.5,3.411,3.423,26,28,560,558,00000000 10101000 10000010 00001010,10101000 10100000 10001010 00000000,28.1,274.25,27.3,86.0,5319.0,1810.0
2022-06-23 17:55:35.406244,28.1,279.9,23.1,279.9,88,100,0.0,27.33,163.6,28.5,3.411,3.423,26,28,560,558,00000000 10101000 10000010 00001010,10101000 10100000 10001010 00000000,28.1,274.25,27.3,86.0,5275.0,1795.0
2022-06-23 17:55:36.409620,28.1,279.9,23.1,279.9,88,100,0.0,27.33,163.6,28.5,3.411,3.423,26,28,560,558,00000000 10101000 10000010 00001010,10101000 10100000 10001010 00000000,28.1,274.25,27.3,86.0,5260.0,1790.0
2022-06-23 17:55:37.413034,28.1,279.9,23.1,279.9,88,100,0.0,27.32,162.9,28.5,3.411,3.42,26,28,560,558,00000000 10101000 10000010 00001010,10101000 10100000 10001010 00000000,28.1,274.25,27.3,86.0,5231.0,1780.0
2022-06-23 17:55:38.416085,28.1,279.9,23.1,279.9,88,100,0.0,27.32,162.5,28.5,3.411,3.42,26,28,560,558,00000000 10101000 10000010 00001010,10101000 10100000 10001010 00000000,28.1,274.25,27.3,86.0,5216.0,1780.0
2022-06-23 17:55:39.418402,28.1,279.9,23.1,279.9,88,100,0.0,27.32,162.5,28.5,3.411,3.42,26,28,560,558,00000000 10101000 10000010 00001010,10101000 10100000 10001010 00000000,28.1,274.25,27.3,86.0,5202.0,1775.0
2022-06-23 17:55:40.421865,28.1,279.9,23.1,279.9,88,100,0.0,27.32,162.3,28.5,3.411,3.42,26,28,560,558,00000000 10101000 10000010 00001010,10101000 10100000 10001010 00000000,28.1,274.25,27.35,86.0,5246.0,1845.0
2022-06-23 17:55:41.425198,28.1,279.9,23.1,279.9,88,100,0.0,27.36,167.8,28.5,3.416,3.426,26,28,560,558,00000000 10101000 10000010 00001010,10101000 10100000 10001010 00000000,28.1,274.25,27.35,86.0,6125.0,2135.0
2022-06-23 17:55:42.428722,28.1,279.9,23.1,279.9,88,100,0.0,27.36,167.8,28.5,3.416,3.426,26,28,560,558,00000000 10101000 10000010 00001010,10101000 10100000 10001010 00000000,28.1,274.25,27.4,86.0,6608.0,2280.0
2022-06-23 17:55:43.431788,28.1,279.9,23.1,279.9,88,100,0.0,27.36,178.0,28.5,3.416,3.426,26,28,560,558,00000000 10101000 10000010 00001010,10101000 10100000 10001010 00000000,28.1,274.25,27.35,86.0,6887.0,2380.0
2022-06-23 17:55:44.434275,28.1,279.9,23.1,279.9,88,100,0.0,27.37,178.8,28.5,3.417,3.426,26,28,560,558,00000000 10101000 10000010 00001010,10101000 10100000 10001010 00000000,28.1,274.25,27.4,86.0,7121.0,2445.0
2022-06-23 17:55:45.436944,28.1,279.9,23.1,279.9,88,100,0.0,27.37,179.5,28.5,3.417,3.426,26,28,560,558,00000000 10101000 10000010 00001010,10101000 10100000 10001010 00000000,28.1,274.25,27.4,86.0,7253.0,2480.0
2022-06-23 17:55:46.440640,28.1,279.9,23.1,279.9,88,100,0.0,27.37,179.8,28.5,3.417,3.426,26,28,560,558,00000000 10101000 10000010 00001010,10101000 10100000 10001010 00000000,28.1,274.25,27.35,86.0,7356.0,2515.0
2022-06-23 17:55:47.444790,28.1,279.9,23.1,279.9,88,100,0.0,27.37,179.8,28.5,3.417,3.429,26,28,560,558,00000000 10101000 10000010 00001010,10101000 10100000 10001010 00000000,28.1,274.25,27.4,86.0,7414.0,2530.0
2022-06-23 17:55:48.448301,28.1,279.9,23.1,279.9,88,100,0.0,27.35,176.6,28.5,3.417,3.429,26,28,560,558,00000000 10101000 10000010 00001010,10101000 10100000 10001010 00000000,28.1,274.25,27.35,86.0,6960.0,2330.0
2022-06-23 17:55:49.450856,28.1,279.9,23.1,279.9,88,100,0.0,27.35,176.6,28.5,3.417,3.429,26,28,560,558,00000000 10101000 10000010 00001010,10101000 10100000 10001010 00000000,28.1,274.25,27.35,86.0,6550.0,2210.0
2022-06-23 17:55:50.454488,28.1,279.9,23.1,279.9,88,100,0.0,27.35,172.0,28.5,3.414,3.426,26,28,560,558,00000000 10101000 10000010 00001010,10101000 10100000 10001010 00000000,28.1,274.25,27.4,86.0,6330.0,2150.0
2022-06-23 17:55:51.457784,28.1,279.9,23.1,279.9,88,100,0.0,27.35,172.0,28.5,3.414,3.426,26,28,560,558,00000000 10101000 10000010 00001010,10101000 10100000 10001010 00000000,28.1,274.25,27.35,86.0,6125.0,2070.0
2022-06-23 17:55:52.461310,28.1,279.9,23.1,279.9,88,100,0.0,27.35,171.5,28.5,3.414,3.426,26,28,560,558,00000000 10101000 10000010 00001010,10101000 10100000 10001010 00000000,28.1,274.25,27.3,86.0,5890.0,2005.0
2022-06-23 17:55:53.464764,28.1,279.9,23.1,279.9,88,100,0.0,27.35,168.1,28.5,3.414,3.426,26,28,560,558,00000000 10101000 10000010 00001010,10101000 10100000 10001010 00000000,28.1,274.25,27.3,86.0,5788.0,1965.0
2022-06-23 17:55:54.467270,28.1,279.9,23.1,279.9,88,100,0.0,27.35,168.0,28.5,3.414,3.423,26,28,560,558,00000000 10101000 10000010 00001010,10101000 10100000 10001010 00000000,28.1,274.25,27.35,86.0,5700.0,1940.0
2022-06-23 17:55:55.470801,28.1,279.9,23.1,279.9,88,100,0.0,27.35,168.0,28.5,3.414,3.423,26,28,560,558,00000000 10101000 10000010 00001010,10101000 10100000 10001010 00000000,28.1,274.25,27.3,86.0,5656.0,1930.0
2022-06-23 17:55:56.474086,28.1,279.9,23.1,279.9,88,100,0.0,27.35,167.9,28.5,3.414,3.423,26,28,560,558,00000000 10101000 10000010 00001010,10101000 10100000 10001010 00000000,28.1,274.25,27.35,86.0,5656.0,1930.0
2022-06-23 17:55:57.477110,28.1,279.9,23.1,279.9,88,100,0.0,27.35,167.8,28.5,3.414,3.423,26,28,560,558,00000000 10101000 10000010 00001010,10101000 10100000 10001010 00000000,28.1,274.25,27.35,86.0,5641.0,1920.0
2022-06-23 17:55:58.479966,28.1,279.9,23.1,279.9,88,100,0.0,27.35,167.8,28.5,3.414,3.423,26,28,560,558,00000000 10101000 10000010 00001010,10101000 10100000 10001010 00000000,28.1,274.25,27.3,86.0,5627.0,1915.0
2022-06-23 17:55:59.483025,28.1,279.9,23.1,279.9,88,100,0.0,27.35,167.6,28.5,3.414,3.423,26,28,560,558,00000000 10101000 10000010 00001010,10101000 10100000 10001010 00000000,28.1,274.25,27.3,86.0,5612.0,1915.0
2022-06-23 17:56:00.487376,28.1,279.9,23.1,279.9,88,100,0.0,27.35,167.6,28.5,3.414,3.423,26,28,560,558,00000000 10101000 10000010 00001010,10101000 10100000 10001010 00000000,28.1,274.25,27.3,86.0,5612.0,1915.0
2022-06-23 17:56:01.492691,28.1,279.9,23.1,279.9,88,100,0.0,27.34,167.6,28.5,3.414,3.423,26,28,560,558,00000000 10101000 10000010 00001010,10101000 10100000 10001010 00000000,28.1,274.25,27.35,86.0,5612.0,1915.0
2022-06-23 17:56:02.497063,28.1,279.9,23.1,279.9,88,100,0.0,27.34,167.6,28.5,3.414,3.423,26,28,560,558,00000000 10101000 10000010 00001010,10101000 10100000 10001010 00000000,28.1,274.25,27.3,86.0,5612.0,1915.0
2022-06-23 17:56:03.500896,28.1,279.9,23.1,279.9,88,100,0.0,27.34,167.5,28.5,3.414,3.423,26,28,560,558,00000000 10101000 10000010 00001010,10101000 10100000 10001010 00000000,28.1,274.25,27.35,86.0,5597.0,1910.0
2022-06-23 17:56:04.504005,28.1,279.9,23.1,279.9,88,100,0.0,27.34,167.4,28.5,3.414,3.423,26,28,560,558,00000000 10101000 10000010 00001010,10101000 10100000 10001010 00000000,28.1,274.25,27.35,86.0,5597.0,1910.0
2022-06-23 17:56:05.507869,28.1,279.9,23.1,279.9,88,100,0.0,27.34,167.4,28.5,3.414,3.423,26,28,560,558,00000000 10101000 10000010 00001010,10101000 10100000 10001010 00000000,28.1,274.25,27.3,86.0,5583.0,1905.0
2022-06-23 17:56:06.512077,28.1,279.9,23.1,279.9,88,100,0.0,27.34,167.3,28.5,3.414,3.423,26,28,560,558,00000000 10101000 10000010 00001010,10101000 10100000 10001010 00000000,28.1,274.25,27.3,86.0,5583.0,1905.0
2022-06-23 17:56:07.515958,28.1,279.9,23.1,279.9,88,100,0.0,27.34,167.3,28.5,3.414,3.423,26,28,560,558,00000000 10101000 10000010 00001010,10101000 10100000 10001010 00000000,28.1,274.25,27.35,86.0,5583.0,1905.0
2022-06-23 17:56:08.518543,28.1,279.9,23.1,279.9,88,100,0.0,27.34,167.3,28.5,3.414,3.423,26,28,560,558,00000000 10101000 10000010 00001010,10101000 10100000 10001010 00000000,28.1,274.25,27.35,86.0,5583.0,1905.0
2022-06-23 17:56:09.526031,28.1,279.9,23.1,279.9,88,100,0.0,27.34,167.4,28.5,3.414,3.423,26,28,560,558,00000000 10101000 10000010 00001010,10101000 10100000 10001010 00000000,28.1,274.25,27.35,86.0,5583.0,1905.0
2022-06-23 17:56:10.528580,28.1,279.9,23.1,279.9,88,100,0.0,27.34,167.4,28.5,3.414,3.423,26,28,560,558,00000000 10101000 10000010 00001010,10101000 10100000 10001010 00000000,28.1,274.25,27.35,86.0,5583.0,1905.0
2022-06-23 17:56:11.531877,28.1,279.9,23.1,279.9,88,100,0.0,27.34,167.5,28.5,3.414,3.423,26,28,560,558,00000000 10101000 10000010 00001010,10101000 10100000 10001010 00000000,28.1,274.25,27.35,86.0,5583.0,1905.0
2022-06-23 17:56:12.536406,28.1,279.9,23.1,279.9,88,100,0.0,27.34,167.6,28.5,3.414,3.423,26,28,560,558,00000000 10101000 10000010 00001010,10101000 10100000 10001010 00000000,28.1,274.25,27.3,86.0,5583.0,1905.0
2022-06-23 17:56:13.539758,28.1,279.9,23.1,279.9,88,100,0.0,27.34,167.6,28.5,3.414,3.423,26,28,560,558,00000000 10101000 10000010 00001010,10101000 10100000 10001010 00000000,28.1,274.25,27.35,86.0,5583.0,1905.0
2022-06-23 17:56:14.543350,28.1,279.9,23.1,279.9,88,100,0.0,27.34,167.6,28.5,3.414,3.423,26,28,560,558,00000000 10101000 10000010 00001010,10101000 10100000 10001010 00000000,28.1,274.25,27.35,86.0,5583.0,1905.0
2022-06-23 17:56:15.547458,28.1,279.9,23.1,279.9,88,100,0.0,27.34,167.6,28.5,3.414,3.423,26,28,560,558,00000000 10101000 10000010 00001010,10101000 10100000 10001010 00000000,28.1,274.25,27.3,86.0,5583.0,1905.0
2022-06-23 17:56:16.550952,28.1,279.9,23.1,279.9,88,100,0.0,27.34,167.6,28.5,3.414,3.423,26,28,560,558,00000000 10101000 10000010 00001010,10101000 10100000 10001010 00000000,28.1,274.25,27.35,86.0,5583.0,1905.0
2022-06-23 17:56:17.553744,28.1,279.9,23.1,279.9,88,100,0.0,27.34,167.6,28.5,3.414,3.423,26,28,560,558,00000000 10101000 10000010 00001010,10101000 10100000 10001010 00000000,28.1,274.25,27.35,86.0,5583.0,1905.0
2022-06-23 17:56:18.557077,28.1,279.9,23.1,279.9,88,100,0.0,27.34,167.6,28.5,3.414,3.423,26,28,560,558,00000000 10101000 10000010 00001010,10101000 10100000 10001010 00000000,28.1,274.25,27.3,86.0,5583.0,1905.0
2022-06-23 17:56:19.560370,28.1,279.9,23.1,279.9,88,100,0.0,27.34,167.6,28.5,3.414,3.423,26,28,560,558,00000000 10101000 10000010 00001010,10101000 10100000 10001010 00000000,28.1,274.25,27.35,86.0,5583.0,1905.0
2022-06-23 17:56:20.562979,28.1,279.9,23.1,279.9,88,100,0.0,27.35,167.6,28.5,3.414,3.423,26,28,560,558,00000000 10101000 10000010 00001010,10101000 10100000 10001010 00000000,28.1,274.25,27.35,86.0,5583.0,1905.0
2022-06-23 17:56:21.566272,28.1,279.9,23.1,279.9,88,100,0.0,27.35,167.6,28.5,3.414,3.423,26,28,560,558,00000000 10101000 10000010 00001010,10101000 10100000 10001010 00000000,28.1,274.25,27.3,86.0,5583.0,1905.0
2022-06-23 17:56:22.568936,28.1,279.9,23.1,279.9,88,100,0.0,27.35,167.6,28.5,3.414,3.423,26,28,560,558,00000000 10101000 10000010 00001010,10101000 10100000 10001010 00000000,28.1,274.25,27.35,86.0,5583.0,1905.0
2022-06-23 17:56:23.571548,28.1,279.9,23.1,279.9,88,100,0.0,27.35,167.6,28.5,3.414,3.423,26,28,560,558,00000000 10101000 10000010 00001010,10101000 10100000 10001010 00000000,28.1,274.25,27.3,86.0,5583.0,1905.0
2022-06-23 17:56:24.574412,28.1,279.9,23.1,279.9,88,100,0.0,27.35,167.5,28.5,3.414,3.423,26,28,560,558,00000000 10101000 10000010 00001010,10101000 10100000 10001010 00000000,28.1,274.25,27.3,86.0,5583.0,1905.0
2022-06-23 17:56:25.577808,28.1,279.9,23.1,279.9,88,100,0.0,27.35,167.5,28.5,3.414,3.423,26,28,560,558,00000000 10101000 10000010 00001010,10101000 10100000 10001010 00000000,28.1,274.25,27.35,86.0,5583.0,1905.0
2022-06-23 17:56:26.580736,28.1,279.9,23.1,279.9,88,100,0.0,27.35,167.5,28.5,3.414,3.423,26,28,560,558,00000000 10101000 10000010 00001010,10101000 10100000 10001010 00000000,28.1,274.25,27.3,86.0,5583.0,1905.0
2022-06-23 17:56:27.583391,28.1,279.9,23.1,279.9,88,100,0.0,27.34,167.5,28.5,3.414,3.423,26,28,560,558,00000000 10101000 10000010 00001010,10101000 10100000 10001010 00000000,28.1,274.25,27.3,86.0,5583.0,1905.0
2022-06-23 17:56:28.586702,28.1,279.9,23.1,279.9,88,100,0.0,27.34,167.4,28.5,3.414,3.423,26,28,560,558,00000000 10101000 10000010 00001010,10101000 10100000 10001010 00000000,28.1,274.25,27.3,86.0,5583.0,1905.0
2022-06-23 17:56:29.589999,28.1,279.9,23.1,279.9,88,100,0.0,27.34,167.4,28.5,3.414,3.423,26,28,560,558,00000000 10101000 10000010 00001010,10101000 10100000 10001010 00000000,28.1,274.25,27.3,86.0,5583.0,1905.0
2022-06-23 17:56:30.593306,28.1,279.9,23.1,279.9,88,100,0.0,27.35,167.4,28.5,3.414,3.423,26,28,560,558,00000000 10101000 10000010 00001010,10101000 10100000 10001010 00000000,28.1,274.25,27.35,86.0,5583.0,1905.0
2022-06-23 17:56:31.596631,28.1,279.9,23.1,279.9,88,100,0.0,27.35,167.4,28.5,3.414,3.423,26,28,560,558,00000000 10101000 10000010 00001010,10101000 10100000 10001010 00000000,28.1,274.25,27.3,86.0,5583.0,1905.0
2022-06-23 17:56:32.600048,28.1,279.9,23.1,279.9,88,100,0.0,27.35,167.5,28.5,3.414,3.423,26,28,560,558,00000000 10101000 10000010 00001010,10101000 10100000 10001010 00000000,28.1,274.25,27.35,86.0,5583.0,1905.0
2022-06-23 17:56:33.603356,28.1,279.9,23.1,279.9,88,100,0.0,27.35,167.5,28.5,3.414,3.423,26,28,560,558,00000000 10101000 10000010 00001010,10101000 10100000 10001010 00000000,28.1,274.25,27.3,86.0,5583.0,1905.0
2022-06-23 17:56:34.606852,28.1,279.9,23.1,279.9,88,100,0.0,27.35,167.5,28.5,3.414,3.423,26,28,560,558,00000000 10101000 10000010 00001010,10101000 10100000 10001010 00000000,28.1,274.25,27.3,86.0,5583.0,1905.0
2022-06-23 17:56:35.609609,28.1,279.9,23.1,279.9,88,100,0.0,27.35,167.4,28.5,3.414,3.423,26,28,560,558,00000000 10101000 10000010 00001010,10101000 10100000 10001010 00000000,28.1,274.25,27.3,86.0,5583.0,1905.0
2022-06-23 17:56:36.612433,28.1,279.9,23.1,279.9,88,100,0.0,27.35,167.5,28.5,3.414,3.423,26,28,560,558,00000000 10101000 10000010 00001010,10101000 10100000 10001010 00000000,28.1,274.25,27.3,86.0,5583.0,1905.0
2022-06-23 17:56:37.615583,28.1,279.9,23.1,279.9,88,100,0.0,27.35,167.5,28.5,3.414,3.423,26,28,560,558,00000000 10101000 10000010 00001010,10101000 10100000 10001010 00000000,28.1,274.25,27.35,86.0,5583.0,1905.0
2022-06-23 17:56:38.619227,28.1,279.9,23.1,279.9,88,100,0.0,27.35,167.5,28.5,3.414,3.423,26,28,560,558,00000000 10101000 10000010 00001010,10101000 10100000 10001010 00000000,28.1,274.25,27.35,86.0,5583.0,1905.0
2022-06-23 17:56:39.622863,28.1,279.9,23.1,279.9,88,100,0.0,27.35,167.5,28.5,3.414,3.423,26,28,560,558,00000000 10101000 10000010 00001010,10101000 10100000 10001010 00000000,28.1,274.25,27.35,86.0,5583.0,1905.0
2022-06-23 17:56:40.626288,28.1,279.9,23.1,279.9,88,100,0.0,27.34,167.5,28.5,3.414,3.423,26,28,560,558,00000000 10101000 10000010 00001010,10101000 10100000 10001010 00000000,28.1,274.25,27.35,86.0,5583.0,1905.0
2022-06-23 17:56:41.629836,28.1,279.9,23.1,279.9,88,100,0.0,27.34,167.4,28.5,3.414,3.423,26,28,560,558,00000000 10101000 10000010 00001010,10101000 10100000 10001010 00000000,28.1,274.25,27.35,86.0,5583.0,1905.0
2022-06-23 17:56:42.632298,28.1,279.9,23.1,279.9,88,100,0.0,27.34,167.4,28.5,3.414,3.423,26,28,560,558,00000000 10101000 10000010 00001010,10101000 10100000 10001010 00000000,28.1,274.25,27.3,86.0,5583.0,1905.0
2022-06-23 17:56:43.635581,28.1,279.9,23.1,279.9,88,100,0.0,27.34,167.5,28.5,3.414,3.423,26,28,560,558,00000000 10101000 10000010 00001010,10101000 10100000 10001010 00000000,28.1,274.25,27.35,86.0,5583.0,1905.0
2022-06-23 17:56:44.638687,28.1,279.9,23.1,279.9,88,100,0.0,27.34,167.5,28.5,3.414,3.423,26,28,560,558,00000000 10101000 10000010 00001010,10101000 10100000 10001010 00000000,28.1,274.25,27.3,86.0,5583.0,1905.0
2022-06-23 17:56:45.641663,28.1,279.9,23.1,279.9,88,100,0.0,27.35,167.5,28.5,3.414,3.423,26,28,560,558,00000000 10101000 10000010 00001010,10101000 10100000 10001010 00000000,28.1,274.25,27.35,86.0,5583.0,1905.0
2022-06-23 17:56:46.645055,28.1,279.9,23.1,279.9,88,100,0.0,27.35,167.5,28.5,3.414,3.423,26,28,560,558,00000000 10101000 10000010 00001010,10101000 10100000 10001010 00000000,28.1,274.25,27.35,86.0,5568.0,1900.0
2022-06-23 17:56:47.647750,28.1,279.9,23.1,279.9,88,100,0.0,27.35,167.5,28.5,3.414,3.423,26,28,560,558,00000000 10101000 10000010 00001010,10101000 10100000 10001010 00000000,28.1,274.25,27.3,86.0,5568.0,1900.0
2022-06-23 17:56:48.650421,28.1,279.9,23.1,279.9,88,100,0.0,27.35,167.4,28.5,3.414,3.423,26,28,560,558,00000000 10101000 10000010 00001010,10101000 10100000 10001010 00000000,28.1,274.25,27.35,86.0,5568.0,1900.0
2022-06-23 17:56:49.653184,28.1,279.9,23.1,279.9,88,100,0.0,27.35,167.4,28.5,3.414,3.423,26,28,560,558,00000000 10101000 10000010 00001010,10101000 10100000 10001010 00000000,28.1,274.25,27.35,87.0,5568.0,1900.0
2022-06-23 17:56:50.656928,28.1,279.9,23.1,279.9,88,100,0.0,27.35,167.4,28.5,3.414,3.423,26,28,560,558,00000000 10101000 10000010 00001010,10101000 10100000 10001010 00000000,28.1,274.25,27.35,86.0,5568.0,1900.0
2022-06-23 17:56:51.660386,28.1,279.9,23.1,279.9,88,100,0.0,27.34,167.3,28.5,3.414,3.423,26,28,560,558,00000000 10101000 10000010 00001010,10101000 10100000 10001010 00000000,28.1,274.25,27.3,87.0,5568.0,1900.0
2022-06-23 17:56:52.663874,28.1,279.9,23.1,279.9,88,100,0.0,27.34,167.1,28.5,3.414,3.423,26,28,560,558,00000000 10101000 10000010 00001010,10101000 10100000 10001010 00000000,28.1,274.25,27.3,87.0,5568.0,1900.0
2022-06-23 17:56:53.667743,28.1,279.9,23.1,279.9,88,100,0.0,27.34,167.1,28.5,3.414,3.423,26,28,560,558,00000000 10101000 10000010 00001010,10101000 10100000 10001010 00000000,28.1,274.25,27.35,86.0,5568.0,1900.0
2022-06-23 17:56:54.670629,28.1,279.9,23.1,279.9,88,100,0.0,27.34,167.1,28.5,3.414,3.423,26,28,560,558,00000000 10101000 10000010 00001010,10101000 10100000 10001010 00000000,28.1,274.25,27.35,86.0,5568.0,1900.0
2022-06-23 17:56:55.674174,28.1,279.9,23.1,279.9,88,100,0.0,27.35,167.0,28.5,3.414,3.423,26,28,560,558,00000000 10101000 10000010 00001010,10101000 10100000 10001010 00000000,28.1,274.25,27.3,87.0,5568.0,1900.0
2022-06-23 17:56:56.677747,28.1,279.9,23.1,279.9,88,100,0.0,27.35,167.0,28.5,3.414,3.423,26,28,560,558,00000000 10101000 10000010 00001010,10101000 10100000 10001010 00000000,28.1,274.25,27.35,87.0,5568.0,1900.0
2022-06-23 17:56:57.681591,28.1,279.9,23.1,279.9,88,100,0.0,27.35,167.0,28.5,3.414,3.423,26,28,560,558,00000000 10101000 10000010 00001010,10101000 10100000 10001010 00000000,28.1,274.25,27.3,87.0,5568.0,1900.0
2022-06-23 17:56:58.684950,28.1,279.9,23.1,279.9,88,100,0.0,27.34,167.0,28.5,3.414,3.423,26,28,560,558,00000000 10101000 10000010 00001010,10101000 10100000 10001010 00000000,28.1,274.25,27.3,87.0,5568.0,1900.0
2022-06-23 17:56:59.688160,28.1,279.9,23.1,279.9,88,100,0.0,27.34,167.0,28.5,3.414,3.423,26,28,560,558,00000000 10101000 10000010 00001010,10101000 10100000 10001010 00000000,28.1,274.25,27.35,87.0,5568.0,1900.0
2022-06-23 17:57:00.690640,28.1,279.9,23.1,279.9,88,100,0.0,27.35,167.1,28.5,3.414,3.423,26,28,560,558,00000000 10101000 10000010 00001010,10101000 10100000 10001010 00000000,28.1,274.25,27.3,87.0,5568.0,1900.0
2022-06-23 17:57:01.693177,28.1,279.9,23.1,279.9,88,100,0.0,27.35,167.3,28.5,3.414,3.423,26,28,560,558,00000000 10101000 10000010 00001010,10101000 10100000 10001010 00000000,28.1,274.25,27.3,87.0,5568.0,1900.0
2022-06-23 17:57:02.696154,28.1,279.9,23.1,279.9,88,100,0.0,27.35,167.4,28.5,3.414,3.423,26,28,560,558,00000000 10101000 10000010 00001010,10101000 10100000 10001010 00000000,28.1,274.25,27.35,87.0,5568.0,1900.0
2022-06-23 17:57:03.699081,28.1,279.9,23.1,279.9,88,100,0.0,27.35,167.4,28.5,3.414,3.423,26,28,560,558,00000000 10101000 10000010 00001010,10101000 10100000 10001010 00000000,28.1,274.25,27.35,87.0,5568.0,1900.0
2022-06-23 17:57:04.701985,28.1,279.9,23.1,279.9,88,100,0.0,27.34,167.6,28.5,3.414,3.423,26,28,560,558,00000000 10101000 10000010 00001010,10101000 10100000 10001010 00000000,28.1,274.25,27.3,87.0,5568.0,1900.0
2022-06-23 17:57:05.705343,28.1,279.9,23.1,279.9,88,100,0.0,27.35,167.8,28.5,3.414,3.423,26,28,560,558,00000000 10101000 10000010 00001010,10101000 10100000 10001010 00000000,28.1,274.25,27.35,87.0,5583.0,1905.0
2022-06-23 17:57:06.708642,28.1,279.9,23.1,279.9,88,100,0.0,27.35,167.9,28.5,3.414,3.423,26,28,560,558,00000000 10101000 10000010 00001010,10101000 10100000 10001010 00000000,28.1,274.25,27.3,87.0,5583.0,1905.0
2022-06-23 17:57:07.712064,28.1,279.9,23.1,279.9,88,100,0.0,27.35,167.9,28.5,3.414,3.423,26,28,560,558,00000000 10101000 10000010 00001010,10101000 10100000 10001010 00000000,28.1,274.25,27.35,87.0,5583.0,1905.0
2022-06-23 17:57:08.715282,28.1,279.9,23.1,279.9,88,100,0.0,27.35,167.8,28.5,3.414,3.423,26,28,560,558,00000000 10101000 10000010 00001010,10101000 10100000 10001010 00000000,28.1,274.25,27.3,87.0,5583.0,1905.0
2022-06-23 17:57:09.718554,28.1,279.9,23.1,279.9,88,100,0.0,27.35,167.8,28.5,3.414,3.423,26,28,560,558,00000000 10101000 10000010 00001010,10101000 10100000 10001010 00000000,28.1,274.25,27.35,87.0,5583.0,1905.0
2022-06-23 17:57:10.722483,28.1,279.9,23.1,279.9,88,100,0.0,27.35,167.9,28.5,3.414,3.423,26,28,560,558,00000000 10101000 10000010 00001010,10101000 10100000 10001010 00000000,28.1,274.25,27.35,87.0,5583.0,1905.0
2022-06-23 17:57:11.726059,28.1,279.9,23.1,279.9,88,100,0.0,27.35,168.0,28.5,3.414,3.423,26,28,560,558,00000000 10101000 10000010 00001010,10101000 10100000 10001010 00000000,28.1,274.25,27.35,87.0,5583.0,1905.0
2022-06-23 17:57:12.729685,28.1,279.9,23.1,279.9,88,100,0.0,27.35,168.0,28.5,3.414,3.423,26,28,560,558,00000000 10101000 10000010 00001010,10101000 10100000 10001010 00000000,28.1,274.25,27.35,87.0,5583.0,1905.0
2022-06-23 17:57:13.732829,28.1,279.9,23.1,279.9,88,100,0.0,27.35,167.9,28.5,3.414,3.423,26,28,560,558,00000000 10101000 10000010 00001010,10101000 10100000 10001010 00000000,28.1,274.25,27.3,87.0,5583.0,1905.0
2022-06-23 17:57:14.735452,28.1,279.9,23.1,279.9,89,100,0.0,27.34,167.7,28.5,3.414,3.423,26,28,560,558,00000000 10101000 10000010 00001010,10101000 10100000 10001010 00000000,28.1,274.25,27.3,87.0,5583.0,1905.0
2022-06-23 17:57:15.738326,28.1,279.9,23.1,279.9,89,100,0.0,27.34,167.7,28.5,3.414,3.423,26,28,560,558,00000000 10101000 10000010 00001010,10101000 10100000 10001010 00000000,28.1,274.25,27.3,87.0,5583.0,1905.0
2022-06-23 17:57:16.742236,28.1,279.9,23.1,279.9,89,100,0.0,27.35,167.5,28.5,3.414,3.423,26,28,560,558,00000000 10101000 10000010 00001010,10101000 10100000 10001010 00000000,28.1,274.25,27.35,87.0,5583.0,1905.0
2022-06-23 17:57:17.746343,28.1,279.9,23.1,279.9,89,100,0.0,27.35,167.3,28.5,3.414,3.423,26,28,560,558,00000000 10101000 10000010 00001010,10101000 10100000 10001010 00000000,28.1,274.25,27.35,87.0,5568.0,1900.0
2022-06-23 17:57:18.750630,28.1,279.9,23.1,279.9,89,100,0.0,27.35,167.2,28.5,3.414,3.423,26,28,560,558,00000000 10101000 10000010 00001010,10101000 10100000 10001010 00000000,28.1,274.25,27.35,87.0,5568.0,1900.0
2022-06-23 17:57:19.759896,28.1,279.9,23.1,279.9,89,100,0.0,27.35,167.2,28.5,3.414,3.423,26,28,560,558,00000000 10101000 10000010 00001010,10101000 10100000 10001010 00000000,28.1,274.25,27.35,87.0,5568.0,1900.0
2022-06-23 17:57:20.763776,28.1,279.9,23.1,279.9,89,100,0.0,27.35,167.2,28.5,3.414,3.423,26,28,560,558,00000000 10101000 10000010 00001010,10101000 10100000 10001010 00000000,28.1,274.25,27.3,87.0,5568.0,1900.0
2022-06-23 17:57:21.767270,28.1,279.9,23.1,279.9,89,100,0.0,27.35,167.3,28.5,3.414,3.423,26,28,560,558,00000000 10101000 10000010 00001010,10101000 10100000 10001010 00000000,28.1,274.25,27.35,87.0,5568.0,1900.0
2022-06-23 17:57:22.771054,28.1,279.9,23.1,279.9,89,100,0.0,27.35,167.3,28.5,3.414,3.423,26,28,560,558,00000000 10101000 10000010 00001010,10101000 10100000 10001010 00000000,28.1,274.25,27.35,87.0,5568.0,1900.0
2022-06-23 17:57:23.775423,28.1,279.9,23.1,279.9,89,100,0.0,27.35,167.3,28.5,3.414,3.423,26,28,560,558,00000000 10101000 10000010 00001010,10101000 10100000 10001010 00000000,28.1,274.25,27.35,86.0,5568.0,1900.0
2022-06-23 17:57:24.778725,28.1,279.9,23.1,279.9,89,100,0.0,27.35,167.3,28.5,3.414,3.423,26,28,560,558,00000000 10101000 10000010 00001010,10101000 10100000 10001010 00000000,28.1,274.25,27.35,87.0,5568.0,1900.0
2022-06-23 17:57:25.781652,28.1,279.9,23.1,279.9,89,100,0.0,27.35,167.3,28.5,3.414,3.423,26,28,560,558,00000000 10101000 10000010 00001010,10101000 10100000 10001010 00000000,28.1,274.25,27.35,86.0,5568.0,1900.0
2022-06-23 17:57:26.784481,28.1,279.9,23.1,279.9,89,100,0.0,27.35,167.4,28.5,3.414,3.423,26,28,560,558,00000000 10101000 10000010 00001010,10101000 10100000 10001010 00000000,28.1,274.25,27.4,87.0,5568.0,1900.0
2022-06-23 17:57:27.786991,28.1,279.9,23.1,279.9,89,100,0.0,27.35,167.4,28.5,3.414,3.423,26,28,560,558,00000000 10101000 10000010 00001010,10101000 10100000 10001010 00000000,28.1,274.25,27.35,87.0,5568.0,1900.0
2022-06-23 17:57:28.790043,28.1,279.9,23.1,279.9,89,100,0.0,27.35,167.4,28.5,3.414,3.423,26,28,560,558,00000000 10101000 10000010 00001010,10101000 10100000 10001010 00000000,28.1,274.25,27.35,87.0,5568.0,1900.0
2022-06-23 17:57:29.793416,28.1,279.9,23.1,279.9,89,100,0.0,27.35,167.6,28.5,3.414,3.423,26,28,560,558,00000000 10101000 10000010 00001010,10101000 10100000 10001010 00000000,28.1,274.25,27.35,86.0,5568.0,1900.0
2022-06-23 17:57:30.796964,28.1,279.9,23.1,279.9,89,100,0.0,27.35,167.6,28.5,3.414,3.423,26,28,560,558,00000000 10101000 10000010 00001010,10101000 10100000 10001010 00000000,28.1,274.25,27.35,87.0,5568.0,1900.0
2022-06-23 17:57:31.800863,28.1,279.9,23.1,279.9,89,100,0.0,27.35,167.5,28.5,3.414,3.423,26,28,560,558,00000000 10101000 10000010 00001010,10101000 10100000 10001010 00000000,28.1,274.25,27.3,86.0,5568.0,1900.0
2022-06-23 17:57:32.803428,28.1,279.9,23.1,279.9,89,100,0.0,27.35,167.5,28.5,3.414,3.423,26,28,560,558,00000000 10101000 10000010 00001010,10101000 10100000 10001010 00000000,28.1,274.25,27.3,87.0,5568.0,1900.0
2022-06-23 17:57:33.806421,28.1,279.9,23.1,279.9,89,100,0.0,27.35,167.5,28.5,3.414,3.423,26,28,560,558,00000000 10101000 10000010 00001010,10101000 10100000 10001010 00000000,28.1,274.25,27.35,87.0,5568.0,1900.0
2022-06-23 17:57:34.810178,28.1,279.9,23.1,279.9,89,100,0.0,27.35,167.5,28.5,3.414,3.423,26,28,560,558,00000000 10101000 10000010 00001010,10101000 10100000 10001010 00000000,28.1,274.25,27.35,87.0,5568.0,1900.0
2022-06-23 17:57:35.813559,28.1,279.9,23.1,279.9,89,100,0.0,27.35,167.5,29.0,3.414,3.423,26,29,560,558,00000000 10101000 10000010 00001010,10101000 10100000 10001010 00000000,28.1,274.25,27.35,87.0,5568.0,1900.0
2022-06-23 17:57:36.817372,28.1,279.9,23.1,279.9,89,100,0.0,27.35,167.5,29.0,3.414,3.423,26,29,560,558,00000000 10101000 10000010 00001010,10101000 10100000 10001010 00000000,28.1,274.25,27.3,87.0,5568.0,1900.0
2022-06-23 17:57:37.819800,28.1,279.9,23.1,279.9,89,100,0.0,27.35,167.5,29.0,3.414,3.423,26,29,560,558,00000000 10101000 10000010 00001010,10101000 10100000 10001010 00000000,28.1,274.25,27.35,87.0,5568.0,1900.0
2022-06-23 17:57:38.822588,28.1,279.9,23.1,279.9,89,100,0.0,27.35,167.4,29.0,3.414,3.423,26,29,560,558,00000000 10101000 10000010 00001010,10101000 10100000 10001010 00000000,28.1,274.25,27.3,87.0,5568.0,1900.0
2022-06-23 17:57:39.825199,28.1,279.9,23.1,279.9,89,100,0.0,27.35,167.4,28.5,3.414,3.423,26,29,560,558,00000000 10101000 10000010 00001010,10101000 10100000 10001010 00000000,28.1,274.25,27.3,86.0,5568.0,1900.0
2022-06-23 17:57:40.828123,28.1,279.9,23.1,279.9,89,100,0.0,27.35,167.4,28.5,3.414,3.423,26,29,560,558,00000000 10101000 10000010 00001010,10101000 10100000 10001010 00000000,28.1,274.25,27.35,87.0,5568.0,1900.0
2022-06-23 17:57:41.831439,28.1,279.9,23.1,279.9,89,100,0.0,27.35,167.5,28.5,3.414,3.423,26,28,560,558,00000000 10101000 10000010 00001010,10101000 10100000 10001010 00000000,28.1,274.25,27.35,87.0,5553.0,1895.0
2022-06-23 17:57:42.834001,28.1,279.9,23.1,279.9,89,100,0.0,27.35,167.5,29.0,3.414,3.423,26,28,560,558,00000000 10101000 10000010 00001010,10101000 10100000 10001010 00000000,28.1,274.25,27.35,87.0,5553.0,1895.0
2022-06-23 17:57:43.837417,28.1,279.9,23.1,279.9,89,100,0.0,27.35,167.5,29.0,3.414,3.423,26,28,560,558,00000000 10101000 10000010 00001010,10101000 10100000 10001010 00000000,28.1,274.25,27.35,87.0,5553.0,1895.0
2022-06-23 17:57:44.840766,28.1,279.9,23.1,279.9,89,100,0.0,27.35,167.5,29.0,3.414,3.423,26,29,560,558,00000000 10101000 10000010 00001010,10101000 10100000 10001010 00000000,28.1,274.25,27.35,87.0,5553.0,1895.0
2022-06-23 17:57:45.843977,28.1,279.9,23.1,279.9,89,100,0.0,27.35,167.5,29.0,3.414,3.423,26,29,560,558,00000000 10101000 10000010 00001010,10101000 10100000 10001010 00000000,28.1,274.25,27.35,87.0,5553.0,1895.0
2022-06-23 17:57:46.847263,28.1,279.9,23.1,279.9,89,100,0.0,27.35,167.5,29.0,3.414,3.423,26,29,560,558,00000000 10101000 10000010 00001010,10101000 10100000 10001010 00000000,28.1,274.25,27.35,87.0,5553.0,1895.0
2022-06-23 17:57:47.850170,28.1,279.9,23.1,279.9,89,100,0.0,27.35,167.4,28.5,3.414,3.423,26,29,560,558,00000000 10101000 10000010 00001010,10101000 10100000 10001010 00000000,28.1,274.25,27.3,86.0,5553.0,1895.0
2022-06-23 17:57:48.853426,28.1,279.9,23.1,279.9,89,100,0.0,27.35,167.5,29.0,3.414,3.423,26,29,560,558,00000000 10101000 10000010 00001010,10101000 10100000 10001010 00000000,28.1,274.25,27.35,87.0,5553.0,1895.0
2022-06-23 17:57:49.856758,28.1,279.9,23.1,279.9,89,100,0.0,27.35,167.5,29.0,3.414,3.423,26,29,560,558,00000000 10101000 10000010 00001010,10101000 10100000 10001010 00000000,28.1,274.25,27.35,86.0,5553.0,1895.0
2022-06-23 17:57:50.860087,28.1,279.9,23.1,279.9,89,100,0.0,27.35,167.5,29.0,3.414,3.423,26,29,560,558,00000000 10101000 10000010 00001010,10101000 10100000 10001010 00000000,28.1,274.25,27.35,86.0,5553.0,1895.0
2022-06-23 17:57:51.862634,28.1,279.9,23.1,279.9,89,100,0.0,27.35,167.5,29.0,3.414,3.423,26,29,560,558,00000000 10101000 10000010 00001010,10101000 10100000 10001010 00000000,28.1,274.25,27.35,87.0,5553.0,1895.0
2022-06-23 17:57:52.865451,28.1,279.9,23.1,279.9,89,100,0.0,27.35,167.6,29.0,3.414,3.423,26,29,560,558,00000000 10101000 10000010 00001010,10101000 10100000 10001010 00000000,28.1,274.25,27.4,86.0,5553.0,1895.0
2022-06-23 17:57:53.868294,28.1,279.9,23.1,279.9,89,100,0.0,27.35,167.6,29.0,3.414,3.423,26,29,560,558,00000000 10101000 10000010 00001010,10101000 10100000 10001010 00000000,28.1,274.25,27.35,87.0,5553.0,1895.0
2022-06-23 17:57:54.871549,28.1,279.9,23.1,279.9,89,100,0.0,27.35,167.6,29.0,3.414,3.423,26,29,560,558,00000000 10101000 10000010 00001010,10101000 10100000 10001010 00000000,28.1,274.25,27.35,86.0,5553.0,1895.0
2022-06-23 17:57:55.874993,28.1,279.9,23.1,279.9,89,100,0.0,27.35,167.5,29.0,3.414,3.423,26,29,560,558,00000000 10101000 10000010 00001010,10101000 10100000 10001010 00000000,28.1,274.25,27.3,86.0,5553.0,1895.0
2022-06-23 17:57:56.878297,28.1,279.9,23.1,279.9,89,100,0.0,27.35,167.5,29.0,3.414,3.423,26,29,560,558,00000000 10101000 10000010 00001010,10101000 10100000 10001010 00000000,28.1,274.25,27.3,86.0,5553.0,1895.0
2022-06-23 17:57:57.881713,28.1,279.9,23.1,279.9,89,100,0.0,27.35,167.5,29.0,3.414,3.426,26,29,560,558,00000000 10101000 10000010 00001010,10101000 10100000 10001010 00000000,28.1,274.25,27.3,86.0,5553.0,1895.0
2022-06-23 17:57:58.884258,28.1,279.9,23.1,279.9,89,100,0.0,27.35,167.5,29.0,3.414,3.426,26,29,560,558,00000000 10101000 10000010 00001010,10101000 10100000 10001010 00000000,28.1,274.25,27.35,86.0,5553.0,1895.0
2022-06-23 17:57:59.887829,28.1,279.9,23.1,279.9,89,100,0.0,27.35,167.5,28.5,3.414,3.426,26,29,560,558,00000000 10101000 10000010 00001010,10101000 10100000 10001010 00000000,28.1,274.25,27.35,86.0,5553.0,1895.0
2022-06-23 17:58:00.890784,28.1,279.9,23.1,279.9,89,100,0.0,27.35,167.5,29.0,3.414,3.426,26,29,560,558,00000000 10101000 10000010 00001010,10101000 10100000 10001010 00000000,28.1,274.25,27.35,86.0,5553.0,1895.0
2022-06-23 17:58:01.893447,28.1,279.9,23.1,279.9,89,100,0.0,27.35,167.5,29.0,3.414,3.423,26,29,560,558,00000000 10101000 10000010 00001010,10101000 10100000 10001010 00000000,28.1,274.25,27.35,86.0,5553.0,1895.0
2022-06-23 17:58:02.896648,28.1,279.9,23.1,279.9,89,100,0.0,27.35,167.5,29.0,3.414,3.423,26,29,560,558,00000000 10101000 10000010 00001010,10101000 10100000 10001010 00000000,28.1,274.25,27.3,86.0,5553.0,1895.0
2022-06-23 17:58:03.898996,28.1,279.9,23.1,279.9,89,100,0.0,27.35,167.4,29.0,3.414,3.423,26,29,560,558,00000000 10101000 10000010 00001010,10101000 10100000 10001010 00000000,28.1,274.25,27.3,86.0,5553.0,1895.0
2022-06-23 17:58:04.901612,28.1,279.9,23.1,279.9,89,100,0.0,27.35,167.3,29.0,3.414,3.423,26,29,560,558,00000000 10101000 10000010 00001010,10101000 10100000 10001010 00000000,28.1,274.25,27.3,86.0,5553.0,1895.0
2022-06-23 17:58:05.904299,28.1,279.9,23.1,279.9,89,100,0.0,27.35,167.3,29.0,3.414,3.423,26,29,560,558,00000000 10101000 10000010 00001010,10101000 10100000 10001010 00000000,28.1,274.25,27.35,86.0,5553.0,1895.0
2022-06-23 17:58:06.907177,28.1,279.9,23.1,279.9,89,100,0.0,27.35,167.2,29.0,3.414,3.423,26,29,560,558,00000000 10101000 10000010 00001010,10101000 10100000 10001010 00000000,28.1,274.25,27.35,86.0,5553.0,1895.0
2022-06-23 17:58:07.910808,28.1,279.9,23.1,279.9,89,100,0.0,27.35,167.1,29.0,3.414,3.423,26,29,560,558,00000000 10101000 10000010 00001010,10101000 10100000 10001010 00000000,28.1,274.25,27.3,86.0,5553.0,1890.0
2022-06-23 17:58:08.913245,28.1,279.9,23.1,279.9,89,100,0.0,27.35,167.1,29.0,3.414,3.423,26,29,560,558,00000000 10101000 10000010 00001010,10101000 10100000 10001010 00000000,28.1,274.25,27.3,86.0,5539.0,1890.0
2022-06-23 17:58:09.916236,28.1,279.9,23.1,279.9,89,100,0.0,27.35,167.2,29.0,3.414,3.423,26,29,560,558,00000000 10101000 10000010 00001010,10101000 10100000 10001010 00000000,28.1,274.25,27.35,86.0,5539.0,1890.0
2022-06-23 17:58:10.919446,28.1,279.9,23.1,279.9,89,100,0.0,27.35,167.3,29.0,3.414,3.423,26,29,560,558,00000000 10101000 10000010 00001010,10101000 10100000 10001010 00000000,28.1,274.25,27.35,86.0,5539.0,1890.0
2022-06-23 17:58:11.923429,28.1,279.9,23.1,279.9,89,100,0.0,27.35,167.3,29.0,3.414,3.423,26,29,560,558,00000000 10101000 10000010 00001010,10101000 10100000 10001010 00000000,28.1,274.25,27.3,86.0,5539.0,1890.0
2022-06-23 17:58:12.926789,28.1,279.9,23.1,279.9,89,100,0.0,27.35,167.4,29.0,3.414,3.423,26,29,560,558,00000000 10101000 10000010 00001010,10101000 10100000 10001010 00000000,28.1,274.25,27.35,86.0,5539.0,1890.0
2022-06-23 17:58:13.929156,28.1,279.9,23.1,279.9,89,100,0.0,27.35,167.5,29.0,3.414,3.423,26,29,560,558,00000000 10101000 10000010 00001010,10101000 10100000 10001010 00000000,28.1,274.25,27.3,86.0,5539.0,1890.0
2022-06-23 17:58:14.932562,28.1,279.9,23.1,279.9,89,100,0.0,27.35,167.5,29.0,3.414,3.423,26,29,560,558,00000000 10101000 10000010 00001010,10101000 10100000 10001010 00000000,28.1,274.25,27.3,86.0,5539.0,1890.0
2022-06-23 17:58:15.935913,28.1,279.9,23.1,279.9,89,100,0.0,27.35,167.7,29.0,3.414,3.423,26,29,560,558,00000000 10101000 10000010 00001010,10101000 10100000 10001010 00000000,28.1,274.25,27.35,86.0,5539.0,1890.0
2022-06-23 17:58:16.938986,28.1,279.9,23.1,279.9,89,100,0.0,27.35,167.7,29.0,3.414,3.423,26,29,560,558,00000000 10101000 10000010 00001010,10101000 10100000 10001010 00000000,28.1,274.25,27.35,86.0,5539.0,1890.0
2022-06-23 17:58:17.941709,28.1,279.9,23.1,279.9,89,100,0.0,27.35,167.8,29.0,3.414,3.426,26,29,560,558,00000000 10101000 10000010 00001010,10101000 10100000 10001010 00000000,28.1,274.25,27.3,86.0,5539.0,1890.0
2022-06-23 17:58:18.944104,28.1,279.9,23.1,279.9,89,100,0.0,27.35,167.8,29.0,3.414,3.426,26,29,560,558,00000000 10101000 10000010 00001010,10101000 10100000 10001010 00000000,28.1,274.25,27.35,86.0,5539.0,1890.0
2022-06-23 17:58:19.947010,28.1,279.9,23.1,279.9,89,100,0.0,27.35,167.8,29.0,3.414,3.426,26,29,560,558,00000000 10101000 10000010 00001010,10101000 10100000 10001010 00000000,28.1,274.25,27.3,86.0,5539.0,1890.0
2022-06-23 17:58:20.950296,28.1,279.9,23.1,279.9,89,100,0.0,27.35,167.7,29.0,3.414,3.426,26,29,560,558,00000000 10101000 10000010 00001010,10101000 10100000 10001010 00000000,28.1,274.25,27.35,86.0,5539.0,1890.0
2022-06-23 17:58:21.953548,28.1,279.9,23.1,279.9,89,100,0.0,27.35,167.8,29.0,3.414,3.423,26,29,560,558,00000000 10101000 10000010 00001010,10101000 10100000 10001010 00000000,28.1,274.25,27.3,86.0,5539.0,1890.0
2022-06-23 17:58:22.956744,28.1,279.9,23.1,279.9,89,100,0.0,27.35,167.8,29.0,3.414,3.423,26,29,560,558,00000000 10101000 10000010 00001010,10101000 10100000 10001010 00000000,28.1,274.25,27.35,86.0,5539.0,1890.0
2022-06-23 17:58:23.960182,28.1,279.9,23.1,279.9,89,100,0.0,27.35,167.8,29.0,3.414,3.423,26,29,560,558,00000000 10101000 10000010 00001010,10101000 10100000 10001010 00000000,28.1,274.25,27.35,86.0,5539.0,1890.0
2022-06-23 17:58:24.963490,28.1,279.9,23.1,279.9,89,100,0.0,27.35,167.8,29.0,3.414,3.426,26,29,560,558,00000000 10101000 10000010 00001010,10101000 10100000 10001010 00000000,28.1,274.25,27.35,86.0,5539.0,1890.0
2022-06-23 17:58:25.966811,28.1,279.9,23.1,279.9,89,100,0.0,27.35,167.9,29.0,3.414,3.426,26,29,560,558,00000000 10101000 10000010 00001010,10101000 10100000 10001010 00000000,28.1,274.25,27.35,86.0,5539.0,1890.0
2022-06-23 17:58:26.970127,28.1,279.9,23.1,279.9,89,100,0.0,27.35,167.9,29.0,3.414,3.426,26,29,560,558,00000000 10101000 10000010 00001010,10101000 10100000 10001010 00000000,28.1,274.25,27.35,86.0,5539.0,1890.0
2022-06-23 17:58:27.973358,28.1,279.9,23.1,279.9,89,100,0.0,27.35,167.9,29.0,3.414,3.426,26,29,560,558,00000000 10101000 10000010 00001010,10101000 10100000 10001010 00000000,28.1,274.25,27.35,86.0,5553.0,1890.0
2022-06-23 17:58:28.976651,28.1,279.9,23.1,279.9,89,100,0.0,27.35,167.9,29.0,3.414,3.426,26,29,560,558,00000000 10101000 10000010 00001010,10101000 10100000 10001010 00000000,28.1,274.25,27.35,86.0,5553.0,1895.0
2022-06-23 17:58:29.979041,28.1,279.9,23.1,279.9,89,100,0.0,27.35,167.9,29.0,3.414,3.426,26,29,560,558,00000000 10101000 10000010 00001010,10101000 10100000 10001010 00000000,28.1,274.25,27.3,86.0,5553.0,1895.0
2022-06-23 17:58:30.982830,28.1,279.9,23.1,279.9,89,100,0.0,27.35,167.9,29.0,3.414,3.426,26,29,560,558,00000000 10101000 10000010 00001010,10101000 10100000 10001010 00000000,28.1,274.25,27.35,86.0,5553.0,1895.0
2022-06-23 17:58:31.986194,28.1,279.9,23.1,279.9,89,100,0.0,27.35,167.9,29.0,3.414,3.426,26,29,560,558,00000000 10101000 10000010 00001010,10101000 10100000 10001010 00000000,28.1,274.25,27.35,86.0,5553.0,1895.0
2022-06-23 17:58:32.989792,28.1,279.9,23.1,279.9,89,100,0.0,27.35,167.8,29.0,3.414,3.426,26,29,560,558,00000000 10101000 10000010 00001010,10101000 10100000 10001010 00000000,28.1,274.25,27.3,86.0,5553.0,1895.0
2022-06-23 17:58:33.993263,28.1,279.9,23.1,279.9,89,100,0.0,27.35,167.8,29.0,3.414,3.426,26,29,560,558,00000000 10101000 10000010 00001010,10101000 10100000 10001010 00000000,28.1,274.25,27.35,86.0,5553.0,1895.0
2022-06-23 17:58:34.996790,28.1,279.9,23.1,279.9,89,100,0.0,27.35,167.8,29.0,3.414,3.423,26,29,560,558,00000000 10101000 10000010 00001010,10101000 10100000 10001010 00000000,28.1,274.25,27.35,86.0,5553.0,1895.0
2022-06-23 17:58:36.000312,28.1,279.9,23.1,279.9,89,100,0.0,27.35,167.8,29.0,3.414,3.423,26,29,560,558,00000000 10101000 10000010 00001010,10101000 10100000 10001010 00000000,28.1,274.25,27.35,86.0,5568.0,1900.0
2022-06-23 17:58:37.003879,28.1,279.9,23.1,279.9,89,100,0.0,27.35,167.9,29.0,3.414,3.423,26,29,560,558,00000000 10101000 10000010 00001010,10101000 10100000 10001010 00000000,28.1,274.25,27.35,86.0,5568.0,1900.0
2022-06-23 17:58:38.007665,28.1,279.9,23.1,279.9,89,100,0.0,27.35,167.8,29.0,3.414,3.426,26,29,560,558,00000000 10101000 10000010 00001010,10101000 10100000 10001010 00000000,28.1,274.25,27.35,86.0,5568.0,1900.0
2022-06-23 17:58:39.010583,28.1,279.9,23.1,279.9,89,100,0.0,27.35,167.7,29.0,3.414,3.426,26,29,560,558,00000000 10101000 10000010 00001010,10101000 10100000 10001010 00000000,28.1,274.25,27.35,86.0,5568.0,1900.0
2022-06-23 17:58:40.013488,28.1,279.9,23.1,279.9,89,100,0.0,27.35,167.7,29.0,3.414,3.426,26,29,560,558,00000000 10101000 10000010 00001010,10101000 10100000 10001010 00000000,28.1,274.25,27.35,86.0,5568.0,1900.0
2022-06-23 17:58:41.017063,28.1,279.9,23.1,279.9,89,100,0.0,27.35,167.4,29.0,3.414,3.423,26,29,560,558,00000000 10101000 10000010 00001010,10101000 10100000 10001010 00000000,28.1,274.25,27.35,86.0,5568.0,1900.0
2022-06-23 17:58:42.020998,28.1,279.9,23.1,279.9,89,100,0.0,27.35,167.2,29.0,3.414,3.423,26,29,560,558,00000000 10101000 10000010 00001010,10101000 10100000 10001010 00000000,28.1,274.25,27.35,86.0,5568.0,1900.0
2022-06-23 17:58:43.024033,28.1,279.9,23.1,279.9,89,100,0.0,27.35,167.2,29.0,3.414,3.423,26,29,560,558,00000000 10101000 10000010 00001010,10101000 10100000 10001010 00000000,28.1,274.25,27.35,86.0,5568.0,1900.0
2022-06-23 17:58:44.027072,28.1,279.9,23.1,279.9,89,100,0.0,27.35,167.1,29.0,3.414,3.423,26,29,560,558,00000000 10101000 10000010 00001010,10101000 10100000 10001010 00000000,28.1,274.25,27.35,86.0,5568.0,1900.0
2022-06-23 17:58:45.029506,28.1,279.9,23.1,279.9,89,100,0.0,27.35,167.0,29.0,3.414,3.423,26,29,560,558,00000000 10101000 10000010 00001010,10101000 10100000 10001010 00000000,28.1,274.25,27.35,86.0,5568.0,1900.0
2022-06-23 17:58:46.032188,28.1,279.9,23.1,279.9,89,100,0.0,27.35,167.0,29.0,3.414,3.423,26,29,560,558,00000000 10101000 10000010 00001010,10101000 10100000 10001010 00000000,28.1,274.25,27.35,86.0,5568.0,1900.0
2022-06-23 17:58:47.035127,28.1,279.9,23.1,279.9,89,100,0.0,27.35,167.0,29.0,3.414,3.426,26,29,560,558,00000000 10101000 10000010 00001010,10101000 10100000 10001010 00000000,28.1,274.25,27.35,86.0,5568.0,1900.0
2022-06-23 17:58:48.038492,28.1,279.9,23.1,279.9,89,100,0.0,27.35,167.0,29.0,3.414,3.426,26,29,560,558,00000000 10101000 10000010 00001010,10101000 10100000 10001010 00000000,28.1,274.25,27.35,86.0,5568.0,1900.0
2022-06-23 17:58:49.042104,28.1,279.9,23.1,279.9,89,100,0.0,27.35,167.0,29.0,3.414,3.426,26,29,560,558,00000000 10101000 10000010 00001010,10101000 10100000 10001010 00000000,28.1,274.25,27.35,86.0,5568.0,1900.0
2022-06-23 17:58:50.045374,28.1,279.9,23.1,279.9,89,100,0.0,27.35,167.1,29.0,3.414,3.426,26,29,560,558,00000000 10101000 10000010 00001010,10101000 10100000 10001010 00000000,28.1,274.25,27.35,86.0,5568.0,1900.0
2022-06-23 17:58:51.047925,28.1,279.9,23.1,279.9,89,100,0.0,27.35,167.1,29.0,3.414,3.426,26,29,560,558,00000000 10101000 10000010 00001010,10101000 10100000 10001010 00000000,28.1,274.25,27.35,86.0,5568.0,1900.0
2022-06-23 17:58:52.051386,28.1,279.9,23.1,279.9,89,100,0.0,27.35,167.3,29.0,3.414,3.426,26,29,560,558,00000000 10101000 10000010 00001010,10101000 10100000 10001010 00000000,28.1,274.25,27.3,86.0,5568.0,1900.0
2022-06-23 17:58:53.054910,28.1,279.9,23.1,279.9,89,100,0.0,27.35,167.5,29.0,3.414,3.426,26,29,560,558,00000000 10101000 10000010 00001010,10101000 10100000 10001010 00000000,28.1,274.25,27.35,86.0,5568.0,1900.0
2022-06-23 17:58:54.058263,28.1,279.9,23.1,279.9,89,100,0.0,27.35,167.6,29.0,3.414,3.426,26,29,560,558,00000000 10101000 10000010 00001010,10101000 10100000 10001010 00000000,28.1,274.25,27.35,86.0,5568.0,1900.0
2022-06-23 17:58:55.061809,28.1,279.9,23.1,279.9,89,100,0.0,27.35,167.6,29.0,3.414,3.426,26,29,560,558,00000000 10101000 10000010 00001010,10101000 10100000 10001010 00000000,28.1,274.25,27.35,86.0,5568.0,1900.0
2022-06-23 17:58:56.064086,28.1,279.9,23.1,279.9,89,100,0.0,27.35,167.7,29.0,3.414,3.426,26,29,560,558,00000000 10101000 10000010 00001010,10101000 10100000 10001010 00000000,28.1,274.25,27.35,86.0,5568.0,1900.0
2022-06-23 17:58:57.066543,28.1,279.9,23.1,279.9,89,100,0.0,27.35,167.5,29.0,3.414,3.426,26,29,560,558,00000000 10101000 10000010 00001010,10101000 10100000 10001010 00000000,28.1,274.25,27.35,86.0,5568.0,1900.0
2022-06-23 17:58:58.069708,28.1,279.9,23.1,279.9,89,100,0.0,27.35,167.5,29.0,3.414,3.426,26,29,560,558,00000000 10101000 10000010 00001010,10101000 10100000 10001010 00000000,28.1,274.25,27.35,86.0,5568.0,1900.0
2022-06-23 17:58:59.073081,28.1,279.9,23.1,279.9,89,100,0.0,27.35,167.5,29.0,3.414,3.426,26,29,560,558,00000000 10101000 10000010 00001010,10101000 10100000 10001010 00000000,28.1,274.25,27.35,86.0,5568.0,1900.0
2022-06-23 17:59:00.076629,28.1,279.9,23.1,279.9,89,100,0.0,27.35,167.6,29.0,3.414,3.423,26,29,560,558,00000000 10101000 10000010 00001010,10101000 10100000 10001010 00000000,28.1,274.25,27.35,86.0,5568.0,1900.0
2022-06-23 17:59:01.079146,28.1,279.9,23.1,279.9,89,100,0.0,27.35,167.6,29.0,3.414,3.423,26,29,560,558,00000000 10101000 10000010 00001010,10101000 10100000 10001010 00000000,28.1,274.25,27.4,86.0,5568.0,1900.0
2022-06-23 17:59:02.082458,28.1,279.9,23.1,279.9,89,100,0.0,27.35,167.8,29.0,3.414,3.423,26,29,560,558,00000000 10101000 10000010 00001010,10101000 10100000 10001010 00000000,28.1,274.25,27.35,86.0,5568.0,1900.0
2022-06-23 17:59:03.085816,28.1,279.9,23.1,279.9,89,100,0.0,27.35,167.7,29.0,3.414,3.426,26,29,560,558,00000000 10101000 10000010 00001010,10101000 10100000 10001010 00000000,28.1,274.25,27.35,86.0,5568.0,1900.0
2022-06-23 17:59:04.089894,28.1,279.9,23.1,279.9,89,100,0.0,27.35,167.7,29.0,3.414,3.426,26,29,560,558,00000000 10101000 10000010 00001010,10101000 10100000 10001010 00000000,28.1,274.25,27.3,86.0,5568.0,1900.0
2022-06-23 17:59:05.092914,28.1,279.9,23.1,279.9,89,100,0.0,27.35,167.6,29.0,3.414,3.426,26,29,560,558,00000000 10101000 10000010 00001010,10101000 10100000 10001010 00000000,28.1,274.25,27.3,86.0,5568.0,1900.0
2022-06-23 17:59:06.095788,28.1,279.9,23.1,279.9,89,100,0.0,27.36,167.6,29.0,3.414,3.426,26,29,560,558,00000000 10101000 10000010 00001010,10101000 10100000 10001010 00000000,28.1,274.25,27.35,86.0,5568.0,1900.0
2022-06-23 17:59:07.098995,28.1,279.9,23.1,279.9,89,100,0.0,27.36,167.6,29.0,3.414,3.426,26,29,560,558,00000000 10101000 10000010 00001010,10101000 10100000 10001010 00000000,28.1,274.25,27.4,86.0,5568.0,1900.0
2022-06-23 17:59:08.102225,28.1,279.9,23.1,279.9,89,100,0.0,27.35,167.7,29.0,3.414,3.426,26,29,560,558,00000000 10101000 10000010 00001010,10101000 10100000 10001010 00000000,28.1,274.25,27.35,86.0,5568.0,1900.0
2022-06-23 17:59:09.104907,28.1,279.9,23.1,279.9,89,100,0.0,27.35,167.7,29.0,3.414,3.426,26,29,560,558,00000000 10101000 10000010 00001010,10101000 10100000 10001010 00000000,28.1,274.25,27.35,86.0,5568.0,1900.0
2022-06-23 17:59:10.107608,28.1,279.9,23.1,279.9,89,100,0.0,27.35,167.5,29.0,3.414,3.423,27,29,560,558,00000000 10101000 10000010 00001010,10101000 10100000 10001010 00000000,28.1,274.25,27.35,86.0,5568.0,1900.0
2022-06-23 17:59:11.110721,28.1,279.9,23.1,279.9,89,100,0.0,27.35,167.5,29.0,3.414,3.423,27,29,560,558,00000000 10101000 10000010 00001010,10101000 10100000 10001010 00000000,28.1,274.25,27.35,86.0,5568.0,1900.0
2022-06-23 17:59:12.114098,28.1,279.9,23.1,279.9,89,100,0.0,27.35,167.5,29.0,3.414,3.423,27,29,560,558,00000000 10101000 10000010 00001010,10101000 10100000 10001010 00000000,28.1,274.25,27.35,86.0,5568.0,1900.0
2022-06-23 17:59:13.117022,28.1,279.9,23.1,279.9,89,100,0.0,27.35,167.5,29.0,3.414,3.426,26,29,560,558,00000000 10101000 10000010 00001010,10101000 10100000 10001010 00000000,28.1,274.25,27.3,86.0,5568.0,1900.0
2022-06-23 17:59:14.119775,28.1,279.9,23.1,279.9,89,100,0.0,27.35,167.6,29.0,3.414,3.426,26,29,560,558,00000000 10101000 10000010 00001010,10101000 10100000 10001010 00000000,28.1,274.25,27.35,86.0,5568.0,1900.0
2022-06-23 17:59:15.123396,28.1,279.9,23.1,279.9,89,100,0.0,27.35,167.6,29.0,3.414,3.426,26,29,560,558,00000000 10101000 10000010 00001010,10101000 10100000 10001010 00000000,28.1,274.25,27.35,86.0,5568.0,1900.0
2022-06-23 17:59:16.126823,28.1,279.9,23.1,279.9,90,100,0.0,27.35,167.6,29.0,3.414,3.426,26,29,560,558,00000000 10101000 10000010 00001010,10101000 10100000 10001010 00000000,28.1,274.25,27.35,86.0,5568.0,1900.0
2022-06-23 17:59:17.129188,28.1,279.9,23.1,279.9,90,100,0.0,27.35,167.6,29.0,3.414,3.426,26,29,560,558,00000000 10101000 10000010 00001010,10101000 10100000 10001010 00000000,28.1,274.25,27.3,86.0,5568.0,1900.0
2022-06-23 17:59:18.132844,28.1,279.9,23.1,279.9,90,100,0.0,27.35,167.5,29.0,3.414,3.426,26,29,560,558,00000000 10101000 10000010 00001010,10101000 10100000 10001010 00000000,28.1,274.25,27.3,86.0,5568.0,1900.0
2022-06-23 17:59:19.136406,28.1,279.9,23.1,279.9,90,100,0.0,27.35,167.5,29.0,3.414,3.426,26,29,560,558,00000000 10101000 10000010 00001010,10101000 10100000 10001010 00000000,28.1,274.25,27.3,86.0,5568.0,1900.0
2022-06-23 17:59:20.139970,28.1,279.9,23.1,279.9,90,100,0.0,27.35,167.5,29.0,3.414,3.426,27,29,560,558,00000000 10101000 10000010 00001010,10101000 10100000 10001010 00000000,28.1,274.25,27.3,86.0,5568.0,1900.0
2022-06-23 17:59:21.142960,28.1,279.9,23.1,279.9,90,100,0.0,27.35,167.3,29.0,3.414,3.426,27,29,560,558,00000000 10101000 10000010 00001010,10101000 10100000 10001010 00000000,28.1,274.25,27.35,86.0,5568.0,1900.0
2022-06-23 17:59:22.145169,28.1,279.9,23.1,279.9,90,100,0.0,27.35,167.3,29.0,3.414,3.426,27,29,560,558,00000000 10101000 10000010 00001010,10101000 10100000 10001010 00000000,28.1,274.25,27.35,86.0,5568.0,1900.0
2022-06-23 17:59:23.147900,28.1,279.9,23.1,279.9,90,100,0.0,27.35,167.3,29.0,3.414,3.426,27,29,560,558,00000000 10101000 10000010 00001010,10101000 10100000 10001010 00000000,28.1,274.25,27.3,86.0,5553.0,1900.0
2022-06-23 17:59:24.151214,28.1,279.9,23.1,279.9,90,100,0.0,27.35,167.3,29.0,3.414,3.426,27,29,560,558,00000000 10101000 10000010 00001010,10101000 10100000 10001010 00000000,28.1,274.25,27.35,86.0,5553.0,1895.0
2022-06-23 17:59:25.154864,28.1,279.9,23.1,279.9,90,100,0.0,27.35,167.3,29.0,3.414,3.426,27,29,560,558,00000000 10101000 10000010 00001010,10101000 10100000 10001010 00000000,28.1,274.25,27.35,86.0,5553.0,1895.0
2022-06-23 17:59:26.158636,28.1,279.9,23.1,279.9,90,100,0.0,27.35,167.2,29.0,3.414,3.426,27,29,560,558,00000000 10101000 10000010 00001010,10101000 10100000 10001010 00000000,28.1,274.25,27.35,86.0,5539.0,1890.0
2022-06-23 17:59:27.161126,28.1,279.9,23.1,279.9,90,100,0.0,27.35,167.2,29.0,3.414,3.426,27,29,560,558,00000000 10101000 10000010 00001010,10101000 10100000 10001010 00000000,28.1,274.25,27.35,86.0,5539.0,1890.0
2022-06-23 17:59:28.165197,28.1,279.9,23.1,279.9,90,100,0.0,27.35,167.2,29.0,3.414,3.426,27,29,560,558,00000000 10101000 10000010 00001010,10101000 10100000 10001010 00000000,28.1,274.25,27.35,86.0,5539.0,1890.0
2022-06-23 17:59:29.169323,28.1,279.9,23.1,279.9,90,100,0.0,27.35,167.2,29.0,3.414,3.426,27,29,560,558,00000000 10101000 10000010 00001010,10101000 10100000 10001010 00000000,28.1,274.25,27.35,86.0,5539.0,1890.0
2022-06-23 17:59:30.172597,28.1,279.9,23.1,279.9,90,100,0.0,27.35,167.2,29.0,3.414,3.426,27,29,560,558,00000000 10101000 10000010 00001010,10101000 10100000 10001010 00000000,28.1,274.25,27.35,86.0,5539.0,1890.0
2022-06-23 17:59:31.176015,28.1,279.9,23.1,279.9,90,100,0.0,27.35,167.2,29.0,3.414,3.426,27,29,560,558,00000000 10101000 10000010 00001010,10101000 10100000 10001010 00000000,28.1,274.25,27.35,86.0,5539.0,1890.0
2022-06-23 17:59:32.178505,28.1,279.9,23.1,279.9,90,100,0.0,27.35,167.2,29.0,3.414,3.426,27,29,560,558,00000000 10101000 10000010 00001010,10101000 10100000 10001010 00000000,28.1,274.25,27.4,86.0,5539.0,1890.0
2022-06-23 17:59:33.181601,28.1,279.9,23.1,279.9,90,100,0.0,27.35,167.1,29.0,3.414,3.426,27,29,560,558,00000000 10101000 10000010 00001010,10101000 10100000 10001010 00000000,28.1,274.25,27.35,86.0,5539.0,1890.0
2022-06-23 17:59:34.184508,28.1,279.9,23.1,279.9,90,100,0.0,27.35,167.1,29.0,3.414,3.426,27,29,560,558,00000000 10101000 10000010 00001010,10101000 10100000 10001010 00000000,28.1,274.25,27.35,86.0,5539.0,1890.0
2022-06-23 17:59:35.187362,28.1,279.9,23.1,279.9,90,100,0.0,27.35,167.1,29.0,3.414,3.426,27,29,560,558,00000000 10101000 10000010 00001010,10101000 10100000 10001010 00000000,28.1,274.25,27.35,86.0,5539.0,1890.0
2022-06-23 17:59:36.190286,28.1,279.9,23.1,279.9,90,100,0.0,27.35,167.2,29.0,3.414,3.426,27,29,560,558,00000000 10101000 10000010 00001010,10101000 10100000 10001010 00000000,28.1,274.25,27.35,86.0,5539.0,1890.0
2022-06-23 17:59:37.192909,28.1,279.9,23.1,279.9,90,100,0.0,27.36,167.4,29.0,3.414,3.426,27,29,560,558,00000000 10101000 10000010 00001010,10101000 10100000 10001010 00000000,28.1,274.25,27.35,86.0,5539.0,1890.0
2022-06-23 17:59:38.196138,28.1,279.9,23.1,279.9,90,100,0.0,27.36,167.4,29.0,3.414,3.426,27,29,560,558,00000000 10101000 10000010 00001010,10101000 10100000 10001010 00000000,28.1,274.25,27.35,86.0,5539.0,1890.0
2022-06-23 17:59:39.199074,28.1,279.9,23.1,279.9,90,100,0.0,27.36,167.4,29.0,3.414,3.426,27,29,560,558,00000000 10101000 10000010 00001010,10101000 10100000 10001010 00000000,28.1,274.25,27.35,86.0,5539.0,1890.0
2022-06-23 17:59:40.201961,28.1,279.9,23.1,279.9,90,100,0.0,27.35,167.4,29.0,3.414,3.426,27,29,560,558,00000000 10101000 10000010 00001010,10101000 10100000 10001010 00000000,28.1,274.25,27.3,86.0,5539.0,1890.0
2022-06-23 17:59:41.205234,28.1,279.9,23.1,279.9,90,100,0.0,27.35,167.4,29.0,3.414,3.426,27,29,560,558,00000000 10101000 10000010 00001010,10101000 10100000 10001010 00000000,28.1,274.25,27.35,86.0,5539.0,1890.0
2022-06-23 17:59:42.208322,28.1,279.9,23.1,279.9,90,100,0.0,27.35,167.5,29.0,3.414,3.426,27,29,560,558,00000000 10101000 10000010 00001010,10101000 10100000 10001010 00000000,28.1,274.25,27.35,86.0,5539.0,1890.0
2022-06-23 17:59:43.211537,28.1,279.9,23.1,279.9,90,100,0.0,27.35,167.5,29.0,3.414,3.426,27,29,560,558,00000000 10101000 10000010 00001010,10101000 10100000 10001010 00000000,28.1,274.25,27.4,86.0,5539.0,1890.0
2022-06-23 17:59:44.215403,28.1,279.9,23.1,279.9,90,100,0.0,27.36,167.5,29.0,3.414,3.426,27,29,560,558,00000000 10101000 10000010 00001010,10101000 10100000 10001010 00000000,28.1,274.25,27.35,86.0,5539.0,1890.0
2022-06-23 17:59:45.219423,28.1,279.9,23.1,279.9,90,100,0.0,27.36,167.6,29.0,3.414,3.426,27,29,560,558,00000000 10101000 10000010 00001010,10101000 10100000 10001010 00000000,28.1,274.25,27.35,86.0,5539.0,1890.0
2022-06-23 17:59:46.223681,28.1,279.9,23.1,279.9,90,100,0.0,27.36,167.7,29.0,3.414,3.426,27,29,560,558,00000000 10101000 10000010 00001010,10101000 10100000 10001010 00000000,28.1,274.25,27.35,86.0,5539.0,1890.0
2022-06-23 17:59:47.226632,28.1,279.9,23.1,279.9,90,100,0.0,27.36,167.7,29.0,3.414,3.426,27,29,560,558,00000000 10101000 10000010 00001010,10101000 10100000 10001010 00000000,28.1,274.25,27.35,86.0,5539.0,1890.0
2022-06-23 17:59:48.228745,28.1,279.9,23.1,279.9,90,100,0.0,27.36,167.7,29.0,3.414,3.426,27,29,560,558,00000000 10101000 10000010 00001010,10101000 10100000 10001010 00000000,28.1,274.25,27.3,86.0,5539.0,1890.0
2022-06-23 17:59:49.231799,28.1,279.9,23.1,279.9,90,100,0.0,27.36,167.6,29.0,3.414,3.426,27,29,560,558,00000000 10101000 10000010 00001010,10101000 10100000 10001010 00000000,28.1,274.25,27.35,86.0,5539.0,1890.0
2022-06-23 17:59:50.235501,28.1,279.9,23.1,279.9,90,100,0.0,27.36,167.6,29.0,3.414,3.426,27,29,560,558,00000000 10101000 10000010 00001010,10101000 10100000 10001010 00000000,28.1,274.25,27.35,86.0,5539.0,1890.0
2022-06-23 17:59:51.238927,28.1,279.9,23.1,279.9,90,100,0.0,27.36,167.7,29.0,3.414,3.426,27,29,560,558,00000000 10101000 10000010 00001010,10101000 10100000 10001010 00000000,28.1,274.25,27.35,86.0,5539.0,1890.0
2022-06-23 17:59:52.242008,28.1,279.9,23.1,279.9,90,100,0.0,27.36,167.7,29.0,3.416,3.426,27,29,560,558,00000000 10101000 10000010 00001010,10101000 10100000 10001010 00000000,28.1,274.25,27.4,86.0,5539.0,1890.0
2022-06-23 17:59:53.244241,28.1,279.9,23.1,279.9,90,100,0.0,27.36,167.8,29.0,3.416,3.426,27,29,560,558,00000000 10101000 10000010 00001010,10101000 10100000 10001010 00000000,28.1,274.25,27.35,86.0,5539.0,1890.0
2022-06-23 17:59:54.246955,28.1,279.9,23.1,279.9,90,100,0.0,27.36,167.8,29.0,3.416,3.426,27,29,560,558,00000000 10101000 10000010 00001010,10101000 10100000 10001010 00000000,28.1,274.25,27.35,86.0,5539.0,1890.0
2022-06-23 17:59:55.250304,28.1,279.9,23.1,279.9,90,100,0.0,27.36,167.8,29.0,3.416,3.426,27,29,560,558,00000000 10101000 10000010 00001010,10101000 10100000 10001010 00000000,28.1,274.25,27.4,86.0,5539.0,1890.0
2022-06-23 17:59:56.253540,28.1,279.9,23.1,279.9,90,100,0.0,27.36,167.8,29.0,3.416,3.426,27,29,560,558,00000000 10101000 10000010 00001010,10101000 10100000 10001010 00000000,28.1,274.25,27.35,86.0,5539.0,1890.0
2022-06-23 17:59:57.256566,28.1,279.9,23.1,279.9,90,100,0.0,27.36,167.8,29.0,3.416,3.426,27,29,560,558,00000000 10101000 10000010 00001010,10101000 10100000 10001010 00000000,28.1,274.25,27.3,86.0,5539.0,1890.0
2022-06-23 17:59:58.259044,28.1,279.9,23.1,279.9,90,100,0.0,27.36,167.8,29.0,3.416,3.426,27,29,560,558,00000000 10101000 10000010 00001010,10101000 10100000 10001010 00000000,28.1,274.25,27.35,86.0,5539.0,1890.0
2022-06-23 17:59:59.261910,28.1,279.9,23.1,279.9,90,100,0.0,27.36,167.8,29.0,3.416,3.426,27,29,560,558,00000000 10101000 10000010 00001010,10101000 10100000 10001010 00000000,28.1,274.25,27.35,86.0,5539.0,1890.0
2022-06-23 18:00:00.264212,28.1,279.9,23.1,279.9,90,100,0.0,27.36,167.7,29.0,3.416,3.426,27,29,560,558,00000000 10101000 10000010 00001010,10101000 10100000 10001010 00000000,28.1,274.25,27.3,86.0,5539.0,1890.0
2022-06-23 18:00:01.266741,28.1,279.9,23.1,279.9,90,100,0.0,27.36,167.6,29.0,3.416,3.426,27,29,560,558,00000000 10101000 10000010 00001010,10101000 10100000 10001010 00000000,28.1,274.25,27.4,86.0,5539.0,1890.0
2022-06-23 18:00:02.270074,28.1,279.9,23.1,279.9,90,100,0.0,27.36,167.6,29.0,3.416,3.426,27,29,560,558,00000000 10101000 10000010 00001010,10101000 10100000 10001010 00000000,28.1,274.25,27.35,86.0,5539.0,1890.0
2022-06-23 18:00:03.273299,28.1,279.9,23.1,279.9,90,100,0.0,27.36,167.6,29.0,3.416,3.426,27,29,560,558,00000000 10101000 10000010 00001010,10101000 10100000 10001010 00000000,28.1,274.25,27.35,86.0,5539.0,1890.0
2022-06-23 18:00:04.276948,28.1,279.9,23.1,279.9,90,100,0.0,27.36,167.6,29.0,3.416,3.426,27,29,560,558,00000000 10101000 10000010 00001010,10101000 10100000 10001010 00000000,28.1,274.25,27.35,86.0,5539.0,1890.0
2022-06-23 18:00:05.280014,28.1,279.9,23.1,279.9,90,100,0.0,27.36,167.7,29.0,3.416,3.426,27,29,560,558,00000000 10101000 10000010 00001010,10101000 10100000 10001010 00000000,28.1,274.25,27.35,86.0,5539.0,1890.0
2022-06-23 18:00:06.283343,28.1,279.9,23.1,279.9,90,100,0.0,27.36,167.7,29.0,3.416,3.426,27,29,560,558,00000000 10101000 10000010 00001010,10101000 10100000 10001010 00000000,28.1,274.25,27.35,86.0,5539.0,1890.0
2022-06-23 18:00:07.286768,28.1,279.9,23.1,279.9,90,100,0.0,27.36,167.6,29.0,3.416,3.426,27,29,560,558,00000000 10101000 10000010 00001010,10101000 10100000 10001010 00000000,28.1,274.25,27.35,86.0,5539.0,1890.0
2022-06-23 18:00:08.289669,28.1,279.9,23.1,279.9,90,100,0.0,27.36,167.6,29.0,3.414,3.426,27,29,560,558,00000000 10101000 10000010 00001010,10101000 10100000 10001010 00000000,28.1,274.25,27.4,86.0,5539.0,1890.0
2022-06-23 18:00:09.292931,28.1,279.9,23.1,279.9,90,100,0.0,27.36,167.5,29.0,3.414,3.426,27,29,560,558,00000000 10101000 10000010 00001010,10101000 10100000 10001010 00000000,28.1,274.25,27.35,86.0,5539.0,1890.0
2022-06-23 18:00:10.296301,28.1,279.9,23.1,279.9,90,100,0.0,27.36,167.5,29.0,3.414,3.426,27,29,560,558,00000000 10101000 10000010 00001010,10101000 10100000 10001010 00000000,28.1,274.25,27.35,86.0,5539.0,1890.0
2022-06-23 18:00:11.299600,28.1,279.9,23.1,279.9,90,100,0.0,27.36,167.5,29.0,3.414,3.426,27,29,560,558,00000000 10101000 10000010 00001010,10101000 10100000 10001010 00000000,28.1,274.25,27.35,86.0,5539.0,1890.0
2022-06-23 18:00:12.303068,28.1,279.9,23.1,279.9,90,100,0.0,27.36,167.5,29.0,3.414,3.426,27,29,560,558,00000000 10101000 10000010 00001010,10101000 10100000 10001010 00000000,28.1,274.25,27.35,86.0,5539.0,1890.0
2022-06-23 18:00:13.305871,28.1,279.9,23.1,279.9,90,100,0.0,27.36,167.5,29.0,3.414,3.426,27,29,560,558,00000000 10101000 10000010 00001010,10101000 10100000 10001010 00000000,28.1,274.25,27.35,86.0,5539.0,1890.0
2022-06-23 18:00:14.308384,28.1,279.9,23.1,279.9,90,100,0.0,27.36,167.5,29.0,3.414,3.426,27,29,560,558,00000000 10101000 10000010 00001010,10101000 10100000 10001010 00000000,28.1,274.25,27.35,86.0,5539.0,1890.0
2022-06-23 18:00:15.311300,28.1,279.9,23.1,279.9,90,100,0.0,27.36,167.5,29.0,3.414,3.426,27,29,560,558,00000000 10101000 10000010 00001010,10101000 10100000 10001010 00000000,28.1,274.25,27.35,86.0,5539.0,1890.0
2022-06-23 18:00:16.314818,28.1,279.9,23.1,279.9,90,100,0.0,27.36,167.6,29.0,3.414,3.426,27,29,560,558,00000000 10101000 10000010 00001010,10101000 10100000 10001010 00000000,28.1,274.25,27.35,86.0,5539.0,1890.0
2022-06-23 18:00:17.318403,28.1,279.9,23.1,279.9,90,100,0.0,27.36,167.6,29.0,3.414,3.426,27,29,560,558,00000000 10101000 10000010 00001010,10101000 10100000 10001010 00000000,28.1,274.25,27.35,86.0,5539.0,1895.0
2022-06-23 18:00:18.321340,28.1,279.9,23.1,279.9,90,100,0.0,27.36,167.6,29.0,3.416,3.426,27,29,560,558,00000000 10101000 10000010 00001010,10101000 10100000 10001010 00000000,28.1,274.25,27.4,86.0,5553.0,1895.0
2022-06-23 18:00:19.324044,28.1,279.9,23.1,279.9,90,100,0.0,27.36,167.6,29.0,3.416,3.426,27,29,560,558,00000000 10101000 10000010 00001010,10101000 10100000 10001010 00000000,28.1,274.25,27.35,86.0,5553.0,1895.0
2022-06-23 18:00:20.327349,28.1,279.9,23.1,279.9,90,100,0.0,27.37,167.7,29.0,3.416,3.426,27,29,560,558,00000000 10101000 10000010 00001010,10101000 10100000 10001010 00000000,28.1,274.25,27.35,86.0,5553.0,1895.0
2022-06-23 18:00:21.330795,28.1,279.9,23.1,279.9,90,100,0.0,27.36,167.7,29.0,3.417,3.426,27,29,560,558,00000000 10101000 10000010 00001010,10101000 10100000 10001010 00000000,28.1,274.25,27.35,86.0,5553.0,1895.0
2022-06-23 18:00:22.334075,28.1,279.9,23.1,279.9,90,100,0.0,27.36,167.7,29.0,3.417,3.426,27,29,560,558,00000000 10101000 10000010 00001010,10101000 10100000 10001010 00000000,28.1,274.25,27.35,86.0,5553.0,1895.0
2022-06-23 18:00:23.337311,28.1,279.9,23.1,279.9,90,100,0.0,27.36,167.7,29.0,3.417,3.426,27,29,560,558,00000000 10101000 10000010 00001010,10101000 10100000 10001010 00000000,28.1,274.25,27.35,86.0,5553.0,1895.0
2022-06-23 18:00:24.339642,28.1,279.9,23.1,279.9,90,100,0.0,27.36,167.7,29.0,3.416,3.426,27,29,560,558,00000000 10101000 10000010 00001010,10101000 10100000 10001010 00000000,28.1,274.25,27.35,86.0,5553.0,1895.0
2022-06-23 18:00:25.342212,28.1,279.9,23.1,279.9,90,100,0.0,27.36,167.7,29.0,3.416,3.426,27,29,560,558,00000000 10101000 10000010 00001010,10101000 10100000 10001010 00000000,28.1,274.25,27.35,86.0,5553.0,1895.0
2022-06-23 18:00:26.344796,28.1,279.9,23.1,279.9,90,100,0.0,27.37,167.8,29.0,3.416,3.426,27,29,560,558,00000000 10101000 10000010 00001010,10101000 10100000 10001010 00000000,28.1,274.25,27.35,86.0,5553.0,1895.0
2022-06-23 18:00:27.347684,28.1,279.9,23.1,279.9,90,100,0.0,27.37,167.8,29.0,3.416,3.426,27,29,560,558,00000000 10101000 10000010 00001010,10101000 10100000 10001010 00000000,28.1,274.25,27.35,86.0,5553.0,1895.0
2022-06-23 18:00:28.352059,28.1,279.9,23.1,279.9,90,100,0.0,27.37,167.8,29.0,3.416,3.426,27,29,560,558,00000000 10101000 10000010 00001010,10101000 10100000 10001010 00000000,28.1,274.25,27.35,86.0,5553.0,1895.0
2022-06-23 18:00:29.354404,28.1,279.9,23.1,279.9,90,100,0.0,27.37,167.8,29.0,3.416,3.426,27,29,560,558,00000000 10101000 10000010 00001010,10101000 10100000 10001010 00000000,28.1,274.25,27.4,86.0,5553.0,1895.0
2022-06-23 18:00:30.358359,28.1,279.9,23.1,279.9,90,100,0.0,27.37,167.8,29.0,3.416,3.426,27,29,560,558,00000000 10101000 10000010 00001010,10101000 10100000 10001010 00000000,28.1,274.25,27.4,86.0,5553.0,1895.0
2022-06-23 18:00:31.361853,28.1,279.9,23.1,279.9,90,100,0.0,27.37,167.8,29.0,3.417,3.426,27,29,560,558,00000000 10101000 10000010 00001010,10101000 10100000 10001010 00000000,28.1,274.25,27.35,86.0,5553.0,1895.0
2022-06-23 18:00:32.365084,28.1,279.9,23.1,279.9,90,100,0.0,27.36,167.7,29.0,3.417,3.426,27,29,560,558,00000000 10101000 10000010 00001010,10101000 10100000 10001010 00000000,28.1,274.25,27.35,86.0,5553.0,1895.0
2022-06-23 18:00:33.368142,28.1,279.9,23.1,279.9,90,100,0.0,27.37,167.6,29.0,3.417,3.426,27,29,560,558,00000000 10101000 10000010 00001010,10101000 10100000 10001010 00000000,28.1,274.25,27.35,86.0,5553.0,1895.0
2022-06-23 18:00:34.371555,28.1,279.9,23.1,279.9,90,100,0.0,27.37,167.6,29.0,3.416,3.426,27,29,560,558,00000000 10101000 10000010 00001010,10101000 10100000 10001010 00000000,28.1,274.25,27.35,86.0,5553.0,1895.0
2022-06-23 18:00:35.374993,28.1,279.9,23.1,279.9,90,100,0.0,27.37,167.5,29.0,3.416,3.426,27,29,560,558,00000000 10101000 10000010 00001010,10101000 10100000 10001010 00000000,28.1,274.25,27.4,86.0,5553.0,1895.0
2022-06-23 18:00:36.378787,28.1,279.9,23.1,279.9,90,100,0.0,27.37,167.5,29.0,3.416,3.426,27,29,560,558,00000000 10101000 10000010 00001010,10101000 10100000 10001010 00000000,28.1,274.25,27.35,86.0,5553.0,1895.0
2022-06-23 18:00:37.382314,28.1,279.9,23.1,279.9,90,100,0.0,27.37,167.5,29.0,3.417,3.426,27,29,560,558,00000000 10101000 10000010 00001010,10101000 10100000 10001010 00000000,28.1,274.25,27.4,86.0,5553.0,1895.0
2022-06-23 18:00:38.385045,28.1,279.9,23.1,279.9,90,100,0.0,27.36,167.7,29.0,3.417,3.426,27,29,560,558,00000000 10101000 10000010 00001010,10101000 10100000 10001010 00000000,28.1,274.25,27.4,86.0,5553.0,1895.0
2022-06-23 18:00:39.387608,28.1,279.9,23.1,279.9,90,100,0.0,27.36,167.7,29.0,3.417,3.426,27,29,560,558,00000000 10101000 10000010 00001010,10101000 10100000 10001010 00000000,28.1,274.25,27.35,86.0,5553.0,1895.0
2022-06-23 18:00:40.390709,28.1,279.9,23.1,279.9,90,100,0.0,27.36,167.7,29.0,3.417,3.426,27,29,560,558,00000000 10101000 10000010 00001010,10101000 10100000 10001010 00000000,28.1,274.25,27.35,86.0,5553.0,1895.0
2022-06-23 18:00:41.394265,28.1,279.9,23.1,279.9,90,100,0.0,27.36,167.7,29.0,3.416,3.426,27,29,560,558,00000000 10101000 10000010 00001010,10101000 10100000 10001010 00000000,28.1,274.25,27.35,86.0,5553.0,1895.0
2022-06-23 18:00:42.397158,28.1,279.9,23.1,279.9,90,100,0.0,27.36,167.6,29.0,3.416,3.426,27,29,560,558,00000000 10101000 10000010 00001010,10101000 10100000 10001010 00000000,28.1,274.25,27.35,86.0,5553.0,1895.0
2022-06-23 18:00:43.400715,28.1,279.9,23.1,279.9,90,100,0.0,27.36,167.6,29.0,3.416,3.426,27,29,560,558,00000000 10101000 10000010 00001010,10101000 10100000 10001010 00000000,28.1,274.25,27.35,86.0,5553.0,1895.0
2022-06-23 18:00:44.403700,28.1,279.9,23.1,279.9,90,100,0.0,27.36,167.4,29.0,3.416,3.426,27,29,560,558,00000000 10101000 10000010 00001010,10101000 10100000 10001010 00000000,28.1,274.25,27.4,86.0,5553.0,1895.0
2022-06-23 18:00:45.407002,28.1,279.9,23.1,279.9,90,100,0.0,27.37,167.3,29.0,3.416,3.426,27,29,560,558,00000000 10101000 10000010 00001010,10101000 10100000 10001010 00000000,28.1,274.25,27.35,86.0,5553.0,1895.0
2022-06-23 18:00:46.411004,28.1,279.9,23.1,279.9,90,100,0.0,27.37,167.3,29.0,3.416,3.426,27,29,560,558,00000000 10101000 10000010 00001010,10101000 10100000 10001010 00000000,28.1,274.25,27.35,86.0,5553.0,1895.0
2022-06-23 18:00:47.415069,28.1,279.9,23.1,279.9,90,100,0.0,27.37,167.3,29.0,3.417,3.426,27,29,560,558,00000000 10101000 10000010 00001010,10101000 10100000 10001010 00000000,28.1,274.25,27.35,86.0,5553.0,1895.0
2022-06-23 18:00:48.418473,28.1,279.9,23.1,279.9,90,100,0.0,27.37,167.4,29.0,3.417,3.426,27,29,560,558,00000000 10101000 10000010 00001010,10101000 10100000 10001010 00000000,28.1,274.25,27.35,86.0,5553.0,1895.0
2022-06-23 18:00:49.421524,28.1,279.9,23.1,279.9,90,100,0.0,27.37,167.4,29.0,3.417,3.426,27,29,560,558,00000000 10101000 10000010 00001010,10101000 10100000 10001010 00000000,28.1,274.25,27.35,86.0,5553.0,1895.0
2022-06-23 18:00:50.424677,28.1,279.9,23.1,279.9,90,100,0.0,27.37,167.4,29.0,3.417,3.426,27,29,560,558,00000000 10101000 10000010 00001010,10101000 10100000 10001010 00000000,28.1,274.25,27.4,86.0,5553.0,1895.0
2022-06-23 18:00:51.427127,28.1,279.9,23.1,279.9,90,100,0.0,27.37,167.4,29.0,3.417,3.426,27,29,560,558,00000000 10101000 10000010 00001010,10101000 10100000 10001010 00000000,28.1,274.25,27.35,86.0,5553.0,1895.0
2022-06-23 18:00:52.429808,28.1,279.9,23.1,279.9,90,100,0.0,27.37,167.4,29.0,3.417,3.426,27,29,560,558,00000000 10101000 10000010 00001010,10101000 10100000 10001010 00000000,28.1,274.25,27.35,86.0,5553.0,1895.0
2022-06-23 18:00:53.433130,28.1,279.9,23.1,279.9,90,100,0.0,27.36,167.3,29.0,3.417,3.426,27,29,560,558,00000000 10101000 10000010 00001010,10101000 10100000 10001010 00000000,28.1,274.25,27.35,86.0,5553.0,1895.0
2022-06-23 18:00:54.436157,28.1,279.9,23.1,279.9,90,100,0.0,27.36,167.2,29.0,3.416,3.426,27,29,560,558,00000000 10101000 10000010 00001010,10101000 10100000 10001010 00000000,28.1,274.25,27.35,86.0,5553.0,1895.0
2022-06-23 18:00:55.438730,28.1,279.9,23.1,279.9,90,100,0.0,27.36,167.2,29.0,3.416,3.426,27,29,560,558,00000000 10101000 10000010 00001010,10101000 10100000 10001010 00000000,28.1,274.25,27.35,86.0,5553.0,1895.0
2022-06-23 18:00:56.442070,28.1,279.9,23.1,279.9,90,100,0.0,27.37,167.2,29.0,3.416,3.426,27,29,560,558,00000000 10101000 10000010 00001010,10101000 10100000 10001010 00000000,28.1,274.25,27.35,86.0,5553.0,1895.0
2022-06-23 18:00:57.445268,28.1,279.9,23.1,279.9,90,100,0.0,27.37,167.3,29.0,3.417,3.426,27,29,560,558,00000000 10101000 10000010 00001010,10101000 10100000 10001010 00000000,28.1,274.25,27.35,86.0,5553.0,1895.0
2022-06-23 18:00:58.448543,28.1,279.9,23.1,279.9,90,100,0.0,27.36,167.4,29.0,3.417,3.426,27,29,560,558,00000000 10101000 10000010 00001010,10101000 10100000 10001010 00000000,28.1,274.25,27.4,86.0,5553.0,1895.0
2022-06-23 18:00:59.452281,28.1,279.9,23.1,279.9,90,100,0.0,27.36,167.4,29.0,3.417,3.426,27,29,560,558,00000000 10101000 10000010 00001010,10101000 10100000 10001010 00000000,28.1,274.25,27.35,86.0,5553.0,1895.0
2022-06-23 18:01:00.454670,28.1,279.9,23.1,279.9,90,100,0.0,27.37,167.4,29.0,3.417,3.426,27,29,560,558,00000000 10101000 10000010 00001010,10101000 10100000 10001010 00000000,28.1,274.25,27.35,86.0,5553.0,1895.0
2022-06-23 18:01:01.457984,28.1,279.9,23.1,279.9,90,100,0.0,27.37,167.5,29.0,3.417,3.426,27,29,560,558,00000000 10101000 10000010 00001010,10101000 10100000 10001010 00000000,28.1,274.25,27.35,86.0,5553.0,1895.0
2022-06-23 18:01:02.461233,28.1,279.9,23.1,279.9,90,100,0.0,27.37,167.5,29.0,3.417,3.426,27,29,560,558,00000000 10101000 10000010 00001010,10101000 10100000 10001010 00000000,28.1,274.25,27.4,86.0,5553.0,1895.0
2022-06-23 18:01:03.464252,28.1,279.9,23.1,279.9,90,100,0.0,27.37,167.5,29.0,3.417,3.426,27,29,560,558,00000000 10101000 10000010 00001010,10101000 10100000 10001010 00000000,28.1,274.25,27.35,86.0,5553.0,1895.0
2022-06-23 18:01:04.466939,28.1,279.9,23.1,279.9,90,100,0.0,27.37,167.5,29.0,3.417,3.426,27,29,560,558,00000000 10101000 10000010 00001010,10101000 10100000 10001010 00000000,28.1,274.25,27.4,86.0,5553.0,1895.0
2022-06-23 18:01:05.469364,28.1,279.9,23.1,279.9,90,100,0.0,27.37,167.5,29.0,3.417,3.426,27,29,560,558,00000000 10101000 10000010 00001010,10101000 10100000 10001010 00000000,28.1,274.25,27.35,86.0,5553.0,1895.0
2022-06-23 18:01:06.472761,28.1,279.9,23.1,279.9,90,100,0.0,27.37,167.5,29.0,3.417,3.426,27,29,560,558,00000000 10101000 10000010 00001010,10101000 10100000 10001010 00000000,28.1,274.25,27.35,86.0,5553.0,1895.0
2022-06-23 18:01:07.476090,28.1,279.9,23.1,279.9,90,100,0.0,27.37,167.5,29.0,3.417,3.426,27,29,560,558,00000000 10101000 10000010 00001010,10101000 10100000 10001010 00000000,28.1,274.25,27.35,86.0,5553.0,1895.0
2022-06-23 18:01:08.479498,28.1,279.9,23.1,279.9,90,100,0.0,27.37,167.5,29.0,3.417,3.426,27,29,560,558,00000000 10101000 10000010 00001010,10101000 10100000 10001010 00000000,28.1,274.25,27.35,86.0,5553.0,1895.0
2022-06-23 18:01:09.483095,28.1,279.9,23.1,279.9,90,100,0.0,27.37,167.5,29.0,3.417,3.426,27,29,560,558,00000000 10101000 10000010 00001010,10101000 10100000 10001010 00000000,28.1,274.25,27.4,86.0,5553.0,1895.0
2022-06-23 18:01:10.485889,28.1,279.9,23.1,279.9,90,100,0.0,27.37,167.5,29.0,3.417,3.426,27,29,560,558,00000000 10101000 10000010 00001010,10101000 10100000 10001010 00000000,28.1,274.25,27.4,86.0,5553.0,1895.0
2022-06-23 18:01:11.489292,28.1,279.9,23.1,279.9,90,100,0.0,27.37,167.5,29.0,3.417,3.426,27,29,560,558,00000000 10101000 10000010 00001010,10101000 10100000 10001010 00000000,28.1,274.25,27.35,86.0,5553.0,1895.0
2022-06-23 18:01:12.492594,28.1,279.9,23.1,279.9,90,100,0.0,27.37,167.4,29.0,3.417,3.426,27,29,560,558,00000000 10101000 10000010 00001010,10101000 10100000 10001010 00000000,28.1,274.25,27.35,86.0,5539.0,1890.0
2022-06-23 18:01:13.495951,28.1,279.9,23.1,279.9,90,100,0.0,27.37,167.3,29.0,3.417,3.426,27,29,560,558,00000000 10101000 10000010 00001010,10101000 10100000 10001010 00000000,28.1,274.25,27.35,86.0,5539.0,1890.0
2022-06-23 18:01:14.499151,28.1,279.9,23.1,279.9,90,100,0.0,27.37,167.3,29.0,3.417,3.426,27,29,560,558,00000000 10101000 10000010 00001010,10101000 10100000 10001010 00000000,28.1,274.25,27.35,86.0,5539.0,1890.0
2022-06-23 18:01:15.502167,28.1,279.9,23.1,279.9,91,100,0.0,27.37,167.3,29.0,3.417,3.426,27,29,560,558,00000000 10101000 10000010 00001010,10101000 10100000 10001010 00000000,28.1,274.25,27.35,86.0,5539.0,1890.0
2022-06-23 18:01:16.505034,28.1,279.9,23.1,279.9,91,100,0.0,27.36,167.3,29.0,3.416,3.426,27,29,560,558,00000000 10101000 10000010 00001010,10101000 10100000 10001010 00000000,28.1,274.25,27.35,86.0,5539.0,1890.0
2022-06-23 18:01:17.507959,28.1,279.9,23.1,279.9,91,100,0.0,27.37,167.5,29.0,3.416,3.426,27,29,560,558,00000000 10101000 10000010 00001010,10101000 10100000 10001010 00000000,28.1,274.25,27.4,86.0,5539.0,1890.0
2022-06-23 18:01:18.510770,28.1,279.9,23.1,279.9,91,100,0.0,27.37,167.5,29.0,3.416,3.426,27,29,560,558,00000000 10101000 10000010 00001010,10101000 10100000 10001010 00000000,28.1,274.25,27.35,86.0,5539.0,1890.0
2022-06-23 18:01:19.514249,28.1,279.9,23.1,279.9,91,100,0.0,27.37,167.5,29.0,3.417,3.426,27,29,560,558,00000000 10101000 10000010 00001010,10101000 10100000 10001010 00000000,28.1,274.25,27.35,86.0,5539.0,1890.0
2022-06-23 18:01:20.517276,28.1,279.9,23.1,279.9,91,100,0.0,27.37,167.6,29.0,3.417,3.426,27,29,560,558,00000000 10101000 10000010 00001010,10101000 10100000 10001010 00000000,28.1,274.25,27.4,86.0,5539.0,1890.0
2022-06-23 18:01:21.520686,28.1,279.9,23.1,279.9,91,100,0.0,27.37,167.6,29.0,3.417,3.426,27,29,560,558,00000000 10101000 10000010 00001010,10101000 10100000 10001010 00000000,28.1,274.25,27.35,86.0,5539.0,1890.0
2022-06-23 18:01:22.524707,28.1,279.9,23.1,279.9,91,100,0.0,27.37,167.8,29.0,3.417,3.426,27,29,560,558,00000000 10101000 10000010 00001010,10101000 10100000 10001010 00000000,28.1,274.25,27.35,86.0,5539.0,1890.0
2022-06-23 18:01:23.528308,28.1,279.9,23.1,279.9,91,100,0.0,27.37,167.8,29.0,3.417,3.426,27,29,560,558,00000000 10101000 10000010 00001010,10101000 10100000 10001010 00000000,28.1,274.25,27.4,86.0,5539.0,1890.0
2022-06-23 18:01:24.531994,28.1,279.9,23.1,279.9,91,100,0.0,27.37,167.7,29.0,3.417,3.426,27,29,560,558,00000000 10101000 10000010 00001010,10101000 10100000 10001010 00000000,28.1,274.25,27.4,86.0,5539.0,1890.0
2022-06-23 18:01:25.535281,28.1,279.9,23.1,279.9,91,100,0.0,27.36,167.7,29.0,3.417,3.426,27,29,560,558,00000000 10101000 10000010 00001010,10101000 10100000 10001010 00000000,28.1,274.25,27.35,86.0,5539.0,1890.0
2022-06-23 18:01:26.537828,28.1,279.9,23.1,279.9,91,100,0.0,27.37,167.8,29.0,3.416,3.426,27,29,560,558,00000000 10101000 10000010 00001010,10101000 10100000 10001010 00000000,28.1,274.25,27.35,86.0,5539.0,1890.0
2022-06-23 18:01:27.541223,28.1,279.9,23.1,279.9,91,100,0.0,27.37,167.8,29.0,3.416,3.426,27,29,560,558,00000000 10101000 10000010 00001010,10101000 10100000 10001010 00000000,28.1,274.25,27.4,86.0,5539.0,1890.0
2022-06-23 18:01:28.544471,28.1,279.9,23.1,279.9,91,100,0.0,27.37,167.8,29.0,3.416,3.426,27,29,560,558,00000000 10101000 10000010 00001010,10101000 10100000 10001010 00000000,28.1,274.25,27.4,86.0,5539.0,1890.0
2022-06-23 18:01:29.547060,28.1,279.9,23.1,279.9,91,100,0.0,27.37,167.5,29.0,3.417,3.429,27,29,560,558,00000000 10101000 10000010 00001010,10101000 10100000 10001010 00000000,28.1,274.25,27.4,86.0,5539.0,1890.0
2022-06-23 18:01:30.549526,28.1,279.9,23.1,279.9,91,100,0.0,27.37,167.4,29.0,3.417,3.429,27,29,560,558,00000000 10101000 10000010 00001010,10101000 10100000 10001010 00000000,28.1,274.25,27.4,86.0,5539.0,1890.0
2022-06-23 18:01:31.552516,28.1,279.9,23.1,279.9,91,100,0.0,27.37,167.4,29.0,3.417,3.429,27,29,560,558,00000000 10101000 10000010 00001010,10101000 10100000 10001010 00000000,28.1,274.25,27.35,86.0,5539.0,1890.0
2022-06-23 18:01:32.555997,28.1,279.9,23.1,279.9,91,100,0.0,27.37,167.4,29.0,3.417,3.429,27,29,560,558,00000000 10101000 10000010 00001010,10101000 10100000 10001010 00000000,28.1,274.25,27.35,86.0,5539.0,1890.0
2022-06-23 18:01:33.559169,28.1,279.9,23.1,279.9,91,100,0.0,27.37,167.5,29.0,3.417,3.429,27,29,560,558,00000000 10101000 10000010 00001010,10101000 10100000 10001010 00000000,28.1,274.25,27.35,86.0,5539.0,1890.0
2022-06-23 18:01:34.562427,28.1,279.9,23.1,279.9,91,100,0.0,27.37,167.5,29.0,3.417,3.429,27,29,560,558,00000000 10101000 10000010 00001010,10101000 10100000 10001010 00000000,28.1,274.25,27.4,86.0,5539.0,1890.0
2022-06-23 18:01:35.565881,28.1,279.9,23.1,279.9,91,100,0.0,27.37,167.5,29.0,3.417,3.429,27,29,560,558,00000000 10101000 10000010 00001010,10101000 10100000 10001010 00000000,28.1,274.25,27.35,86.0,5539.0,1890.0
2022-06-23 18:01:36.569397,28.1,279.9,23.1,279.9,91,100,0.0,27.37,167.5,29.0,3.417,3.429,27,29,560,558,00000000 10101000 10000010 00001010,10101000 10100000 10001010 00000000,28.1,274.25,27.35,86.0,5539.0,1890.0
2022-06-23 18:01:37.572411,28.1,279.9,23.1,279.9,91,100,0.0,27.37,167.6,29.0,3.417,3.429,27,29,560,558,00000000 10101000 10000010 00001010,10101000 10100000 10001010 00000000,28.1,274.25,27.4,86.0,5539.0,1890.0
2022-06-23 18:01:38.575174,28.1,279.9,23.1,279.9,91,100,0.0,27.37,167.6,29.0,3.417,3.429,27,29,560,558,00000000 10101000 10000010 00001010,10101000 10100000 10001010 00000000,28.1,274.25,27.35,86.0,5539.0,1890.0
2022-06-23 18:01:39.578562,28.1,279.9,23.1,279.9,91,100,0.0,27.37,167.6,29.0,3.417,3.429,27,29,560,558,00000000 10101000 10000010 00001010,10101000 10100000 10001010 00000000,28.1,274.25,27.35,86.0,5539.0,1890.0
2022-06-23 18:01:40.582025,28.1,279.9,23.1,279.9,91,100,0.0,27.37,167.6,29.0,3.417,3.429,27,29,560,558,00000000 10101000 10000010 00001010,10101000 10100000 10001010 00000000,28.1,274.25,27.35,86.0,5539.0,1890.0
2022-06-23 18:01:41.584675,28.1,279.9,23.1,279.9,91,100,0.0,27.37,167.6,29.0,3.417,3.429,27,29,560,558,00000000 10101000 10000010 00001010,10101000 10100000 10001010 00000000,28.1,274.25,27.4,86.0,5539.0,1890.0
2022-06-23 18:01:42.587313,28.1,279.9,23.1,279.9,91,100,0.0,27.37,167.5,29.0,3.417,3.429,27,29,560,558,00000000 10101000 10000010 00001010,10101000 10100000 10001010 00000000,28.1,274.25,27.35,86.0,5539.0,1890.0
2022-06-23 18:01:43.589966,28.1,279.9,23.1,279.9,91,100,0.0,27.37,167.6,29.0,3.417,3.429,27,29,560,558,00000000 10101000 10000010 00001010,10101000 10100000 10001010 00000000,28.1,274.25,27.35,86.0,5539.0,1890.0
2022-06-23 18:01:44.593016,28.1,279.9,23.1,279.9,91,100,0.0,27.37,167.6,29.0,3.417,3.429,27,29,560,558,00000000 10101000 10000010 00001010,10101000 10100000 10001010 00000000,28.1,274.25,27.35,86.0,5539.0,1890.0
2022-06-23 18:01:45.596310,28.1,279.9,23.1,279.9,91,100,0.0,27.37,167.5,29.0,3.417,3.429,27,29,560,558,00000000 10101000 10000010 00001010,10101000 10100000 10001010 00000000,28.1,274.25,27.4,86.0,5539.0,1890.0
2022-06-23 18:01:46.599397,28.1,279.9,23.1,279.9,91,100,0.0,27.37,167.5,29.0,3.417,3.426,27,29,560,558,00000000 10101000 10000010 00001010,10101000 10100000 10001010 00000000,28.1,274.25,27.35,86.0,5539.0,1890.0
2022-06-23 18:01:47.602832,28.1,279.9,23.1,279.9,91,100,0.0,27.37,167.5,29.0,3.417,3.426,27,29,560,558,00000000 10101000 10000010 00001010,10101000 10100000 10001010 00000000,28.1,274.25,27.4,86.0,5539.0,1890.0
2022-06-23 18:01:48.606211,28.1,279.9,23.1,279.9,91,100,0.0,27.37,167.5,29.0,3.417,3.426,27,29,560,558,00000000 10101000 10000010 00001010,10101000 10100000 10001010 00000000,28.1,274.25,27.4,86.0,5539.0,1890.0
2022-06-23 18:01:49.609638,28.1,279.9,23.1,279.9,91,100,0.0,27.37,167.5,29.0,3.417,3.429,27,29,560,558,00000000 10101000 10000010 00001010,10101000 10100000 10001010 00000000,28.1,274.25,27.4,86.0,5539.0,1890.0
2022-06-23 18:01:50.613401,28.1,279.9,23.1,279.9,91,100,0.0,27.37,167.4,29.0,3.417,3.429,27,29,560,558,00000000 10101000 10000010 00001010,10101000 10100000 10001010 00000000,28.1,274.25,27.4,86.0,5539.0,1890.0
2022-06-23 18:01:51.616545,28.1,279.9,23.1,279.9,91,100,0.0,27.37,167.4,29.0,3.417,3.429,27,29,560,558,00000000 10101000 10000010 00001010,10101000 10100000 10001010 00000000,28.1,274.25,27.35,86.0,5539.0,1890.0
2022-06-23 18:01:52.619310,28.1,279.9,23.1,279.9,91,100,0.0,27.37,167.4,29.0,3.417,3.429,27,29,560,558,00000000 10101000 10000010 00001010,10101000 10100000 10001010 00000000,28.1,274.25,27.4,86.0,5539.0,1890.0
2022-06-23 18:01:53.622817,28.1,279.9,23.1,279.9,91,100,0.0,27.37,167.4,29.0,3.417,3.429,27,29,560,558,00000000 10101000 10000010 00001010,10101000 10100000 10001010 00000000,28.1,274.25,27.35,86.0,5539.0,1890.0
2022-06-23 18:01:54.625858,28.1,279.9,23.1,279.9,91,100,0.0,27.37,167.4,29.0,3.417,3.429,27,29,560,558,00000000 10101000 10000010 00001010,10101000 10100000 10001010 00000000,28.1,274.25,27.4,86.0,5539.0,1890.0
2022-06-23 18:01:55.628405,28.1,279.9,23.1,279.9,91,100,0.0,27.37,167.4,29.0,3.417,3.429,27,29,560,558,00000000 10101000 10000010 00001010,10101000 10100000 10001010 00000000,28.1,274.25,27.35,86.0,5539.0,1890.0
2022-06-23 18:01:56.631059,28.1,279.9,23.1,279.9,91,100,0.0,27.37,167.5,29.0,3.417,3.426,27,29,560,558,00000000 10101000 10000010 00001010,10101000 10100000 10001010 00000000,28.1,274.25,27.4,86.0,5539.0,1890.0
2022-06-23 18:01:57.633756,28.1,279.9,23.1,279.9,91,100,0.0,27.37,167.5,29.0,3.417,3.426,27,29,560,558,00000000 10101000 10000010 00001010,10101000 10100000 10001010 00000000,28.1,274.25,27.35,86.0,5539.0,1890.0
2022-06-23 18:01:58.636677,28.1,279.9,23.1,279.9,91,100,0.0,27.38,167.5,29.0,3.417,3.426,27,29,560,558,00000000 10101000 10000010 00001010,10101000 10100000 10001010 00000000,28.1,274.25,27.35,86.0,5539.0,1890.0
2022-06-23 18:01:59.639974,28.1,279.9,23.1,279.9,91,100,0.0,27.37,167.6,29.0,3.417,3.426,27,29,560,558,00000000 10101000 10000010 00001010,10101000 10100000 10001010 00000000,28.1,274.25,27.35,86.0,5539.0,1890.0
2022-06-23 18:02:00.643523,28.1,279.9,23.1,279.9,91,100,0.0,27.37,167.6,29.0,3.417,3.426,27,29,560,558,00000000 10101000 10000010 00001010,10101000 10100000 10001010 00000000,28.1,274.25,27.35,86.0,5539.0,1890.0
2022-06-23 18:02:01.646724,28.1,279.9,23.1,279.9,91,100,0.0,27.37,167.5,29.0,3.417,3.426,27,29,560,558,00000000 10101000 10000010 00001010,10101000 10100000 10001010 00000000,28.1,274.25,27.4,86.0,5539.0,1890.0
2022-06-23 18:02:02.649274,28.1,279.9,23.1,279.9,91,100,0.0,27.37,167.4,29.0,3.417,3.426,27,29,560,558,00000000 10101000 10000010 00001010,10101000 10100000 10001010 00000000,28.1,274.25,27.4,86.0,5539.0,1890.0
2022-06-23 18:02:03.652231,28.1,279.9,23.1,279.9,91,100,0.0,27.37,167.4,29.0,3.417,3.426,27,29,560,558,00000000 10101000 10000010 00001010,10101000 10100000 10001010 00000000,28.1,274.25,27.35,86.0,5539.0,1890.0
2022-06-23 18:02:04.655402,28.1,279.9,23.1,279.9,91,100,0.0,27.37,167.4,29.0,3.417,3.426,27,29,560,558,00000000 10101000 10000010 00001010,10101000 10100000 10001010 00000000,28.1,274.25,27.35,86.0,5539.0,1890.0
2022-06-23 18:02:05.658459,28.1,279.9,23.1,279.9,91,100,0.0,27.38,167.4,29.0,3.417,3.429,27,29,560,558,00000000 10101000 10000010 00001010,10101000 10100000 10001010 00000000,28.1,274.25,27.35,86.0,5539.0,1890.0
2022-06-23 18:02:06.660898,28.1,279.9,23.1,279.9,91,100,0.0,27.38,167.4,29.0,3.417,3.429,27,29,560,558,00000000 10101000 10000010 00001010,10101000 10100000 10001010 00000000,28.1,274.25,27.35,86.0,5539.0,1890.0
2022-06-23 18:02:07.663912,28.1,279.9,23.1,279.9,91,100,0.0,27.38,167.3,29.0,3.417,3.429,27,29,560,558,00000000 10101000 10000010 00001010,10101000 10100000 10001010 00000000,28.1,274.25,27.4,86.0,5539.0,1890.0
2022-06-23 18:02:08.666501,28.1,279.9,23.1,279.9,91,100,0.0,27.38,167.2,29.0,3.417,3.429,27,29,560,558,00000000 10101000 10000010 00001010,10101000 10100000 10001010 00000000,28.1,274.25,27.35,86.0,5539.0,1890.0
2022-06-23 18:02:09.669199,28.1,279.9,23.1,279.9,91,100,0.0,27.38,167.2,29.0,3.417,3.429,27,29,560,558,00000000 10101000 10000010 00001010,10101000 10100000 10001010 00000000,28.1,274.25,27.35,86.0,5539.0,1890.0
2022-06-23 18:02:10.672783,28.1,279.9,23.1,279.9,91,100,0.0,27.37,167.2,29.0,3.417,3.429,27,29,560,558,00000000 10101000 10000010 00001010,10101000 10100000 10001010 00000000,28.1,274.25,27.4,86.0,5539.0,1890.0
2022-06-23 18:02:11.676248,28.1,279.9,23.1,279.9,91,100,0.0,27.37,167.3,29.0,3.417,3.429,27,29,560,558,00000000 10101000 10000010 00001010,10101000 10100000 10001010 00000000,28.1,274.25,27.4,86.0,5539.0,1890.0
2022-06-23 18:02:12.679272,28.1,279.9,23.1,279.9,91,100,0.0,27.38,167.4,29.0,3.417,3.426,27,29,560,558,00000000 10101000 10000010 00001010,10101000 10100000 10001010 00000000,28.1,274.25,27.35,86.0,5539.0,1890.0
2022-06-23 18:02:13.682557,28.1,279.9,23.1,279.9,91,100,0.0,27.38,167.4,29.0,3.417,3.426,27,29,560,558,00000000 10101000 10000010 00001010,10101000 10100000 10001010 00000000,28.1,274.25,27.35,86.0,5539.0,1890.0
2022-06-23 18:02:14.685529,28.1,279.9,23.1,279.9,91,100,0.0,27.38,167.4,29.0,3.417,3.426,27,29,560,558,00000000 10101000 10000010 00001010,10101000 10100000 10001010 00000000,28.1,274.25,27.35,86.0,5539.0,1890.0
2022-06-23 18:02:15.688749,28.1,279.9,23.1,279.9,91,100,0.0,27.38,167.3,29.0,3.417,3.429,27,29,560,558,00000000 10101000 10000010 00001010,10101000 10100000 10001010 00000000,28.1,274.25,27.35,86.0,5539.0,1890.0
2022-06-23 18:02:16.692025,28.1,279.9,23.1,279.9,91,100,0.0,27.38,167.2,29.0,3.417,3.429,27,29,560,558,00000000 10101000 10000010 00001010,10101000 10100000 10001010 00000000,28.1,274.25,27.4,86.0,5539.0,1890.0
2022-06-23 18:02:17.694732,28.1,279.9,23.1,279.9,91,100,0.0,27.38,167.3,29.0,3.417,3.429,27,29,560,558,00000000 10101000 10000010 00001010,10101000 10100000 10001010 00000000,28.1,274.25,27.4,86.0,5539.0,1890.0
2022-06-23 18:02:18.698004,28.1,279.9,23.1,279.9,91,100,0.0,27.38,167.3,29.0,3.417,3.429,27,29,560,558,00000000 10101000 10000010 00001010,10101000 10100000 10001010 00000000,28.1,274.25,27.35,86.0,5539.0,1890.0
2022-06-23 18:02:19.701609,28.1,279.9,23.1,279.9,91,100,0.0,27.37,167.4,29.0,3.417,3.429,27,29,560,558,00000000 10101000 10000010 00001010,10101000 10100000 10001010 00000000,28.1,274.25,27.4,86.0,5539.0,1890.0
2022-06-23 18:02:20.704297,28.1,279.9,23.1,279.9,91,100,0.0,27.37,167.5,29.0,3.417,3.429,27,29,560,558,00000000 10101000 10000010 00001010,10101000 10100000 10001010 00000000,28.1,274.25,27.4,86.0,5539.0,1890.0
2022-06-23 18:02:21.706950,28.1,279.9,23.1,279.9,91,100,0.0,27.37,167.6,29.0,3.417,3.429,27,29,560,558,00000000 10101000 10000010 00001010,10101000 10100000 10001010 00000000,28.1,274.25,27.35,86.0,5539.0,1890.0
2022-06-23 18:02:22.709672,28.1,279.9,23.1,279.9,91,100,0.0,27.37,167.6,29.0,3.417,3.429,27,29,560,558,00000000 10101000 10000010 00001010,10101000 10100000 10001010 00000000,28.1,274.25,27.35,86.0,5539.0,1890.0
2022-06-23 18:02:23.712023,28.1,279.9,23.1,279.9,91,100,0.0,27.37,167.5,29.0,3.417,3.429,27,29,560,558,00000000 10101000 10000010 00001010,10101000 10100000 10001010 00000000,28.1,274.25,27.4,86.0,5539.0,1890.0
2022-06-23 18:02:24.714936,28.1,279.9,23.1,279.9,91,100,0.0,27.37,167.5,29.0,3.417,3.429,27,29,560,558,00000000 10101000 10000010 00001010,10101000 10100000 10001010 00000000,28.1,274.25,27.35,86.0,5539.0,1890.0
2022-06-23 18:02:25.718139,28.1,279.9,23.1,279.9,91,100,0.0,27.37,167.6,29.0,3.417,3.429,27,29,560,558,00000000 10101000 10000010 00001010,10101000 10100000 10001010 00000000,28.1,274.25,27.4,86.0,5539.0,1890.0
2022-06-23 18:02:26.721611,28.1,279.9,23.1,279.9,91,100,0.0,27.37,167.6,29.0,3.417,3.429,27,29,560,558,00000000 10101000 10000010 00001010,10101000 10100000 10001010 00000000,28.1,274.25,27.35,86.0,5539.0,1890.0
2022-06-23 18:02:27.725171,28.1,279.9,23.1,279.9,91,100,0.0,27.37,167.6,29.0,3.417,3.429,27,29,560,558,00000000 10101000 10000010 00001010,10101000 10100000 10001010 00000000,28.1,274.25,27.35,86.0,5539.0,1890.0
2022-06-23 18:02:28.728409,28.1,279.9,23.1,279.9,91,100,0.0,27.37,167.6,29.0,3.417,3.429,27,29,560,558,00000000 10101000 10000010 00001010,10101000 10100000 10001010 00000000,28.1,274.25,27.35,86.0,5539.0,1890.0
2022-06-23 18:02:29.732103,28.1,279.9,23.1,279.9,91,100,0.0,27.38,167.6,29.0,3.417,3.429,27,29,560,558,00000000 10101000 10000010 00001010,10101000 10100000 10001010 00000000,28.1,274.25,27.35,86.0,5539.0,1890.0
2022-06-23 18:02:30.735700,28.1,279.9,23.1,279.9,91,100,0.0,27.38,167.6,29.0,3.417,3.429,27,29,560,558,00000000 10101000 10000010 00001010,10101000 10100000 10001010 00000000,28.1,274.25,27.35,86.0,5539.0,1890.0
2022-06-23 18:02:31.739137,28.1,279.9,23.1,279.9,91,100,0.0,27.38,167.6,29.0,3.417,3.429,27,29,560,558,00000000 10101000 10000010 00001010,10101000 10100000 10001010 00000000,28.1,274.25,27.35,86.0,5539.0,1890.0
2022-06-23 18:02:32.742560,28.1,279.9,23.1,279.9,91,100,0.0,27.38,167.5,29.0,3.417,3.429,27,29,560,558,00000000 10101000 10000010 00001010,10101000 10100000 10001010 00000000,28.1,274.25,27.4,86.0,5539.0,1890.0
2022-06-23 18:02:33.744826,28.1,279.9,23.1,279.9,91,100,0.0,27.37,167.6,29.0,3.417,3.429,27,29,560,558,00000000 10101000 10000010 00001010,10101000 10100000 10001010 00000000,28.1,274.25,27.4,86.0,5539.0,1890.0
2022-06-23 18:02:34.747498,28.1,279.9,23.1,279.9,91,100,0.0,27.37,167.6,29.0,3.417,3.429,27,29,560,558,00000000 10101000 10000010 00001010,10101000 10100000 10001010 00000000,28.1,274.25,27.35,86.0,5539.0,1890.0
2022-06-23 18:02:35.750636,28.1,279.9,23.1,279.9,91,100,0.0,27.37,167.6,29.0,3.417,3.429,27,29,560,558,00000000 10101000 10000010 00001010,10101000 10100000 10001010 00000000,28.1,274.25,27.35,86.0,5539.0,1890.0
2022-06-23 18:02:36.754107,28.1,279.9,23.1,279.9,91,100,0.0,27.38,167.5,29.0,3.417,3.429,27,29,560,558,00000000 10101000 10000010 00001010,10101000 10100000 10001010 00000000,28.1,274.25,27.4,86.0,5539.0,1890.0
2022-06-23 18:02:37.757761,28.1,279.9,23.1,279.9,91,100,0.0,27.38,167.5,29.0,3.417,3.429,27,29,560,558,00000000 10101000 10000010 00001010,10101000 10100000 10001010 00000000,28.1,274.25,27.35,86.0,5539.0,1890.0
2022-06-23 18:02:38.760638,28.1,279.9,23.1,279.9,91,100,0.0,27.38,167.6,29.0,3.417,3.429,27,29,560,558,00000000 10101000 10000010 00001010,10101000 10100000 10001010 00000000,28.1,274.25,27.35,86.0,5539.0,1890.0
2022-06-23 18:02:39.763962,28.1,279.9,23.1,279.9,91,100,0.0,27.38,167.6,29.0,3.417,3.429,27,29,560,558,00000000 10101000 10000010 00001010,10101000 10100000 10001010 00000000,28.1,274.25,27.4,86.0,5539.0,1890.0
2022-06-23 18:02:40.767263,28.1,279.9,23.1,279.9,91,100,0.0,27.38,167.5,29.0,3.417,3.429,27,29,560,558,00000000 10101000 10000010 00001010,10101000 10100000 10001010 00000000,28.1,274.25,27.4,86.0,5539.0,1890.0
2022-06-23 18:02:41.770539,28.1,279.9,23.1,279.9,91,100,0.0,27.38,167.4,29.0,3.417,3.429,27,29,560,558,00000000 10101000 10000010 00001010,10101000 10100000 10001010 00000000,28.1,274.25,27.4,86.0,5539.0,1890.0
2022-06-23 18:02:42.773592,28.1,279.9,23.1,279.9,91,100,0.0,27.38,167.4,29.0,3.417,3.429,27,29,560,558,00000000 10101000 10000010 00001010,10101000 10100000 10001010 00000000,28.1,274.25,27.4,86.0,5539.0,1890.0
2022-06-23 18:02:43.776708,28.1,279.9,23.1,279.9,91,100,0.0,27.38,167.4,29.0,3.417,3.429,27,29,560,558,00000000 10101000 10000010 00001010,10101000 10100000 10001010 00000000,28.1,274.25,27.4,86.0,5539.0,1890.0
2022-06-23 18:02:44.780012,28.1,279.9,23.1,279.9,91,100,0.0,27.38,167.5,29.0,3.417,3.429,27,29,560,558,00000000 10101000 10000010 00001010,10101000 10100000 10001010 00000000,28.1,274.25,27.35,86.0,5539.0,1890.0
2022-06-23 18:02:45.782942,28.1,279.9,23.1,279.9,91,100,0.0,27.38,167.5,29.0,3.417,3.429,27,29,560,558,00000000 10101000 10000010 00001010,10101000 10100000 10001010 00000000,28.1,274.25,27.4,86.0,5539.0,1890.0
2022-06-23 18:02:46.785733,28.1,279.9,23.1,279.9,91,100,0.0,27.38,167.4,29.0,3.417,3.429,27,29,560,558,00000000 10101000 10000010 00001010,10101000 10100000 10001010 00000000,28.1,274.25,27.4,86.0,5539.0,1890.0
2022-06-23 18:02:47.788510,28.1,279.9,23.1,279.9,91,100,0.0,27.38,167.4,29.0,3.417,3.429,27,29,560,558,00000000 10101000 10000010 00001010,10101000 10100000 10001010 00000000,28.1,274.25,27.35,86.0,5539.0,1890.0
2022-06-23 18:02:48.791758,28.1,279.9,23.1,279.9,91,100,0.0,27.38,167.4,29.0,3.417,3.429,27,29,560,558,00000000 10101000 10000010 00001010,10101000 10100000 10001010 00000000,28.1,274.25,27.35,86.0,5539.0,1890.0
2022-06-23 18:02:49.795202,28.1,279.9,23.1,279.9,91,100,0.0,27.37,167.4,29.0,3.417,3.429,27,29,560,558,00000000 10101000 10000010 00001010,10101000 10100000 10001010 00000000,28.1,274.25,27.4,86.0,5539.0,1890.0
2022-06-23 18:02:50.798670,28.1,279.9,23.1,279.9,91,100,0.0,27.38,167.4,29.0,3.417,3.429,27,29,560,558,00000000 10101000 10000010 00001010,10101000 10100000 10001010 00000000,28.1,274.25,27.35,86.0,5539.0,1890.0
2022-06-23 18:02:51.801782,28.1,279.9,23.1,279.9,91,100,0.0,27.38,167.4,29.0,3.417,3.429,27,29,560,558,00000000 10101000 10000010 00001010,10101000 10100000 10001010 00000000,28.1,274.25,27.35,86.0,5539.0,1890.0
2022-06-23 18:02:52.805249,28.1,279.9,23.1,279.9,91,100,0.0,27.38,167.4,29.0,3.417,3.429,27,29,560,558,00000000 10101000 10000010 00001010,10101000 10100000 10001010 00000000,28.1,274.25,27.35,86.0,5539.0,1890.0
2022-06-23 18:02:53.808327,28.1,279.9,23.1,279.9,91,100,0.0,27.37,167.4,29.0,3.417,3.429,27,29,560,558,00000000 10101000 10000010 00001010,10101000 10100000 10001010 00000000,28.1,274.25,27.4,86.0,5539.0,1890.0
2022-06-23 18:02:54.811539,28.1,279.9,23.1,279.9,91,100,0.0,27.38,167.5,29.0,3.417,3.429,27,29,560,558,00000000 10101000 10000010 00001010,10101000 10100000 10001010 00000000,28.1,274.25,27.35,86.0,5539.0,1890.0
2022-06-23 18:02:55.814882,28.1,279.9,23.1,279.9,91,100,0.0,27.38,167.5,29.0,3.417,3.429,27,29,560,558,00000000 10101000 10000010 00001010,10101000 10100000 10001010 00000000,28.1,274.25,27.4,86.0,5539.0,1890.0
2022-06-23 18:02:56.818316,28.1,279.9,23.1,279.9,91,100,0.0,27.38,167.4,29.0,3.417,3.429,27,29,560,558,00000000 10101000 10000010 00001010,10101000 10100000 10001010 00000000,28.1,274.25,27.4,86.0,5539.0,1890.0
2022-06-23 18:02:57.821678,28.1,279.9,23.1,279.9,91,100,0.0,27.38,167.4,29.0,3.417,3.429,27,29,560,558,00000000 10101000 10000010 00001010,10101000 10100000 10001010 00000000,28.1,274.25,27.35,86.0,5539.0,1890.0
2022-06-23 18:02:58.824687,28.1,279.9,23.1,279.9,91,100,0.0,27.37,167.2,29.0,3.417,3.429,27,29,560,558,00000000 10101000 10000010 00001010,10101000 10100000 10001010 00000000,28.1,274.25,27.4,86.0,5539.0,1890.0
2022-06-23 18:02:59.827059,28.1,279.9,23.1,279.9,91,100,0.0,27.37,167.2,29.0,3.417,3.429,27,29,560,558,00000000 10101000 10000010 00001010,10101000 10100000 10001010 00000000,28.1,274.25,27.35,86.0,5539.0,1890.0
2022-06-23 18:03:00.829584,28.1,279.9,23.1,279.9,91,100,0.0,27.38,167.2,29.0,3.417,3.429,27,29,560,558,00000000 10101000 10000010 00001010,10101000 10100000 10001010 00000000,28.1,274.25,27.35,86.0,5539.0,1890.0
2022-06-23 18:03:01.832915,28.1,279.9,23.1,279.9,91,100,0.0,27.38,167.4,29.0,3.417,3.429,27,29,560,558,00000000 10101000 10000010 00001010,10101000 10100000 10001010 00000000,28.1,274.25,27.35,86.0,5539.0,1890.0
2022-06-23 18:03:02.836254,28.1,279.9,23.1,279.9,91,100,0.0,27.38,167.3,29.0,3.417,3.429,27,29,560,558,00000000 10101000 10000010 00001010,10101000 10100000 10001010 00000000,28.1,274.25,27.4,86.0,5539.0,1890.0
2022-06-23 18:03:03.839514,28.1,279.9,23.1,279.9,91,100,0.0,27.38,167.3,29.0,3.417,3.429,27,29,560,558,00000000 10101000 10000010 00001010,10101000 10100000 10001010 00000000,28.1,274.25,27.4,86.0,5539.0,1890.0
2022-06-23 18:03:04.841980,28.1,279.9,23.1,279.9,91,100,0.0,27.38,167.3,29.0,3.417,3.429,27,29,560,558,00000000 10101000 10000010 00001010,10101000 10100000 10001010 00000000,28.1,274.25,27.35,86.0,5539.0,1890.0
2022-06-23 18:03:05.845115,28.1,279.9,23.1,279.9,91,100,0.0,27.38,167.3,29.0,3.417,3.429,27,29,560,558,00000000 10101000 10000010 00001010,10101000 10100000 10001010 00000000,28.1,274.25,27.4,86.0,5539.0,1890.0
2022-06-23 18:03:06.848294,28.1,279.9,23.1,279.9,91,100,0.0,27.38,167.2,29.0,3.417,3.429,27,29,560,558,00000000 10101000 10000010 00001010,10101000 10100000 10001010 00000000,28.1,274.25,27.4,86.0,5539.0,1890.0
2022-06-23 18:03:07.851516,28.1,279.9,23.1,279.9,91,100,0.0,27.38,167.2,29.0,3.417,3.429,27,29,560,558,00000000 10101000 10000010 00001010,10101000 10100000 10001010 00000000,28.1,274.25,27.4,86.0,5539.0,1890.0
2022-06-23 18:03:08.854856,28.1,279.9,23.1,279.9,91,100,0.0,27.38,167.2,29.0,3.417,3.429,27,29,560,558,00000000 10101000 10000010 00001010,10101000 10100000 10001010 00000000,28.1,274.25,27.35,86.0,5539.0,1890.0
2022-06-23 18:03:09.857321,28.1,279.9,23.1,279.9,91,100,0.0,27.38,167.2,29.0,3.417,3.429,27,29,560,558,00000000 10101000 10000010 00001010,10101000 10100000 10001010 00000000,28.1,274.25,27.4,86.0,5539.0,1890.0
2022-06-23 18:03:10.860646,28.1,279.9,23.1,279.9,91,100,0.0,27.38,167.2,29.0,3.417,3.429,27,29,560,558,00000000 10101000 10000010 00001010,10101000 10100000 10001010 00000000,28.1,274.25,27.4,86.0,5539.0,1890.0
2022-06-23 18:03:11.863169,28.1,279.9,23.1,279.9,91,100,0.0,27.38,167.2,29.0,3.417,3.429,27,29,560,558,00000000 10101000 10000010 00001010,10101000 10100000 10001010 00000000,28.1,274.25,27.35,86.0,5539.0,1890.0
2022-06-23 18:03:12.865795,28.1,279.9,23.1,279.9,91,100,0.0,27.38,167.4,29.0,3.417,3.429,27,29,560,558,00000000 10101000 10000010 00001010,10101000 10100000 10001010 00000000,28.1,274.25,27.35,86.0,5539.0,1890.0
2022-06-23 18:03:13.869230,28.1,279.9,23.1,279.9,92,100,0.0,27.38,167.5,29.0,3.417,3.429,27,29,560,558,00000000 10101000 10000010 00001010,10101000 10100000 10001010 00000000,28.1,274.25,27.4,86.0,5539.0,1890.0
2022-06-23 18:03:14.871569,28.1,279.9,23.1,279.9,92,100,0.0,27.38,167.4,29.0,3.417,3.429,27,29,560,558,00000000 10101000 10000010 00001010,10101000 10100000 10001010 00000000,28.1,274.25,27.4,86.0,5539.0,1890.0
2022-06-23 18:03:15.875020,28.1,279.9,23.1,279.9,92,100,0.0,27.38,167.4,29.0,3.417,3.429,27,29,560,558,00000000 10101000 10000010 00001010,10101000 10100000 10001010 00000000,28.1,274.25,27.4,86.0,5539.0,1890.0
2022-06-23 18:03:16.878498,28.1,279.9,23.1,279.9,92,100,0.0,27.38,167.4,29.0,3.417,3.429,27,29,560,558,00000000 10101000 10000010 00001010,10101000 10100000 10001010 00000000,28.1,274.25,27.35,86.0,5539.0,1890.0
2022-06-23 18:03:17.881787,28.1,279.9,23.1,279.9,92,100,0.0,27.38,167.2,29.0,3.419,3.429,27,29,560,558,00000000 10101000 10000010 00001010,10101000 10100000 10001010 00000000,28.1,274.25,27.4,86.0,5539.0,1890.0
2022-06-23 18:03:18.885256,28.1,279.9,23.1,279.9,92,100,0.0,27.38,167.2,29.0,3.419,3.429,27,29,560,558,00000000 10101000 10000010 00001010,10101000 10100000 10001010 00000000,28.1,274.25,27.35,86.0,5539.0,1890.0
2022-06-23 18:03:19.891312,28.1,279.9,23.1,279.9,92,100,0.0,27.38,167.2,29.0,3.419,3.429,27,29,560,558,00000000 10101000 10000010 00001010,10101000 10100000 10001010 00000000,28.1,274.25,27.4,86.0,5539.0,1890.0
2022-06-23 18:03:20.894668,28.1,279.9,23.1,279.9,92,100,0.0,27.38,167.1,29.0,3.419,3.429,27,29,560,558,00000000 10101000 10000010 00001010,10101000 10100000 10001010 00000000,28.1,274.25,27.35,86.0,5539.0,1890.0
2022-06-23 18:03:21.898036,28.1,279.9,23.1,279.9,92,100,0.0,27.38,167.4,29.0,3.419,3.429,27,29,560,558,00000000 10101000 10000010 00001010,10101000 10100000 10001010 00000000,28.1,274.25,27.35,86.0,5539.0,1890.0
2022-06-23 18:03:22.901747,28.1,279.9,23.1,279.9,92,100,0.0,27.38,167.4,29.0,3.419,3.429,27,29,560,558,00000000 10101000 10000010 00001010,10101000 10100000 10001010 00000000,28.1,274.25,27.4,86.0,5539.0,1890.0
2022-06-23 18:03:23.905288,28.1,279.9,23.1,279.9,92,100,0.0,27.38,167.4,29.0,3.419,3.429,27,29,560,558,00000000 10101000 10000010 00001010,10101000 10100000 10001010 00000000,28.1,274.25,27.4,86.0,5539.0,1890.0
2022-06-23 18:03:24.908041,28.1,279.9,23.1,279.9,92,100,0.0,27.38,167.5,29.0,3.417,3.429,27,29,560,558,00000000 10101000 10000010 00001010,10101000 10100000 10001010 00000000,28.1,274.25,27.4,86.0,5539.0,1890.0
2022-06-23 18:03:25.910438,28.1,279.9,23.1,279.9,92,100,0.0,27.38,167.4,29.0,3.417,3.429,27,29,560,558,00000000 10101000 10000010 00001010,10101000 10100000 10001010 00000000,28.1,274.25,27.4,86.0,5539.0,1890.0
2022-06-23 18:03:26.912943,28.1,279.9,23.1,279.9,92,100,0.0,27.38,167.5,29.0,3.417,3.429,27,29,560,558,00000000 10101000 10000010 00001010,10101000 10100000 10001010 00000000,28.1,274.25,27.35,86.0,5539.0,1890.0
2022-06-23 18:03:27.916506,28.1,279.9,23.1,279.9,92,100,0.0,27.38,167.5,29.0,3.419,3.429,27,29,560,558,00000000 10101000 10000010 00001010,10101000 10100000 10001010 00000000,28.1,274.25,27.35,86.0,5539.0,1890.0
2022-06-23 18:03:28.919461,28.1,279.9,23.1,279.9,92,100,0.0,27.38,167.5,29.0,3.419,3.429,27,29,560,558,00000000 10101000 10000010 00001010,10101000 10100000 10001010 00000000,28.1,274.25,27.35,86.0,5539.0,1890.0
2022-06-23 18:03:29.922551,28.1,279.9,23.1,279.9,92,100,0.0,27.38,167.5,29.0,3.419,3.429,27,29,560,558,00000000 10101000 10000010 00001010,10101000 10100000 10001010 00000000,28.1,274.25,27.4,86.0,5539.0,1890.0
2022-06-23 18:03:30.925446,28.1,279.9,23.1,279.9,92,100,0.0,27.38,167.5,29.0,3.419,3.429,27,29,560,558,00000000 10101000 10000010 00001010,10101000 10100000 10001010 00000000,28.1,274.25,27.35,86.0,5539.0,1890.0
2022-06-23 18:03:31.928928,28.1,279.9,23.1,279.9,92,100,0.0,27.38,167.5,29.0,3.419,3.429,27,29,560,558,00000000 10101000 10000010 00001010,10101000 10100000 10001010 00000000,28.1,274.25,27.4,86.0,5539.0,1890.0
2022-06-23 18:03:32.932590,28.1,279.9,23.1,279.9,92,100,0.0,27.38,167.5,29.0,3.419,3.429,27,29,560,558,00000000 10101000 10000010 00001010,10101000 10100000 10001010 00000000,28.1,274.25,27.35,86.0,5539.0,1890.0
2022-06-23 18:03:33.936592,28.1,279.9,23.1,279.9,92,100,0.0,27.38,167.5,29.0,3.417,3.429,27,29,560,558,00000000 10101000 10000010 00001010,10101000 10100000 10001010 00000000,28.1,274.25,27.35,86.0,5539.0,1890.0
2022-06-23 18:03:34.939827,28.1,279.9,23.1,279.9,92,100,0.0,27.38,167.5,29.0,3.417,3.429,27,29,560,558,00000000 10101000 10000010 00001010,10101000 10100000 10001010 00000000,28.1,274.25,27.35,86.0,5539.0,1890.0
2022-06-23 18:03:35.942339,28.1,279.9,23.1,279.9,92,100,0.0,27.38,167.5,29.0,3.417,3.429,27,29,560,558,00000000 10101000 10000010 00001010,10101000 10100000 10001010 00000000,28.1,274.25,27.4,86.0,5539.0,1890.0
2022-06-23 18:03:36.945888,28.1,279.9,23.1,279.9,92,100,0.0,27.38,167.6,29.0,3.417,3.429,27,29,560,558,00000000 10101000 10000010 00001010,10101000 10100000 10001010 00000000,28.1,274.25,27.4,86.0,5539.0,1890.0
2022-06-23 18:03:37.948458,28.1,279.9,23.1,279.9,92,100,0.0,27.38,167.6,29.0,3.419,3.429,27,29,560,558,00000000 10101000 10000010 00001010,10101000 10100000 10001010 00000000,28.1,274.25,27.4,86.0,5539.0,1890.0
2022-06-23 18:03:38.951197,28.1,279.9,23.1,279.9,92,100,0.0,27.38,167.5,29.0,3.419,3.429,27,29,560,558,00000000 10101000 10000010 00001010,10101000 10100000 10001010 00000000,28.1,274.25,27.35,86.0,5539.0,1890.0
2022-06-23 18:03:39.954529,28.1,279.9,23.1,279.9,92,100,0.0,27.38,167.5,29.0,3.419,3.429,27,29,560,558,00000000 10101000 10000010 00001010,10101000 10100000 10001010 00000000,28.1,274.25,27.4,86.0,5539.0,1890.0
2022-06-23 18:03:40.956889,28.1,279.9,23.1,279.9,92,100,0.0,27.38,167.3,29.0,3.417,3.429,27,29,560,558,00000000 10101000 10000010 00001010,10101000 10100000 10001010 00000000,28.1,274.25,27.35,86.0,5539.0,1890.0
2022-06-23 18:03:41.959819,28.1,279.9,23.1,279.9,92,100,0.0,27.38,167.3,29.0,3.417,3.429,27,29,560,558,00000000 10101000 10000010 00001010,10101000 10100000 10001010 00000000,28.1,274.25,27.4,86.0,5539.0,1890.0
2022-06-23 18:03:42.963099,28.1,279.9,23.1,279.9,92,100,0.0,27.38,167.3,29.0,3.417,3.429,27,29,560,558,00000000 10101000 10000010 00001010,10101000 10100000 10001010 00000000,28.1,274.25,27.4,86.0,5539.0,1890.0
2022-06-23 18:03:43.966707,28.1,279.9,23.1,279.9,92,100,0.0,27.38,167.3,29.0,3.417,3.429,27,29,560,558,00000000 10101000 10000010 00001010,10101000 10100000 10001010 00000000,28.1,274.25,27.4,86.0,5539.0,1890.0
2022-06-23 18:03:44.971243,28.1,279.9,23.1,279.9,92,100,0.0,27.38,167.3,29.0,3.417,3.429,27,29,560,558,00000000 10101000 10000010 00001010,10101000 10100000 10001010 00000000,28.1,274.25,27.35,86.0,5539.0,1890.0
2022-06-23 18:03:45.973843,28.1,279.9,23.1,279.9,92,100,0.0,27.38,167.3,29.0,3.417,3.429,27,29,560,558,00000000 10101000 10000010 00001010,10101000 10100000 10001010 00000000,28.1,274.25,27.4,86.0,5539.0,1890.0
2022-06-23 18:03:46.976859,28.1,279.9,23.1,279.9,92,100,0.0,27.38,167.4,29.0,3.417,3.429,27,29,560,558,00000000 10101000 10000010 00001010,10101000 10100000 10001010 00000000,28.1,274.25,27.35,86.0,5539.0,1890.0
2022-06-23 18:03:47.980369,28.1,279.9,23.1,279.9,92,100,0.0,27.38,167.4,29.0,3.417,3.429,27,29,560,558,00000000 10101000 10000010 00001010,10101000 10100000 10001010 00000000,28.1,274.25,27.4,86.0,5539.0,1890.0
2022-06-23 18:03:48.983348,28.1,279.9,23.1,279.9,92,100,0.0,27.38,167.5,29.0,3.417,3.429,27,29,560,558,00000000 10101000 10000010 00001010,10101000 10100000 10001010 00000000,28.1,274.25,27.4,86.0,5539.0,1890.0
2022-06-23 18:03:49.986410,28.1,279.9,23.1,279.9,92,100,0.0,27.38,167.5,29.0,3.417,3.429,27,29,560,558,00000000 10101000 10000010 00001010,10101000 10100000 10001010 00000000,28.1,274.25,27.4,86.0,5539.0,1890.0
2022-06-23 18:03:50.988981,28.1,279.9,23.1,279.9,92,100,0.0,27.38,167.5,29.0,3.419,3.429,27,29,560,558,00000000 10101000 10000010 00001010,10101000 10100000 10001010 00000000,28.1,274.25,27.4,86.0,5539.0,1890.0
2022-06-23 18:03:51.991903,28.1,279.9,23.1,279.9,92,100,0.0,27.38,167.5,29.0,3.419,3.429,27,29,560,558,00000000 10101000 10000010 00001010,10101000 10100000 10001010 00000000,28.1,274.25,27.35,86.0,5539.0,1890.0
2022-06-23 18:03:52.995735,28.1,279.9,23.1,279.9,92,100,0.0,27.39,167.5,29.0,3.419,3.429,27,29,560,558,00000000 10101000 10000010 00001010,10101000 10100000 10001010 00000000,28.1,274.25,27.4,86.0,5539.0,1890.0
2022-06-23 18:03:53.999135,28.1,279.9,23.1,279.9,92,100,0.0,27.39,167.5,29.0,3.42,3.429,27,29,560,558,00000000 10101000 10000010 00001010,10101000 10100000 10001010 00000000,28.1,274.25,27.4,86.0,5539.0,1890.0
2022-06-23 18:03:55.002768,28.1,279.9,23.1,279.9,92,100,0.0,27.39,167.5,29.0,3.42,3.429,27,29,560,558,00000000 10101000 10000010 00001010,10101000 10100000 10001010 00000000,28.1,274.25,27.35,86.0,5539.0,1890.0
2022-06-23 18:03:56.005812,28.1,279.9,23.1,279.9,92,100,0.0,27.39,167.3,29.0,3.42,3.429,27,29,560,558,00000000 10101000 10000010 00001010,10101000 10100000 10001010 00000000,28.1,274.25,27.35,86.0,5539.0,1890.0
2022-06-23 18:03:57.008513,28.1,279.9,23.1,279.9,92,100,0.0,27.39,167.3,29.0,3.42,3.429,27,29,560,558,00000000 10101000 10000010 00001010,10101000 10100000 10001010 00000000,28.1,274.25,27.4,86.0,5539.0,1890.0
2022-06-23 18:03:58.012081,28.1,279.9,23.1,279.9,92,100,0.0,27.39,167.3,29.0,3.42,3.429,27,29,560,558,00000000 10101000 10000010 00001010,10101000 10100000 10001010 00000000,28.1,274.25,27.4,86.0,5539.0,1890.0
2022-06-23 18:03:59.016204,28.1,279.9,23.1,279.9,92,100,0.0,27.39,167.3,29.0,3.42,3.429,27,29,560,558,00000000 10101000 10000010 00001010,10101000 10100000 10001010 00000000,28.1,274.25,27.4,86.0,5539.0,1890.0
2022-06-23 18:04:00.019820,28.1,279.9,23.1,279.9,92,100,0.0,27.39,167.3,29.0,3.42,3.429,27,29,560,558,00000000 10101000 10000010 00001010,10101000 10100000 10001010 00000000,28.1,274.25,27.4,86.0,5539.0,1890.0
2022-06-23 18:04:01.022948,28.1,279.9,23.1,279.9,92,100,0.0,27.39,167.3,29.0,3.42,3.429,27,29,560,558,00000000 10101000 10000010 00001010,10101000 10100000 10001010 00000000,28.1,274.25,27.4,86.0,5539.0,1890.0
2022-06-23 18:04:02.026278,28.1,279.9,23.1,279.9,92,100,0.0,27.39,167.4,29.0,3.42,3.429,27,29,560,558,00000000 10101000 10000010 00001010,10101000 10100000 10001010 00000000,28.1,274.25,27.4,86.0,5539.0,1890.0
2022-06-23 18:04:03.028680,28.1,279.9,23.1,279.9,92,100,0.0,27.39,167.4,29.5,3.42,3.429,27,29,560,558,00000000 10101000 10000010 00001010,10101000 10100000 10001010 00000000,28.1,274.25,27.4,86.0,5539.0,1890.0
2022-06-23 18:04:04.031369,28.1,279.9,23.1,279.9,92,100,0.0,27.39,167.4,29.5,3.42,3.429,27,29,560,558,00000000 10101000 10000010 00001010,10101000 10100000 10001010 00000000,28.1,274.25,27.4,86.0,5539.0,1890.0
2022-06-23 18:04:05.034230,28.1,279.9,23.1,279.9,92,100,0.0,27.4,167.5,29.0,3.42,3.429,27,29,560,558,00000000 10101000 10000010 00001010,10101000 10100000 10001010 00000000,28.1,274.25,27.35,86.0,5539.0,1890.0
2022-06-23 18:04:06.037413,28.1,279.9,23.1,279.9,92,100,0.0,27.39,167.6,29.0,3.42,3.429,27,29,560,558,00000000 10101000 10000010 00001010,10101000 10100000 10001010 00000000,28.1,274.25,27.4,86.0,5539.0,1890.0
2022-06-23 18:04:07.039946,28.1,279.9,23.1,279.9,92,100,0.0,27.39,167.6,29.0,3.42,3.429,27,29,560,558,00000000 10101000 10000010 00001010,10101000 10100000 10001010 00000000,28.1,274.25,27.4,86.0,5539.0,1890.0
2022-06-23 18:04:08.043350,28.1,279.9,23.1,279.9,92,100,0.0,27.39,167.6,29.0,3.42,3.429,27,29,560,558,00000000 10101000 10000010 00001010,10101000 10100000 10001010 00000000,28.1,274.25,27.4,86.0,5539.0,1890.0
2022-06-23 18:04:09.046665,28.1,279.9,23.1,279.9,92,100,0.0,27.38,167.6,29.5,3.42,3.429,27,29,560,558,00000000 10101000 10000010 00001010,10101000 10100000 10001010 00000000,28.1,274.25,27.4,86.0,5539.0,1890.0
2022-06-23 18:04:10.050027,28.1,279.9,23.1,279.9,92,100,0.0,27.39,167.5,29.0,3.42,3.429,27,29,560,558,00000000 10101000 10000010 00001010,10101000 10100000 10001010 00000000,28.1,274.25,27.4,86.0,5539.0,1890.0
2022-06-23 18:04:11.053272,28.1,279.9,23.1,279.9,92,100,0.0,27.39,167.5,29.0,3.42,3.429,27,29,560,558,00000000 10101000 10000010 00001010,10101000 10100000 10001010 00000000,28.1,274.25,27.4,86.0,5539.0,1890.0
2022-06-23 18:04:12.055729,28.1,279.9,23.1,279.9,92,100,0.0,27.39,167.5,29.0,3.42,3.429,27,29,560,558,00000000 10101000 10000010 00001010,10101000 10100000 10001010 00000000,28.1,274.25,27.4,86.0,5539.0,1890.0
2022-06-23 18:04:13.059120,28.1,279.9,23.1,279.9,92,100,0.0,27.39,167.5,29.0,3.42,3.429,27,29,560,558,00000000 10101000 10000010 00001010,10101000 10100000 10001010 00000000,28.1,274.25,27.4,86.0,5539.0,1890.0
2022-06-23 18:04:14.062628,28.1,279.9,23.1,279.9,92,100,0.0,27.39,167.6,29.5,3.42,3.429,27,29,560,558,00000000 10101000 10000010 00001010,10101000 10100000 10001010 00000000,28.1,274.25,27.4,86.0,5539.0,1890.0
2022-06-23 18:04:15.065748,28.1,279.9,23.1,279.9,92,100,0.0,27.39,167.6,29.5,3.42,3.429,27,29,560,558,00000000 10101000 10000010 00001010,10101000 10100000 10001010 00000000,28.1,274.25,27.4,86.0,5539.0,1890.0
2022-06-23 18:04:16.068617,28.1,279.9,23.1,279.9,92,100,0.0,27.39,167.6,29.5,3.42,3.429,27,29,560,558,00000000 10101000 10000010 00001010,10101000 10100000 10001010 00000000,28.1,274.25,27.35,86.0,5539.0,1890.0
2022-06-23 18:04:17.071326,28.1,279.9,23.1,279.9,92,100,0.0,27.39,167.5,29.5,3.42,3.429,27,29,560,558,00000000 10101000 10000010 00001010,10101000 10100000 10001010 00000000,28.1,274.25,27.35,86.0,5539.0,1890.0
2022-06-23 18:04:18.074289,28.1,279.9,23.1,279.9,92,100,0.0,27.39,167.5,29.0,3.42,3.429,27,29,560,558,00000000 10101000 10000010 00001010,10101000 10100000 10001010 00000000,28.1,274.25,27.35,86.0,5539.0,1890.0
2022-06-23 18:04:19.077782,28.1,279.9,23.1,279.9,92,100,0.0,27.39,167.6,29.0,3.42,3.429,27,29,560,558,00000000 10101000 10000010 00001010,10101000 10100000 10001010 00000000,28.1,274.25,27.4,86.0,5539.0,1890.0
2022-06-23 18:04:20.081809,28.1,279.9,23.1,279.9,92,100,0.0,27.39,167.6,29.0,3.42,3.429,27,29,560,558,00000000 10101000 10000010 00001010,10101000 10100000 10001010 00000000,28.1,274.25,27.4,86.0,5539.0,1890.0
2022-06-23 18:04:21.084738,28.1,279.9,23.1,279.9,92,100,0.0,27.4,167.7,29.0,3.42,3.429,27,29,560,558,00000000 10101000 10000010 00001010,10101000 10100000 10001010 00000000,28.1,274.25,27.4,86.0,5539.0,1890.0
2022-06-23 18:04:22.087777,28.1,279.9,23.1,279.9,92,100,0.0,27.4,167.6,29.0,3.42,3.429,27,29,560,558,00000000 10101000 10000010 00001010,10101000 10100000 10001010 00000000,28.1,274.25,27.4,86.0,5539.0,1890.0
2022-06-23 18:04:23.091026,28.1,279.9,23.1,279.9,92,100,0.0,27.4,167.6,29.0,3.42,3.432,27,29,560,558,00000000 10101000 10000010 00001010,10101000 10100000 10001010 00000000,28.1,274.25,27.35,86.0,5509.0,1885.0
2022-06-23 18:04:24.094589,28.1,279.9,23.1,279.9,92,100,0.0,27.39,167.0,29.5,3.42,3.432,27,29,560,558,00000000 10101000 10000010 00001010,10101000 10100000 10001010 00000000,28.1,274.25,27.35,86.0,5421.0,1860.0
2022-06-23 18:04:25.097998,28.1,279.9,23.1,279.9,92,100,0.0,27.38,165.0,29.5,3.42,3.432,27,29,560,558,00000000 10101000 10000010 00001010,10101000 10100000 10001010 00000000,28.1,274.25,27.35,86.0,5319.0,1825.0
2022-06-23 18:04:26.101288,28.1,279.9,23.1,279.9,92,100,0.0,27.38,162.2,29.0,3.419,3.429,27,29,560,558,00000000 10101000 10000010 00001010,10101000 10100000 10001010 00000000,28.1,274.25,27.4,86.0,5216.0,1790.0
2022-06-23 18:04:27.104449,28.1,279.9,23.1,279.9,92,100,0.0,27.38,162.2,29.0,3.419,3.429,27,29,560,558,00000000 10101000 10000010 00001010,10101000 10100000 10001010 00000000,28.1,274.25,27.35,86.0,5114.0,1755.0
2022-06-23 18:04:28.107471,28.1,279.9,23.1,279.9,92,100,0.0,27.38,162.2,29.0,3.419,3.429,27,29,560,558,00000000 10101000 10000010 00001010,10101000 10100000 10001010 00000000,28.1,274.25,27.35,86.0,5026.0,1720.0
2022-06-23 18:04:29.110209,28.1,279.9,23.1,279.9,92,100,0.0,27.37,160.9,29.0,3.419,3.429,27,29,560,558,00000000 10101000 10000010 00001010,10101000 10100000 10001010 00000000,28.1,274.25,27.4,86.0,4967.0,1705.0
2022-06-23 18:04:30.112648,28.1,279.9,23.1,279.9,92,100,0.0,27.37,159.4,29.5,3.417,3.429,27,29,560,558,00000000 10101000 10000010 00001010,10101000 10100000 10001010 00000000,28.1,274.25,27.35,86.0,4909.0,1680.0
2022-06-23 18:04:31.115886,28.1,279.9,23.1,279.9,92,100,0.0,27.37,158.0,29.0,3.417,3.429,27,29,560,558,00000000 10101000 10000010 00001010,10101000 10100000 10001010 00000000,28.1,274.25,27.3,86.0,4850.0,1665.0
2022-06-23 18:04:32.118879,28.1,279.9,23.1,279.9,92,100,0.0,27.37,158.0,29.0,3.417,3.429,27,29,560,558,00000000 10101000 10000010 00001010,10101000 10100000 10001010 00000000,28.1,274.25,27.35,86.0,4835.0,1650.0
2022-06-23 18:04:33.121424,28.1,279.9,23.1,279.9,92,100,0.0,27.37,156.8,29.5,3.417,3.426,27,29,560,558,00000000 10101000 10000010 00001010,10101000 10100000 10001010 00000000,28.1,274.25,27.35,86.0,4806.0,1640.0
2022-06-23 18:04:34.124683,28.1,279.9,23.1,279.9,92,100,0.0,27.37,157.2,29.5,3.417,3.426,27,29,560,558,00000000 10101000 10000010 00001010,10101000 10100000 10001010 00000000,28.1,274.25,27.35,86.0,4821.0,1645.0
2022-06-23 18:04:35.128335,28.1,279.9,23.1,279.9,92,100,0.0,27.36,156.3,29.5,3.417,3.426,27,29,560,558,00000000 10101000 10000010 00001010,10101000 10100000 10001010 00000000,28.1,274.25,27.35,86.0,4791.0,1635.0
2022-06-23 18:04:36.131818,28.1,279.9,23.1,279.9,92,100,0.0,27.36,156.3,29.5,3.416,3.426,27,29,560,558,00000000 10101000 10000010 00001010,10101000 10100000 10001010 00000000,28.1,274.25,27.35,86.0,4835.0,1635.0
2022-06-23 18:04:37.135828,28.1,279.9,23.1,279.9,92,100,0.0,27.37,157.9,29.5,3.416,3.426,27,29,560,558,00000000 10101000 10000010 00001010,10101000 10100000 10001010 00000000,28.1,274.25,27.35,86.0,5055.0,1710.0
2022-06-23 18:04:38.138302,28.1,279.9,23.1,279.9,92,100,0.0,27.38,164.9,29.5,3.416,3.426,27,29,560,558,00000000 10101000 10000010 00001010,10101000 10100000 10001010 00000000,28.1,274.25,27.35,86.0,5158.0,1750.0
2022-06-23 18:04:39.141864,28.1,279.9,23.1,279.9,92,100,0.0,27.38,164.9,29.5,3.417,3.429,27,29,560,558,00000000 10101000 10000010 00001010,10101000 10100000 10001010 00000000,28.1,274.25,27.35,86.0,5246.0,1785.0
2022-06-23 18:04:40.145257,28.1,279.9,23.1,279.9,92,100,0.0,27.38,164.7,29.5,3.417,3.429,27,29,560,558,00000000 10101000 10000010 00001010,10101000 10100000 10001010 00000000,28.1,274.25,27.35,86.0,5260.0,1795.0
2022-06-23 18:04:41.148285,28.1,279.9,23.1,279.9,92,100,0.0,27.38,164.7,29.5,3.417,3.429,27,29,560,558,00000000 10101000 10000010 00001010,10101000 10100000 10001010 00000000,28.1,274.25,27.4,86.0,5172.0,1775.0
2022-06-23 18:04:42.151211,28.1,279.9,23.1,279.9,92,100,0.0,27.37,163.3,29.0,3.417,3.429,27,29,560,558,00000000 10101000 10000010 00001010,10101000 10100000 10001010 00000000,28.1,274.25,27.35,86.0,5084.0,1740.0
2022-06-23 18:04:43.153676,28.1,279.9,23.1,279.9,92,100,0.0,27.37,158.9,29.5,3.417,3.429,27,29,560,558,00000000 10101000 10000010 00001010,10101000 10100000 10001010 00000000,28.1,274.25,27.35,86.0,4982.0,1710.0
2022-06-23 18:04:44.156722,28.1,279.9,23.1,279.9,92,100,0.0,27.37,158.9,29.5,3.417,3.429,27,29,560,558,00000000 10101000 10000010 00001010,10101000 10100000 10001010 00000000,28.1,274.25,27.4,86.0,4909.0,1680.0
2022-06-23 18:04:45.160200,28.1,279.9,23.1,279.9,92,100,0.0,27.37,158.1,29.5,3.417,3.429,27,29,560,558,00000000 10101000 10000010 00001010,10101000 10100000 10001010 00000000,28.1,274.25,27.35,86.0,4835.0,1655.0
2022-06-23 18:04:46.164414,28.1,279.9,23.1,279.9,92,100,0.0,27.37,156.9,29.5,3.417,3.426,27,29,560,558,00000000 10101000 10000010 00001010,10101000 10100000 10001010 00000000,28.1,274.25,27.3,86.0,4762.0,1635.0
2022-06-23 18:04:47.172383,28.1,279.9,23.1,279.9,92,100,0.0,27.37,156.9,29.5,3.417,3.426,27,29,560,558,00000000 10101000 10000010 00001010,10101000 10100000 10001010 00000000,28.1,274.25,27.3,86.0,4703.0,1605.0
2022-06-23 18:04:48.175150,28.1,279.9,23.1,279.9,92,100,0.0,27.35,154.9,29.5,3.417,3.426,27,29,560,558,00000000 10101000 10000010 00001010,10101000 10100000 10001010 00000000,28.1,274.25,27.35,86.0,4718.0,1605.0
2022-06-23 18:04:49.178400,28.1,279.9,23.1,279.9,92,100,0.0,27.35,155.1,29.5,3.414,3.426,27,29,560,558,00000000 10101000 10000010 00001010,10101000 10100000 10001010 00000000,28.1,274.25,27.3,86.0,4674.0,1595.0
2022-06-23 18:04:50.181797,28.1,279.9,23.1,279.9,92,100,0.0,27.35,153.8,29.5,3.414,3.426,27,29,560,558,00000000 10101000 10000010 00001010,10101000 10100000 10001010 00000000,28.1,274.25,27.35,86.0,4674.0,1595.0
2022-06-23 18:04:51.185167,28.1,279.9,23.1,279.9,92,100,0.0,27.35,154.3,29.5,3.414,3.426,27,29,560,558,00000000 10101000 10000010 00001010,10101000 10100000 10001010 00000000,28.1,274.25,27.3,86.0,4674.0,1595.0
2022-06-23 18:04:52.188637,28.1,279.9,23.1,279.9,92,100,0.0,27.35,154.3,29.5,3.414,3.426,27,29,560,558,00000000 10101000 10000010 00001010,10101000 10100000 10001010 00000000,28.1,274.25,27.3,86.0,4674.0,1595.0
2022-06-23 18:04:53.191780,28.1,279.9,23.1,279.9,92,100,0.0,27.35,154.7,29.5,3.414,3.426,27,29,560,558,00000000 10101000 10000010 00001010,10101000 10100000 10001010 00000000,28.1,274.25,27.3,86.0,4674.0,1595.0
2022-06-23 18:04:54.194373,28.1,279.9,23.1,279.9,92,100,0.0,27.35,154.7,29.5,3.414,3.426,27,29,560,558,00000000 10101000 10000010 00001010,10101000 10100000 10001010 00000000,28.1,274.25,27.35,86.0,4674.0,1595.0
2022-06-23 18:04:55.196914,28.1,279.9,23.1,279.9,92,100,0.0,27.36,155.0,29.5,3.414,3.426,27,29,560,558,00000000 10101000 10000010 00001010,10101000 10100000 10001010 00000000,28.1,274.25,27.3,87.0,4674.0,1595.0
2022-06-23 18:04:56.199642,28.1,279.9,23.1,279.9,92,100,0.0,27.36,155.0,29.5,3.414,3.426,27,29,560,558,00000000 10101000 10000010 00001010,10101000 10100000 10001010 00000000,28.1,274.25,27.3,86.0,4674.0,1595.0
2022-06-23 18:04:57.202524,28.1,279.9,23.1,279.9,92,100,0.0,27.36,154.8,29.5,3.414,3.426,27,29,560,558,00000000 10101000 10000010 00001010,10101000 10100000 10001010 00000000,28.1,274.25,27.3,87.0,4674.0,1595.0
2022-06-23 18:04:58.205608,28.1,279.9,23.1,279.9,92,100,0.0,27.35,154.2,29.5,3.414,3.426,27,29,560,558,00000000 10101000 10000010 00001010,10101000 10100000 10001010 00000000,28.1,274.25,27.3,87.0,4674.0,1595.0
2022-06-23 18:04:59.208930,28.1,279.9,23.1,279.9,92,100,0.0,27.36,154.6,29.5,3.414,3.426,27,29,560,558,00000000 10101000 10000010 00001010,10101000 10100000 10001010 00000000,28.1,274.25,27.35,87.0,4674.0,1595.0
2022-06-23 18:05:00.212298,28.1,279.9,23.1,279.9,92,100,0.0,27.36,154.6,29.5,3.414,3.426,27,29,560,558,00000000 10101000 10000010 00001010,10101000 10100000 10001010 00000000,28.1,274.25,27.35,87.0,4674.0,1595.0
2022-06-23 18:05:01.215626,28.1,279.9,23.1,279.9,92,100,0.0,27.36,155.3,29.5,3.414,3.426,27,29,560,558,00000000 10101000 10000010 00001010,10101000 10100000 10001010 00000000,28.1,274.25,27.3,87.0,4674.0,1595.0
2022-06-23 18:05:02.219184,28.1,279.9,23.1,279.9,92,100,0.0,27.36,156.1,29.5,3.416,3.426,27,29,560,558,00000000 10101000 10000010 00001010,10101000 10100000 10001010 00000000,28.1,274.25,27.3,87.0,4674.0,1595.0
2022-06-23 18:05:03.222275,28.1,279.9,23.1,279.9,92,100,0.0,27.36,156.1,29.5,3.416,3.426,27,29,560,558,00000000 10101000 10000010 00001010,10101000 10100000 10001010 00000000,28.1,274.25,27.35,87.0,4703.0,1600.0
2022-06-23 18:05:04.225599,28.1,279.9,23.1,279.9,92,100,0.0,27.37,157.0,29.5,3.416,3.426,27,29,560,558,00000000 10101000 10000010 00001010,10101000 10100000 10001010 00000000,28.1,274.25,27.35,87.0,4733.0,1625.0
2022-06-23 18:05:05.229112,28.1,279.9,23.1,279.9,92,100,0.0,27.37,158.0,29.5,3.417,3.426,27,29,560,558,00000000 10101000 10000010 00001010,10101000 10100000 10001010 00000000,28.1,274.25,27.35,87.0,4777.0,1630.0
2022-06-23 18:05:06.232237,28.1,279.9,23.1,279.9,92,100,0.0,27.37,158.9,29.5,3.417,3.426,27,29,560,558,00000000 10101000 10000010 00001010,10101000 10100000 10001010 00000000,28.1,274.25,27.35,87.0,4821.0,1650.0
2022-06-23 18:05:07.234997,28.1,279.9,23.1,279.9,92,100,0.0,27.37,158.9,29.5,3.417,3.426,27,29,560,558,00000000 10101000 10000010 00001010,10101000 10100000 10001010 00000000,28.1,274.25,27.35,87.0,4865.0,1665.0
2022-06-23 18:05:08.237582,28.1,279.9,23.1,279.9,92,100,0.0,27.37,158.9,29.5,3.417,3.426,27,29,560,558,00000000 10101000 10000010 00001010,10101000 10100000 10001010 00000000,28.1,274.25,27.4,87.0,4923.0,1680.0
2022-06-23 18:05:09.240555,28.1,279.9,23.1,279.9,92,100,0.0,27.37,159.8,29.5,3.417,3.426,27,29,560,558,00000000 10101000 10000010 00001010,10101000 10100000 10001010 00000000,28.1,274.25,27.35,87.0,4953.0,1690.0
2022-06-23 18:05:10.243824,28.1,279.9,23.1,279.9,92,100,0.0,27.37,160.7,29.5,3.417,3.426,27,29,560,558,00000000 10101000 10000010 00001010,10101000 10100000 10001010 00000000,28.1,274.25,27.35,87.0,4996.0,1705.0
2022-06-23 18:05:11.247146,28.1,279.9,23.1,279.9,92,100,0.0,27.38,161.5,29.5,3.417,3.426,27,29,560,558,00000000 10101000 10000010 00001010,10101000 10100000 10001010 00000000,28.1,274.25,27.4,87.0,5026.0,1715.0
2022-06-23 18:05:12.250053,28.1,279.9,23.1,279.9,92,100,0.0,27.38,161.5,29.5,3.417,3.429,27,29,560,558,00000000 10101000 10000010 00001010,10101000 10100000 10001010 00000000,28.1,274.25,27.35,87.0,5040.0,1720.0
2022-06-23 18:05:13.253177,28.1,279.9,23.1,279.9,92,100,0.0,27.38,162.1,29.5,3.417,3.429,27,29,560,558,00000000 10101000 10000010 00001010,10101000 10100000 10001010 00000000,28.1,274.25,27.4,87.0,5040.0,1720.0
2022-06-23 18:05:14.255768,28.1,279.9,23.1,279.9,92,100,0.0,27.38,162.1,29.5,3.417,3.429,27,29,560,558,00000000 10101000 10000010 00001010,10101000 10100000 10001010 00000000,28.1,274.25,27.35,87.0,5040.0,1720.0
2022-06-23 18:05:15.259176,28.1,279.9,23.1,279.9,92,100,0.0,27.38,162.1,29.5,3.417,3.429,27,29,560,558,00000000 10101000 10000010 00001010,10101000 10100000 10001010 00000000,28.1,274.25,27.35,87.0,5040.0,1720.0
2022-06-23 18:05:16.262342,28.1,279.9,23.1,279.9,92,100,0.0,27.38,162.0,29.5,3.417,3.429,27,29,560,558,00000000 10101000 10000010 00001010,10101000 10100000 10001010 00000000,28.1,274.25,27.4,87.0,5040.0,1720.0
2022-06-23 18:05:17.265599,28.1,279.9,23.1,279.9,93,100,0.0,27.38,161.8,29.5,3.417,3.429,27,29,560,558,00000000 10101000 10000010 00001010,10101000 10100000 10001010 00000000,28.1,274.25,27.4,87.0,5040.0,1720.0
2022-06-23 18:05:18.268977,28.1,279.9,23.1,279.9,93,100,0.0,27.37,162.0,29.5,3.417,3.429,27,29,560,558,00000000 10101000 10000010 00001010,10101000 10100000 10001010 00000000,28.1,274.25,27.35,87.0,5040.0,1720.0
2022-06-23 18:05:19.271200,28.1,279.9,23.1,279.9,93,100,0.0,27.37,162.0,29.5,3.417,3.429,27,29,560,558,00000000 10101000 10000010 00001010,10101000 10100000 10001010 00000000,28.1,274.25,27.35,87.0,5055.0,1725.0
2022-06-23 18:05:20.273796,28.1,279.9,23.1,279.9,93,100,0.0,27.38,162.2,29.5,3.417,3.429,27,29,560,558,00000000 10101000 10000010 00001010,10101000 10100000 10001010 00000000,28.1,274.25,27.4,87.0,5055.0,1725.0
2022-06-23 18:05:21.276229,28.1,279.9,23.1,279.9,93,100,0.0,27.38,162.4,29.5,3.417,3.429,27,29,560,558,00000000 10101000 10000010 00001010,10101000 10100000 10001010 00000000,28.1,274.25,27.4,87.0,5055.0,1725.0
2022-06-23 18:05:22.279483,28.1,279.9,23.1,279.9,93,100,0.0,27.38,162.5,29.5,3.417,3.429,27,29,560,558,00000000 10101000 10000010 00001010,10101000 10100000 10001010 00000000,28.1,274.25,27.35,87.0,5070.0,1730.0
2022-06-23 18:05:23.282944,28.1,279.9,23.1,279.9,93,100,0.0,27.38,162.5,29.5,3.417,3.429,27,29,560,558,00000000 10101000 10000010 00001010,10101000 10100000 10001010 00000000,28.1,274.25,27.4,87.0,5070.0,1730.0
2022-06-23 18:05:24.285558,28.1,279.9,23.1,279.9,93,100,0.0,27.38,162.5,29.5,3.417,3.429,27,29,560,558,00000000 10101000 10000010 00001010,10101000 10100000 10001010 00000000,28.1,274.25,27.35,87.0,5070.0,1730.0
2022-06-23 18:05:25.288483,28.1,279.9,23.1,279.9,93,100,0.0,27.38,162.5,29.5,3.417,3.429,27,29,560,558,00000000 10101000 10000010 00001010,10101000 10100000 10001010 00000000,28.1,274.25,27.35,87.0,5070.0,1730.0
2022-06-23 18:05:26.291856,28.1,279.9,23.1,279.9,93,100,0.0,27.38,162.5,29.5,3.417,3.429,27,29,560,558,00000000 10101000 10000010 00001010,10101000 10100000 10001010 00000000,28.1,274.25,27.35,87.0,5070.0,1730.0
2022-06-23 18:05:27.295183,28.1,279.9,23.1,279.9,93,100,0.0,27.38,162.5,29.5,3.417,3.429,27,29,560,558,00000000 10101000 10000010 00001010,10101000 10100000 10001010 00000000,28.1,274.25,27.35,87.0,5070.0,1730.0
2022-06-23 18:05:28.298102,28.1,279.9,23.1,279.9,93,100,0.0,27.38,162.5,29.5,3.417,3.429,27,29,560,558,00000000 10101000 10000010 00001010,10101000 10100000 10001010 00000000,28.1,274.25,27.35,87.0,5070.0,1730.0
2022-06-23 18:05:29.301263,28.1,279.9,23.1,279.9,93,100,0.0,27.38,162.5,29.5,3.417,3.429,27,29,560,558,00000000 10101000 10000010 00001010,10101000 10100000 10001010 00000000,28.1,274.25,27.4,87.0,5084.0,1735.0
2022-06-23 18:05:30.304232,28.1,279.9,23.1,279.9,93,100,0.0,27.38,162.5,29.5,3.417,3.429,27,29,560,558,00000000 10101000 10000010 00001010,10101000 10100000 10001010 00000000,28.1,274.25,27.35,87.0,5084.0,1735.0
2022-06-23 18:05:31.307504,28.1,279.9,23.1,279.9,93,100,0.0,27.38,162.5,29.5,3.419,3.429,27,29,560,558,00000000 10101000 10000010 00001010,10101000 10100000 10001010 00000000,28.1,274.25,27.4,87.0,5084.0,1735.0
2022-06-23 18:05:32.310536,28.1,279.9,23.1,279.9,93,100,0.0,27.38,162.3,29.5,3.419,3.429,27,29,560,558,00000000 10101000 10000010 00001010,10101000 10100000 10001010 00000000,28.1,274.25,27.4,87.0,5084.0,1735.0
2022-06-23 18:05:33.312923,28.1,279.9,23.1,279.9,93,100,0.0,27.38,162.3,29.5,3.419,3.429,27,29,560,558,00000000 10101000 10000010 00001010,10101000 10100000 10001010 00000000,28.1,274.25,27.35,87.0,5084.0,1735.0
2022-06-23 18:05:34.315515,28.1,279.9,23.1,279.9,93,100,0.0,27.38,162.2,29.5,3.417,3.429,27,29,560,558,00000000 10101000 10000010 00001010,10101000 10100000 10001010 00000000,28.1,274.25,27.4,87.0,5084.0,1735.0
2022-06-23 18:05:35.317753,28.1,279.9,23.1,279.9,93,100,0.0,27.38,162.2,29.5,3.417,3.429,27,29,560,558,00000000 10101000 10000010 00001010,10101000 10100000 10001010 00000000,28.1,274.25,27.35,87.0,5084.0,1735.0
2022-06-23 18:05:36.320930,28.1,279.9,23.1,279.9,93,100,0.0,27.38,162.2,29.5,3.417,3.429,27,29,560,558,00000000 10101000 10000010 00001010,10101000 10100000 10001010 00000000,28.1,274.25,27.35,87.0,5084.0,1735.0
2022-06-23 18:05:37.324207,28.1,279.9,23.1,279.9,93,100,0.0,27.38,162.3,29.5,3.417,3.429,27,29,560,558,00000000 10101000 10000010 00001010,10101000 10100000 10001010 00000000,28.1,274.25,27.35,87.0,5084.0,1735.0
2022-06-23 18:05:38.327607,28.1,279.9,23.1,279.9,93,100,0.0,27.38,162.3,29.5,3.417,3.429,27,29,560,558,00000000 10101000 10000010 00001010,10101000 10100000 10001010 00000000,28.1,274.25,27.4,87.0,5084.0,1735.0
2022-06-23 18:05:39.330707,28.1,279.9,23.1,279.9,93,100,0.0,27.38,162.1,29.5,3.417,3.429,27,29,560,558,00000000 10101000 10000010 00001010,10101000 10100000 10001010 00000000,28.1,274.25,27.4,87.0,5084.0,1735.0
2022-06-23 18:05:40.333127,28.1,279.9,23.1,279.9,93,100,0.0,27.38,161.2,29.5,3.417,3.429,27,29,560,558,00000000 10101000 10000010 00001010,10101000 10100000 10001010 00000000,28.1,274.25,27.4,87.0,5084.0,1735.0
2022-06-23 18:05:41.336381,28.1,279.9,23.1,279.9,93,100,0.0,27.38,161.2,29.5,3.417,3.429,27,29,560,558,00000000 10101000 10000010 00001010,10101000 10100000 10001010 00000000,28.1,274.25,27.35,87.0,5040.0,1710.0
2022-06-23 18:05:42.339607,28.1,279.9,23.1,279.9,93,100,0.0,27.38,159.8,29.5,3.417,3.429,27,29,560,558,00000000 10101000 10000010 00001010,10101000 10100000 10001010 00000000,28.1,274.25,27.4,87.0,4953.0,1685.0
2022-06-23 18:05:43.342860,28.1,279.9,23.1,279.9,93,100,0.0,27.38,159.8,29.5,3.417,3.429,27,29,560,558,00000000 10101000 10000010 00001010,10101000 10100000 10001010 00000000,28.1,274.25,27.35,87.0,4865.0,1650.0
2022-06-23 18:05:44.346079,28.1,279.9,23.1,279.9,93,100,0.0,27.37,157.2,29.5,3.417,3.429,27,29,560,558,00000000 10101000 10000010 00001010,10101000 10100000 10001010 00000000,28.1,274.25,27.35,87.0,4777.0,1620.0
2022-06-23 18:05:45.348325,28.1,279.9,23.1,279.9,93,100,0.0,27.37,157.2,29.5,3.417,3.429,27,29,560,558,00000000 10101000 10000010 00001010,10101000 10100000 10001010 00000000,28.1,274.25,27.35,87.0,4689.0,1595.0
2022-06-23 18:05:46.350834,28.1,279.9,23.1,279.9,93,100,0.0,27.36,152.8,29.5,3.417,3.429,27,29,560,558,00000000 10101000 10000010 00001010,10101000 10100000 10001010 00000000,28.1,274.25,27.35,87.0,4601.0,1565.0
2022-06-23 18:05:47.353998,28.1,279.9,23.1,279.9,93,100,0.0,27.35,148.9,29.5,3.417,3.429,27,29,560,558,00000000 10101000 10000010 00001010,10101000 10100000 10001010 00000000,28.1,274.25,27.3,87.0,4513.0,1535.0
2022-06-23 18:05:48.357695,28.1,279.9,23.1,279.9,93,100,0.0,27.35,146.7,29.5,3.414,3.426,27,29,560,558,00000000 10101000 10000010 00001010,10101000 10100000 10001010 00000000,28.1,274.25,27.35,87.0,4454.0,1520.0
2022-06-23 18:05:49.360700,28.1,279.9,23.1,279.9,93,100,0.0,27.35,146.7,29.5,3.414,3.426,27,29,560,558,00000000 10101000 10000010 00001010,10101000 10100000 10001010 00000000,28.1,274.25,27.35,87.0,4410.0,1500.0
2022-06-23 18:05:50.363804,28.1,279.9,23.1,279.9,93,100,0.0,27.34,147.1,29.5,3.414,3.426,27,29,560,558,00000000 10101000 10000010 00001010,10101000 10100000 10001010 00000000,28.1,274.25,27.3,88.0,4322.0,1470.0
2022-06-23 18:05:51.367581,28.1,279.9,23.1,279.9,93,100,0.0,27.35,145.0,29.5,3.414,3.423,27,29,560,558,00000000 10101000 10000010 00001010,10101000 10100000 10001010 00000000,28.1,274.25,27.3,88.0,4308.0,1470.0
2022-06-23 18:05:52.371317,28.1,279.9,23.1,279.9,93,100,0.0,27.34,145.0,29.5,3.414,3.423,27,29,560,558,00000000 10101000 10000010 00001010,10101000 10100000 10001010 00000000,28.1,274.25,27.3,88.0,4308.0,1470.0
2022-06-23 18:05:53.374983,28.1,279.9,23.1,279.9,93,100,0.0,27.34,145.0,29.5,3.414,3.423,27,29,560,558,00000000 10101000 10000010 00001010,10101000 10100000 10001010 00000000,28.1,274.25,27.3,88.0,4308.0,1470.0
2022-06-23 18:05:54.379108,28.1,279.9,23.1,279.9,93,100,0.0,27.34,145.0,29.5,3.414,3.423,27,29,560,558,00000000 10101000 10000010 00001010,10101000 10100000 10001010 00000000,28.1,274.25,27.3,88.0,4308.0,1465.0
2022-06-23 18:05:55.381581,28.1,279.9,23.1,279.9,93,100,0.0,27.34,145.0,29.5,3.414,3.423,27,29,560,558,00000000 10101000 10000010 00001010,10101000 10100000 10001010 00000000,28.1,274.25,27.35,88.0,4293.0,1465.0
2022-06-23 18:05:56.385312,28.1,279.9,23.1,279.9,93,100,0.0,27.33,144.8,29.5,3.414,3.423,27,29,560,558,00000000 10101000 10000010 00001010,10101000 10100000 10001010 00000000,28.1,274.25,27.35,88.0,4278.0,1460.0
2022-06-23 18:05:57.388739,28.1,279.9,23.1,279.9,93,100,0.0,27.34,144.7,29.5,3.414,3.423,27,29,560,558,00000000 10101000 10000010 00001010,10101000 10100000 10001010 00000000,28.1,274.25,27.35,88.0,4278.0,1460.0
2022-06-23 18:05:58.391099,28.1,279.9,23.1,279.9,93,100,0.0,27.34,144.7,29.5,3.414,3.423,27,29,560,558,00000000 10101000 10000010 00001010,10101000 10100000 10001010 00000000,28.1,274.25,27.3,88.0,4278.0,1460.0
2022-06-23 18:05:59.393891,28.1,279.9,23.1,279.9,93,100,0.0,27.34,144.9,29.5,3.414,3.423,27,29,560,558,00000000 10101000 10000010 00001010,10101000 10100000 10001010 00000000,28.1,274.25,27.35,88.0,4278.0,1460.0
2022-06-23 18:06:00.396716,28.1,279.9,23.1,279.9,93,100,0.0,27.34,145.4,29.5,3.414,3.423,27,29,560,558,00000000 10101000 10000010 00001010,10101000 10100000 10001010 00000000,28.1,274.25,27.35,88.0,4278.0,1460.0
2022-06-23 18:06:01.400564,28.1,279.9,23.1,279.9,93,100,0.0,27.34,146.0,29.5,3.413,3.423,27,29,560,558,00000000 10101000 10000010 00001010,10101000 10100000 10001010 00000000,28.1,274.25,27.3,88.0,4278.0,1460.0
2022-06-23 18:06:02.403938,28.1,279.9,23.1,279.9,93,100,0.0,27.34,146.8,29.5,3.413,3.423,27,29,560,558,00000000 10101000 10000010 00001010,10101000 10100000 10001010 00000000,28.1,274.25,27.3,88.0,4278.0,1460.0
2022-06-23 18:06:03.407344,28.1,279.9,23.1,279.9,93,100,0.0,27.34,146.8,29.5,3.413,3.423,27,29,560,558,00000000 10101000 10000010 00001010,10101000 10100000 10001010 00000000,28.1,274.25,27.3,88.0,4278.0,1460.0
2022-06-23 18:06:04.410930,28.1,279.9,23.1,279.9,93,100,0.0,27.34,146.8,29.5,3.414,3.423,27,29,560,558,00000000 10101000 10000010 00001010,10101000 10100000 10001010 00000000,28.1,274.25,27.35,88.0,4278.0,1460.0
2022-06-23 18:06:05.413872,28.1,279.9,23.1,279.9,93,100,0.0,27.35,147.2,29.5,3.414,3.423,27,29,560,558,00000000 10101000 10000010 00001010,10101000 10100000 10001010 00000000,28.1,274.25,27.3,88.0,4278.0,1460.0
2022-06-23 18:06:06.416982,28.1,279.9,23.1,279.9,93,100,0.0,27.35,147.0,29.5,3.414,3.423,27,29,560,558,00000000 10101000 10000010 00001010,10101000 10100000 10001010 00000000,28.1,274.25,27.3,88.0,4278.0,1460.0
2022-06-23 18:06:07.419916,28.1,279.9,23.1,279.9,93,100,0.0,27.34,146.7,29.5,3.414,3.423,27,29,560,558,00000000 10101000 10000010 00001010,10101000 10100000 10001010 00000000,28.1,274.25,27.3,88.0,4278.0,1460.0
2022-06-23 18:06:08.423264,28.1,279.9,23.1,279.9,93,100,0.0,27.34,146.7,29.5,3.414,3.423,27,29,560,558,00000000 10101000 10000010 00001010,10101000 10100000 10001010 00000000,28.1,274.25,27.35,88.0,4278.0,1460.0
2022-06-23 18:06:09.426490,28.1,279.9,23.1,279.9,93,100,0.0,27.34,145.8,29.5,3.414,3.423,27,29,560,558,00000000 10101000 10000010 00001010,10101000 10100000 10001010 00000000,28.1,274.25,27.3,88.0,4278.0,1460.0
2022-06-23 18:06:10.429586,28.1,279.9,23.1,279.9,93,100,0.0,27.33,144.9,29.5,3.414,3.423,27,29,560,558,00000000 10101000 10000010 00001010,10101000 10100000 10001010 00000000,28.1,274.25,27.3,88.0,4278.0,1460.0
2022-06-23 18:06:11.432090,28.1,279.9,23.1,279.9,93,100,0.0,27.33,144.2,29.5,3.413,3.423,27,29,560,558,00000000 10101000 10000010 00001010,10101000 10100000 10001010 00000000,28.1,274.25,27.3,88.0,4264.0,1450.0
2022-06-23 18:06:12.434649,28.1,279.9,23.1,279.9,93,100,0.0,27.33,144.2,29.5,3.413,3.423,27,29,560,558,00000000 10101000 10000010 00001010,10101000 10100000 10001010 00000000,28.1,274.25,27.25,88.0,4249.0,1445.0
2022-06-23 18:06:13.437516,28.1,279.9,23.1,279.9,93,100,0.0,27.33,144.2,29.5,3.413,3.423,27,29,560,558,00000000 10101000 10000010 00001010,10101000 10100000 10001010 00000000,28.1,274.25,27.3,88.0,4220.0,1440.0
2022-06-23 18:06:14.440882,28.1,279.9,23.1,279.9,93,100,0.0,27.33,143.2,29.5,3.411,3.423,27,29,560,558,00000000 10101000 10000010 00001010,10101000 10100000 10001010 00000000,28.1,274.25,27.3,88.0,4220.0,1440.0
2022-06-23 18:06:15.444176,28.1,279.9,23.1,279.9,93,100,0.0,27.33,145.9,29.5,3.411,3.423,27,29,560,558,00000000 10101000 10000010 00001010,10101000 10100000 10001010 00000000,28.1,274.25,27.3,88.0,4220.0,1440.0
2022-06-23 18:06:16.446630,28.1,279.9,23.1,279.9,93,100,0.0,27.33,145.9,29.5,3.411,3.423,27,29,560,558,00000000 10101000 10000010 00001010,10101000 10100000 10001010 00000000,28.1,274.25,27.35,88.0,4205.0,1435.0
2022-06-23 18:06:17.449987,28.1,279.9,23.1,279.9,93,100,0.0,27.32,143.6,29.5,3.411,3.423,27,29,560,558,00000000 10101000 10000010 00001010,10101000 10100000 10001010 00000000,28.1,274.25,27.3,88.0,4205.0,1430.0
2022-06-23 18:06:18.453370,28.1,279.9,23.1,279.9,93,100,0.0,27.33,142.6,29.5,3.411,3.423,27,29,560,558,00000000 10101000 10000010 00001010,10101000 10100000 10001010 00000000,28.1,274.25,27.3,88.0,4161.0,1420.0
2022-06-23 18:06:19.456632,28.1,279.9,23.1,279.9,93,100,0.0,27.32,141.3,29.5,3.411,3.423,27,29,560,558,00000000 10101000 10000010 00001010,10101000 10100000 10001010 00000000,28.1,274.25,27.3,88.0,4147.0,1415.0
2022-06-23 18:06:20.459847,28.1,279.9,23.1,279.9,93,100,0.0,27.32,140.4,29.5,3.411,3.423,27,29,560,558,00000000 10101000 10000010 00001010,10101000 10100000 10001010 00000000,28.1,274.25,27.25,88.0,4117.0,1405.0
2022-06-23 18:06:21.462204,28.1,279.9,23.1,279.9,93,100,0.0,27.32,140.4,29.5,3.411,3.423,27,29,560,558,00000000 10101000 10000010 00001010,10101000 10100000 10001010 00000000,28.1,274.25,27.25,88.0,4117.0,1405.0
2022-06-23 18:06:22.465477,28.1,279.9,23.1,279.9,93,100,0.0,27.32,140.1,29.5,3.411,3.423,27,29,560,558,00000000 10101000 10000010 00001010,10101000 10100000 10001010 00000000,28.1,274.25,27.3,88.0,4103.0,1400.0
2022-06-23 18:06:23.468621,28.1,279.9,23.1,279.9,93,100,0.0,27.32,139.8,29.5,3.411,3.423,27,29,560,558,00000000 10101000 10000010 00001010,10101000 10100000 10001010 00000000,28.1,274.25,27.25,88.0,4103.0,1400.0
2022-06-23 18:06:24.470946,28.1,279.9,23.1,279.9,93,100,0.0,27.32,139.8,29.5,3.411,3.42,27,29,560,558,00000000 10101000 10000010 00001010,10101000 10100000 10001010 00000000,28.1,274.25,27.25,88.0,4103.0,1400.0
2022-06-23 18:06:25.473856,28.1,279.9,23.1,279.9,93,100,0.0,27.32,139.8,29.5,3.411,3.42,27,29,560,558,00000000 10101000 10000010 00001010,10101000 10100000 10001010 00000000,28.1,274.25,27.4,88.0,4410.0,1535.0
2022-06-23 18:06:26.476300,28.1,279.9,23.1,279.9,93,100,0.0,27.35,140.3,29.5,3.411,3.42,27,29,560,558,00000000 10101000 10000010 00001010,10101000 10100000 10001010 00000000,28.1,274.25,27.35,88.0,4879.0,1695.0
2022-06-23 18:06:27.479242,28.1,279.9,23.1,279.9,93,100,0.0,27.38,166.4,29.5,3.417,3.429,27,29,560,558,00000000 10101000 10000010 00001010,10101000 10100000 10001010 00000000,28.1,274.25,27.4,88.0,5172.0,1785.0
2022-06-23 18:06:28.482530,28.1,279.9,23.1,279.9,93,100,0.0,27.39,167.8,29.5,3.417,3.429,27,29,560,558,00000000 10101000 10000010 00001010,10101000 10100000 10001010 00000000,28.1,274.25,27.35,88.0,5407.0,1830.0
2022-06-23 18:06:29.485850,28.1,279.9,23.1,279.9,93,100,0.0,27.39,167.8,29.5,3.417,3.429,27,29,560,558,00000000 10101000 10000010 00001010,10101000 10100000 10001010 00000000,28.1,274.25,27.3,88.0,5172.0,1740.0
2022-06-23 18:06:30.489361,28.1,279.9,23.1,279.9,93,100,0.0,27.36,158.7,29.5,3.417,3.429,27,29,560,558,00000000 10101000 10000010 00001010,10101000 10100000 10001010 00000000,28.1,274.25,27.3,88.0,4982.0,1690.0
2022-06-23 18:06:31.492462,28.1,279.9,23.1,279.9,93,100,0.0,27.36,154.7,29.5,3.416,3.426,27,29,560,558,00000000 10101000 10000010 00001010,10101000 10100000 10001010 00000000,28.1,274.25,27.4,88.0,4879.0,1660.0
2022-06-23 18:06:32.495865,28.1,279.9,23.1,279.9,93,100,0.0,27.35,151.9,29.5,3.416,3.426,27,29,560,558,00000000 10101000 10000010 00001010,10101000 10100000 10001010 00000000,28.1,274.25,27.3,88.0,4733.0,1605.0
2022-06-23 18:06:33.499334,28.1,279.9,23.1,279.9,93,100,0.0,27.35,151.9,29.5,3.416,3.426,27,29,560,558,00000000 10101000 10000010 00001010,10101000 10100000 10001010 00000000,28.1,274.25,27.35,88.0,4586.0,1550.0
2022-06-23 18:06:34.502618,28.1,279.9,23.1,279.9,93,100,0.0,27.35,146.6,29.5,3.414,3.426,27,29,560,558,00000000 10101000 10000010 00001010,10101000 10100000 10001010 00000000,28.1,274.25,27.35,88.0,4484.0,1525.0
2022-06-23 18:06:35.505488,28.1,279.9,23.1,279.9,93,100,0.0,27.35,146.1,29.5,3.414,3.426,27,29,560,558,00000000 10101000 10000010 00001010,10101000 10100000 10001010 00000000,28.1,274.25,27.3,88.0,4396.0,1495.0
2022-06-23 18:06:36.508240,28.1,279.9,23.1,279.9,93,100,0.0,27.35,146.1,29.5,3.414,3.426,27,29,560,558,00000000 10101000 10000010 00001010,10101000 10100000 10001010 00000000,28.1,274.25,27.3,88.0,4322.0,1475.0
2022-06-23 18:06:37.510648,28.1,279.9,23.1,279.9,93,100,0.0,27.35,145.8,29.5,3.414,3.426,27,29,560,558,00000000 10101000 10000010 00001010,10101000 10100000 10001010 00000000,28.1,274.25,27.3,88.0,4308.0,1470.0
2022-06-23 18:06:38.513433,28.1,279.9,23.1,279.9,93,100,0.0,27.35,145.8,29.5,3.414,3.426,27,29,560,558,00000000 10101000 10000010 00001010,10101000 10100000 10001010 00000000,28.1,274.25,27.35,88.0,4308.0,1470.0
2022-06-23 18:06:39.516736,28.1,279.9,23.1,279.9,93,100,0.0,27.34,145.3,29.5,3.414,3.426,27,29,560,558,00000000 10101000 10000010 00001010,10101000 10100000 10001010 00000000,28.1,274.25,27.3,88.0,4308.0,1470.0
2022-06-23 18:06:40.520062,28.1,279.9,23.1,279.9,93,100,0.0,27.34,145.1,29.5,3.414,3.426,27,29,560,558,00000000 10101000 10000010 00001010,10101000 10100000 10001010 00000000,28.1,274.25,27.3,88.0,4293.0,1465.0
2022-06-23 18:06:41.523222,28.1,279.9,23.1,279.9,93,100,0.0,27.34,144.7,29.5,3.414,3.423,27,29,560,558,00000000 10101000 10000010 00001010,10101000 10100000 10001010 00000000,28.1,274.25,27.3,88.0,4278.0,1460.0
2022-06-23 18:06:42.525354,28.1,279.9,23.1,279.9,93,100,0.0,27.34,144.7,29.5,3.414,3.423,27,29,560,558,00000000 10101000 10000010 00001010,10101000 10100000 10001010 00000000,28.1,274.25,27.35,88.0,4278.0,1460.0
2022-06-23 18:06:43.528154,28.1,279.9,23.1,279.9,93,100,0.0,27.34,145.0,29.5,3.414,3.423,27,29,560,558,00000000 10101000 10000010 00001010,10101000 10100000 10001010 00000000,28.1,274.25,27.35,88.0,4278.0,1460.0
2022-06-23 18:06:44.531060,28.1,279.9,23.1,279.9,93,100,0.0,27.34,145.4,29.5,3.414,3.423,27,29,560,558,00000000 10101000 10000010 00001010,10101000 10100000 10001010 00000000,28.1,274.25,27.35,88.0,4278.0,1460.0
2022-06-23 18:06:45.534395,28.1,279.9,23.1,279.9,93,100,0.0,27.34,146.0,29.5,3.414,3.423,27,29,560,558,00000000 10101000 10000010 00001010,10101000 10100000 10001010 00000000,28.1,274.25,27.3,88.0,4278.0,1460.0
2022-06-23 18:06:46.537708,28.1,279.9,23.1,279.9,93,100,0.0,27.34,146.0,29.5,3.414,3.423,27,29,560,558,00000000 10101000 10000010 00001010,10101000 10100000 10001010 00000000,28.1,274.25,27.35,88.0,4278.0,1460.0
2022-06-23 18:06:47.540199,28.1,279.9,23.1,279.9,93,100,0.0,27.34,147.1,29.5,3.414,3.423,27,29,560,558,00000000 10101000 10000010 00001010,10101000 10100000 10001010 00000000,28.1,274.25,27.35,88.0,4278.0,1460.0
2022-06-23 18:06:48.543561,28.1,279.9,23.1,279.9,93,100,0.0,27.34,147.1,29.5,3.414,3.423,27,29,560,558,00000000 10101000 10000010 00001010,10101000 10100000 10001010 00000000,28.1,274.25,27.3,88.0,4278.0,1460.0
2022-06-23 18:06:49.546235,28.1,279.9,23.1,279.9,93,100,0.0,27.35,148.7,29.5,3.414,3.423,27,29,560,558,00000000 10101000 10000010 00001010,10101000 10100000 10001010 00000000,28.1,274.25,27.35,88.0,4308.0,1475.0
2022-06-23 18:06:50.548833,28.1,279.9,23.1,279.9,93,100,0.0,27.35,150.0,29.5,3.414,3.426,27,29,560,558,00000000 10101000 10000010 00001010,10101000 10100000 10001010 00000000,28.1,274.25,27.35,88.0,4352.0,1485.0
2022-06-23 18:06:51.551926,28.1,279.9,23.1,279.9,93,100,0.0,27.35,150.0,29.5,3.414,3.426,27,29,560,558,00000000 10101000 10000010 00001010,10101000 10100000 10001010 00000000,28.1,274.25,27.3,88.0,4381.0,1500.0
2022-06-23 18:06:52.554232,28.1,279.9,23.1,279.9,93,100,0.0,27.36,151.3,29.5,3.414,3.426,27,29,560,558,00000000 10101000 10000010 00001010,10101000 10100000 10001010 00000000,28.1,274.25,27.35,88.0,4440.0,1515.0
2022-06-23 18:06:53.557133,28.1,279.9,23.1,279.9,93,100,0.0,27.36,152.6,29.5,3.414,3.426,27,29,560,558,00000000 10101000 10000010 00001010,10101000 10100000 10001010 00000000,28.1,274.25,27.35,88.0,4498.0,1540.0
2022-06-23 18:06:54.559430,28.1,279.9,23.1,279.9,93,100,0.0,27.36,152.6,29.5,3.414,3.426,27,29,560,558,00000000 10101000 10000010 00001010,10101000 10100000 10001010 00000000,28.1,274.25,27.35,88.0,4572.0,1565.0
2022-06-23 18:06:55.563059,28.1,279.9,23.1,279.9,93,100,0.0,27.37,154.3,29.5,3.414,3.426,27,29,560,558,00000000 10101000 10000010 00001010,10101000 10100000 10001010 00000000,28.1,274.25,27.35,88.0,4630.0,1590.0
2022-06-23 18:06:56.566389,28.1,279.9,23.1,279.9,93,100,0.0,27.37,156.5,29.5,3.414,3.426,27,29,560,558,00000000 10101000 10000010 00001010,10101000 10100000 10001010 00000000,28.1,274.25,27.35,88.0,4718.0,1615.0
2022-06-23 18:06:57.568784,28.1,279.9,23.1,279.9,93,100,0.0,27.37,158.4,29.5,3.417,3.429,27,29,560,558,00000000 10101000 10000010 00001010,10101000 10100000 10001010 00000000,28.1,274.25,27.35,88.0,4791.0,1645.0
2022-06-23 18:06:58.572261,28.1,279.9,23.1,279.9,93,100,0.0,27.37,158.4,29.5,3.417,3.429,27,29,560,558,00000000 10101000 10000010 00001010,10101000 10100000 10001010 00000000,28.1,274.25,27.4,88.0,4894.0,1675.0
2022-06-23 18:06:59.575812,28.1,279.9,23.1,279.9,93,100,0.0,27.37,158.4,29.5,3.417,3.429,27,29,560,558,00000000 10101000 10000010 00001010,10101000 10100000 10001010 00000000,28.1,274.25,27.35,88.0,4967.0,1705.0
2022-06-23 18:07:00.579154,28.1,279.9,23.1,279.9,93,100,0.0,27.38,160.2,29.5,3.419,3.429,27,29,560,558,00000000 10101000 10000010 00001010,10101000 10100000 10001010 00000000,28.1,274.25,27.35,88.0,5055.0,1730.0
2022-06-23 18:07:01.582661,28.1,279.9,23.1,279.9,93,100,0.0,27.38,161.9,29.5,3.419,3.429,27,29,560,558,00000000 10101000 10000010 00001010,10101000 10100000 10001010 00000000,28.1,274.25,27.35,88.0,5114.0,1745.0
2022-06-23 18:07:02.590079,28.1,279.9,23.1,279.9,93,100,0.0,27.38,161.9,29.5,3.419,3.429,27,29,560,558,00000000 10101000 10000010 00001010,10101000 10100000 10001010 00000000,28.1,274.25,27.4,89.0,5143.0,1760.0
2022-06-23 18:07:03.592805,28.1,279.9,23.1,279.9,93,100,0.0,27.38,163.1,29.5,3.419,3.429,27,29,560,558,00000000 10101000 10000010 00001010,10101000 10100000 10001010 00000000,28.1,274.25,27.35,88.0,5202.0,1775.0
2022-06-23 18:07:04.595535,28.1,279.9,23.1,279.9,93,100,0.0,27.39,163.8,29.5,3.42,3.432,27,29,560,558,00000000 10101000 10000010 00001010,10101000 10100000 10001010 00000000,28.1,274.25,27.35,88.0,5216.0,1780.0
2022-06-23 18:07:05.598838,28.1,279.9,23.1,279.9,93,100,0.0,27.4,164.3,29.5,3.42,3.432,27,29,560,558,00000000 10101000 10000010 00001010,10101000 10100000 10001010 00000000,28.1,274.25,27.4,88.0,5231.0,1785.0
2022-06-23 18:07:06.602223,28.1,279.9,23.1,279.9,93,100,0.0,27.4,164.5,29.5,3.42,3.432,27,29,560,558,00000000 10101000 10000010 00001010,10101000 10100000 10001010 00000000,28.1,274.25,27.4,88.0,5231.0,1785.0
2022-06-23 18:07:07.605291,28.1,279.9,23.1,279.9,93,100,0.0,27.4,164.5,29.5,3.42,3.432,27,29,560,558,00000000 10101000 10000010 00001010,10101000 10100000 10001010 00000000,28.1,274.25,27.35,88.0,5231.0,1785.0
2022-06-23 18:07:08.607936,28.1,279.9,23.1,279.9,93,100,0.0,27.4,164.5,29.5,3.42,3.432,27,29,560,558,00000000 10101000 10000010 00001010,10101000 10100000 10001010 00000000,28.1,274.25,27.4,89.0,5231.0,1785.0
2022-06-23 18:07:09.610896,28.1,279.9,23.1,279.9,93,100,0.0,27.4,164.5,29.5,3.42,3.432,27,29,560,558,00000000 10101000 10000010 00001010,10101000 10100000 10001010 00000000,28.1,274.25,27.4,88.0,5231.0,1785.0
2022-06-23 18:07:10.614302,28.1,279.9,23.1,279.9,93,100,0.0,27.4,164.4,29.5,3.42,3.432,27,29,560,558,00000000 10101000 10000010 00001010,10101000 10100000 10001010 00000000,28.1,274.25,27.35,89.0,5231.0,1785.0
2022-06-23 18:07:11.617750,28.1,279.9,23.1,279.9,93,100,0.0,27.4,164.4,29.5,3.42,3.432,27,29,560,558,00000000 10101000 10000010 00001010,10101000 10100000 10001010 00000000,28.1,274.25,27.35,89.0,5231.0,1785.0
2022-06-23 18:07:12.620767,28.1,279.9,23.1,279.9,93,100,0.0,27.4,164.4,29.5,3.42,3.432,27,29,560,558,00000000 10101000 10000010 00001010,10101000 10100000 10001010 00000000,28.1,274.25,27.4,89.0,5231.0,1785.0
2022-06-23 18:07:13.624502,28.1,279.9,23.1,279.9,93,100,0.0,27.4,164.3,29.5,3.42,3.432,27,29,560,558,00000000 10101000 10000010 00001010,10101000 10100000 10001010 00000000,28.1,274.25,27.4,89.0,5231.0,1785.0
2022-06-23 18:07:14.627762,28.1,279.9,23.1,279.9,93,100,0.0,27.4,164.3,29.5,3.42,3.432,27,29,560,558,00000000 10101000 10000010 00001010,10101000 10100000 10001010 00000000,28.1,274.25,27.4,88.0,5246.0,1790.0
2022-06-23 18:07:15.630529,28.1,279.9,23.1,279.9,93,100,0.0,27.4,164.3,29.5,3.42,3.432,27,29,560,558,00000000 10101000 10000010 00001010,10101000 10100000 10001010 00000000,28.1,274.25,27.4,89.0,5246.0,1790.0
2022-06-23 18:07:16.633008,28.1,279.9,23.1,279.9,93,100,0.0,27.4,164.2,29.5,3.42,3.432,27,29,560,558,00000000 10101000 10000010 00001010,10101000 10100000 10001010 00000000,28.1,274.25,27.4,89.0,5246.0,1790.0
2022-06-23 18:07:17.636177,28.1,279.9,23.1,279.9,93,100,0.0,27.4,163.7,29.5,3.42,3.432,27,29,560,558,00000000 10101000 10000010 00001010,10101000 10100000 10001010 00000000,28.1,274.25,27.35,89.0,5246.0,1790.0
2022-06-23 18:07:18.638700,28.1,279.9,23.1,279.9,93,100,0.0,27.4,163.0,29.5,3.42,3.432,27,29,560,558,00000000 10101000 10000010 00001010,10101000 10100000 10001010 00000000,28.1,274.25,27.35,89.0,5246.0,1790.0
2022-06-23 18:07:19.642029,28.1,279.9,23.1,279.9,93,100,0.0,27.4,163.0,29.5,3.42,3.432,27,29,560,558,00000000 10101000 10000010 00001010,10101000 10100000 10001010 00000000,28.1,274.25,27.35,89.0,5231.0,1780.0
2022-06-23 18:07:20.645006,28.1,279.9,23.1,279.9,93,100,0.0,27.4,162.2,29.5,3.42,3.432,27,29,560,558,00000000 10101000 10000010 00001010,10101000 10100000 10001010 00000000,28.1,274.25,27.4,89.0,5187.0,1770.0
2022-06-23 18:07:21.648197,28.1,279.9,23.1,279.9,93,100,0.0,27.4,162.2,29.5,3.42,3.432,27,29,560,558,00000000 10101000 10000010 00001010,10101000 10100000 10001010 00000000,28.1,274.25,27.35,89.0,5143.0,1750.0
2022-06-23 18:07:22.651738,28.1,279.9,23.1,279.9,93,100,0.0,27.4,161.2,29.5,3.42,3.432,27,29,560,558,00000000 10101000 10000010 00001010,10101000 10100000 10001010 00000000,28.1,274.25,27.4,89.0,5099.0,1735.0
2022-06-23 18:07:23.654722,28.1,279.9,23.1,279.9,93,100,0.0,27.4,160.2,29.5,3.42,3.432,27,29,560,558,00000000 10101000 10000010 00001010,10101000 10100000 10001010 00000000,28.1,274.25,27.35,89.0,5055.0,1725.0
2022-06-23 18:07:24.658027,28.1,279.9,23.1,279.9,93,100,0.0,27.4,159.5,29.5,3.42,3.432,27,29,560,558,00000000 10101000 10000010 00001010,10101000 10100000 10001010 00000000,28.1,274.25,27.4,89.0,5026.0,1715.0
2022-06-23 18:07:25.661453,28.1,279.9,23.1,279.9,93,100,0.0,27.4,159.5,29.5,3.42,3.432,27,29,560,558,00000000 10101000 10000010 00001010,10101000 10100000 10001010 00000000,28.1,274.25,27.35,89.0,5011.0,1710.0
2022-06-23 18:07:26.665032,28.1,279.9,23.1,279.9,93,100,0.0,27.39,159.1,29.5,3.42,3.432,27,29,560,558,00000000 10101000 10000010 00001010,10101000 10100000 10001010 00000000,28.1,274.25,27.35,89.0,5011.0,1710.0
2022-06-23 18:07:27.667977,28.1,279.9,23.1,279.9,93,100,0.0,27.4,159.3,29.5,3.42,3.432,27,29,560,558,00000000 10101000 10000010 00001010,10101000 10100000 10001010 00000000,28.1,274.25,27.35,89.0,5011.0,1710.0
2022-06-23 18:07:28.670424,28.1,279.9,23.1,279.9,93,100,0.0,27.4,159.6,29.5,3.42,3.432,27,29,560,558,00000000 10101000 10000010 00001010,10101000 10100000 10001010 00000000,28.1,274.25,27.4,89.0,5011.0,1710.0
2022-06-23 18:07:29.673389,28.1,279.9,23.1,279.9,94,100,0.0,27.4,159.6,29.5,3.42,3.432,27,29,560,558,00000000 10101000 10000010 00001010,10101000 10100000 10001010 00000000,28.1,274.25,27.35,89.0,5011.0,1710.0
2022-06-23 18:07:30.676647,28.1,279.9,23.1,279.9,94,100,0.0,27.4,159.9,29.5,3.42,3.432,27,29,560,558,00000000 10101000 10000010 00001010,10101000 10100000 10001010 00000000,28.1,274.25,27.35,89.0,5011.0,1710.0
2022-06-23 18:07:31.679979,28.1,279.9,23.1,279.9,94,100,0.0,27.4,160.1,29.5,3.42,3.432,27,29,560,558,00000000 10101000 10000010 00001010,10101000 10100000 10001010 00000000,28.1,274.25,27.4,89.0,5011.0,1710.0
2022-06-23 18:07:32.683306,28.1,279.9,23.1,279.9,94,100,0.0,27.4,160.1,29.5,3.42,3.432,27,29,560,558,00000000 10101000 10000010 00001010,10101000 10100000 10001010 00000000,28.1,274.25,27.4,89.0,5011.0,1710.0
2022-06-23 18:07:33.686204,28.1,279.9,23.1,279.9,94,100,0.0,27.4,160.2,29.5,3.42,3.432,27,29,560,558,00000000 10101000 10000010 00001010,10101000 10100000 10001010 00000000,28.1,274.25,27.35,89.0,5011.0,1710.0
2022-06-23 18:07:34.689500,28.1,279.9,23.1,279.9,94,100,0.0,27.4,160.2,29.5,3.42,3.432,27,29,560,558,00000000 10101000 10000010 00001010,10101000 10100000 10001010 00000000,28.1,274.25,27.35,89.0,5011.0,1710.0
2022-06-23 18:07:35.692854,28.1,279.9,23.1,279.9,94,100,0.0,27.4,160.2,29.5,3.42,3.432,27,29,560,558,00000000 10101000 10000010 00001010,10101000 10100000 10001010 00000000,28.1,274.25,27.4,89.0,5011.0,1710.0
2022-06-23 18:07:36.696184,28.1,279.9,23.1,279.9,94,100,0.0,27.4,159.9,29.5,3.42,3.432,27,29,560,558,00000000 10101000 10000010 00001010,10101000 10100000 10001010 00000000,28.1,274.25,27.4,89.0,5011.0,1710.0
2022-06-23 18:07:37.699251,28.1,279.9,23.1,279.9,94,100,0.0,27.4,159.9,29.5,3.42,3.432,27,29,560,558,00000000 10101000 10000010 00001010,10101000 10100000 10001010 00000000,28.1,274.25,27.35,89.0,5011.0,1710.0
2022-06-23 18:07:38.702324,28.1,279.9,23.1,279.9,94,100,0.0,27.4,159.6,29.5,3.42,3.432,27,29,560,558,00000000 10101000 10000010 00001010,10101000 10100000 10001010 00000000,28.1,274.25,27.4,89.0,5011.0,1710.0
2022-06-23 18:07:39.705509,28.1,279.9,23.1,279.9,94,100,0.0,27.4,159.4,29.5,3.42,3.432,27,29,560,558,00000000 10101000 10000010 00001010,10101000 10100000 10001010 00000000,28.1,274.25,27.4,89.0,5011.0,1710.0
2022-06-23 18:07:40.708053,28.1,279.9,23.1,279.9,94,100,0.0,27.4,159.5,29.5,3.42,3.432,27,29,560,558,00000000 10101000 10000010 00001010,10101000 10100000 10001010 00000000,28.1,274.25,27.35,89.0,4996.0,1705.0
2022-06-23 18:07:41.710588,28.1,279.9,23.1,279.9,94,100,0.0,27.4,159.5,29.5,3.42,3.432,27,29,560,558,00000000 10101000 10000010 00001010,10101000 10100000 10001010 00000000,28.1,274.25,27.35,89.0,4996.0,1705.0
2022-06-23 18:07:42.713578,28.1,279.9,23.1,279.9,94,100,0.0,27.4,159.5,29.5,3.42,3.432,27,29,560,558,00000000 10101000 10000010 00001010,10101000 10100000 10001010 00000000,28.1,274.25,27.4,89.0,4996.0,1705.0
2022-06-23 18:07:43.716572,28.1,279.9,23.1,279.9,94,100,0.0,27.4,159.6,29.5,3.42,3.432,27,29,560,558,00000000 10101000 10000010 00001010,10101000 10100000 10001010 00000000,28.1,274.25,27.4,89.0,4996.0,1705.0
2022-06-23 18:07:44.718808,28.1,279.9,23.1,279.9,94,100,0.0,27.4,160.1,29.5,3.42,3.432,27,29,560,558,00000000 10101000 10000010 00001010,10101000 10100000 10001010 00000000,28.1,274.25,27.45,89.0,4996.0,1705.0
2022-06-23 18:07:45.722047,28.1,279.9,23.1,279.9,94,100,0.0,27.4,160.8,29.5,3.42,3.432,27,29,560,558,00000000 10101000 10000010 00001010,10101000 10100000 10001010 00000000,28.1,274.25,27.4,89.0,4996.0,1705.0
2022-06-23 18:07:46.724950,28.1,279.9,23.1,279.9,94,100,0.0,27.4,160.8,29.5,3.42,3.432,27,29,560,558,00000000 10101000 10000010 00001010,10101000 10100000 10001010 00000000,28.1,274.25,27.35,89.0,5011.0,1715.0
2022-06-23 18:07:47.727577,28.1,279.9,23.1,279.9,94,100,0.0,27.4,161.4,29.5,3.42,3.432,27,29,560,558,00000000 10101000 10000010 00001010,10101000 10100000 10001010 00000000,28.1,274.25,27.35,89.0,5040.0,1725.0
2022-06-23 18:07:48.731514,28.1,279.9,23.1,279.9,94,100,0.0,27.41,162.1,29.5,3.42,3.432,27,29,560,558,00000000 10101000 10000010 00001010,10101000 10100000 10001010 00000000,28.1,274.25,27.4,89.0,5055.0,1730.0
2022-06-23 18:07:49.734232,28.1,279.9,23.1,279.9,94,100,0.0,27.41,162.4,29.5,3.42,3.432,27,29,560,558,00000000 10101000 10000010 00001010,10101000 10100000 10001010 00000000,28.1,274.25,27.4,89.0,5070.0,1735.0
2022-06-23 18:07:50.738452,28.1,279.9,23.1,279.9,94,100,0.0,27.41,162.4,29.5,3.422,3.435,27,29,560,558,00000000 10101000 10000010 00001010,10101000 10100000 10001010 00000000,28.1,274.25,27.45,89.0,5084.0,1740.0
2022-06-23 18:07:51.741792,28.1,279.9,23.1,279.9,94,100,0.0,27.41,162.6,29.5,3.422,3.435,27,29,560,558,00000000 10101000 10000010 00001010,10101000 10100000 10001010 00000000,28.1,274.25,27.4,89.0,5099.0,1740.0
2022-06-23 18:07:52.745295,28.1,279.9,23.1,279.9,94,100,0.0,27.41,162.6,29.5,3.422,3.435,27,29,560,558,00000000 10101000 10000010 00001010,10101000 10100000 10001010 00000000,28.1,274.25,27.4,89.0,5099.0,1745.0
2022-06-23 18:07:53.748009,28.1,279.9,23.1,279.9,94,100,0.0,27.41,163.2,29.5,3.42,3.432,27,29,560,558,00000000 10101000 10000010 00001010,10101000 10100000 10001010 00000000,28.1,274.25,27.4,89.0,5128.0,1760.0
2022-06-23 18:07:54.750469,28.1,279.9,23.1,279.9,94,100,0.0,27.41,163.2,29.5,3.42,3.432,27,29,560,558,00000000 10101000 10000010 00001010,10101000 10100000 10001010 00000000,28.1,274.25,27.45,89.0,5158.0,1770.0
2022-06-23 18:07:55.753817,28.1,279.9,23.1,279.9,94,100,0.0,27.41,163.2,29.5,3.42,3.432,27,29,560,558,00000000 10101000 10000010 00001010,10101000 10100000 10001010 00000000,28.1,274.25,27.45,89.0,5202.0,1775.0
2022-06-23 18:07:56.757088,28.1,279.9,23.1,279.9,94,100,0.0,27.42,163.7,29.5,3.423,3.435,27,29,560,558,00000000 10101000 10000010 00001010,10101000 10100000 10001010 00000000,28.1,274.25,27.4,89.0,5216.0,1795.0
2022-06-23 18:07:57.760561,28.1,279.9,23.1,279.9,94,100,0.0,27.42,164.4,29.5,3.423,3.435,27,29,560,558,00000000 10101000 10000010 00001010,10101000 10100000 10001010 00000000,28.1,274.25,27.4,89.0,5260.0,1805.0
2022-06-23 18:07:58.764258,28.1,279.9,23.1,279.9,94,100,0.0,27.42,164.4,29.5,3.423,3.435,27,29,560,558,00000000 10101000 10000010 00001010,10101000 10100000 10001010 00000000,28.1,274.25,27.4,89.0,5304.0,1815.0
2022-06-23 18:07:59.767149,28.1,279.9,23.1,279.9,94,100,0.0,27.42,165.0,29.5,3.423,3.435,27,29,560,558,00000000 10101000 10000010 00001010,10101000 10100000 10001010 00000000,28.1,274.25,27.4,89.0,5319.0,1825.0
2022-06-23 18:08:00.770534,28.1,279.9,23.1,279.9,94,100,0.0,27.42,165.5,29.5,3.423,3.435,27,29,560,558,00000000 10101000 10000010 00001010,10101000 10100000 10001010 00000000,28.1,274.25,27.4,89.0,5348.0,1835.0
2022-06-23 18:08:01.773801,28.1,279.9,23.1,279.9,94,100,0.0,27.42,165.8,29.5,3.423,3.435,27,29,560,558,00000000 10101000 10000010 00001010,10101000 10100000 10001010 00000000,28.1,274.25,27.45,89.0,5377.0,1835.0
2022-06-23 18:08:02.776737,28.1,279.9,23.1,279.9,94,100,0.0,27.42,165.8,29.5,3.423,3.435,27,29,560,558,00000000 10101000 10000010 00001010,10101000 10100000 10001010 00000000,28.1,274.25,27.45,89.0,5377.0,1835.0
2022-06-23 18:08:03.780533,28.1,279.9,23.1,279.9,94,100,0.0,27.42,166.0,29.5,3.423,3.435,27,29,560,558,00000000 10101000 10000010 00001010,10101000 10100000 10001010 00000000,28.1,274.25,27.4,89.0,5392.0,1840.0
2022-06-23 18:08:04.783282,28.1,279.9,23.1,279.9,94,100,0.0,27.42,165.9,29.5,3.423,3.435,27,29,560,558,00000000 10101000 10000010 00001010,10101000 10100000 10001010 00000000,28.1,274.25,27.45,89.0,5392.0,1840.0
2022-06-23 18:08:05.786679,28.1,279.9,23.1,279.9,94,100,0.0,27.42,165.9,29.5,3.423,3.435,27,29,560,558,00000000 10101000 10000010 00001010,10101000 10100000 10001010 00000000,28.1,274.25,27.4,89.0,5392.0,1840.0
2022-06-23 18:08:06.790062,28.1,279.9,23.1,279.9,94,100,0.0,27.42,165.4,29.5,3.423,3.435,27,29,560,558,00000000 10101000 10000010 00001010,10101000 10100000 10001010 00000000,28.1,274.25,27.4,89.0,5392.0,1840.0
2022-06-23 18:08:07.793135,28.1,279.9,23.1,279.9,94,100,0.0,27.42,164.6,29.5,3.423,3.435,27,29,560,558,00000000 10101000 10000010 00001010,10101000 10100000 10001010 00000000,28.1,274.25,27.4,89.0,5392.0,1825.0
2022-06-23 18:08:08.796199,28.1,279.9,23.1,279.9,94,100,0.0,27.42,164.6,29.5,3.423,3.435,27,29,560,558,00000000 10101000 10000010 00001010,10101000 10100000 10001010 00000000,28.1,274.25,27.4,89.0,5334.0,1800.0
2022-06-23 18:08:09.799138,28.1,279.9,23.1,279.9,94,100,0.0,27.42,163.5,29.5,3.423,3.435,27,29,560,558,00000000 10101000 10000010 00001010,10101000 10100000 10001010 00000000,28.1,274.25,27.4,89.0,5260.0,1775.0
2022-06-23 18:08:10.801812,28.1,279.9,23.1,279.9,94,100,0.0,27.42,163.5,29.5,3.423,3.435,27,29,560,558,00000000 10101000 10000010 00001010,10101000 10100000 10001010 00000000,28.1,274.25,27.4,89.0,5187.0,1755.0
2022-06-23 18:08:11.805102,28.1,279.9,23.1,279.9,94,100,0.0,27.41,161.9,29.5,3.423,3.435,27,29,560,558,00000000 10101000 10000010 00001010,10101000 10100000 10001010 00000000,28.1,274.25,27.4,89.0,5114.0,1735.0
2022-06-23 18:08:12.808453,28.1,279.9,23.1,279.9,94,100,0.0,27.41,160.2,29.5,3.423,3.435,27,29,560,558,00000000 10101000 10000010 00001010,10101000 10100000 10001010 00000000,28.1,274.25,27.4,89.0,5055.0,1705.0
2022-06-23 18:08:13.811936,28.1,279.9,23.1,279.9,94,100,0.0,27.41,159.2,29.5,3.42,3.432,27,29,560,558,00000000 10101000 10000010 00001010,10101000 10100000 10001010 00000000,28.1,274.25,27.4,89.0,4982.0,1680.0
2022-06-23 18:08:14.814865,28.1,279.9,23.1,279.9,94,100,0.0,27.41,159.2,29.5,3.42,3.432,27,29,560,558,00000000 10101000 10000010 00001010,10101000 10100000 10001010 00000000,28.1,274.25,27.4,89.0,4909.0,1660.0
2022-06-23 18:08:15.817530,28.1,279.9,23.1,279.9,94,100,0.0,27.4,157.4,29.5,3.42,3.432,27,29,560,558,00000000 10101000 10000010 00001010,10101000 10100000 10001010 00000000,28.1,274.25,27.4,89.0,4835.0,1635.0
2022-06-23 18:08:16.821274,28.1,279.9,23.1,279.9,94,100,0.0,27.4,155.7,29.5,3.42,3.432,27,29,560,558,00000000 10101000 10000010 00001010,10101000 10100000 10001010 00000000,28.1,274.25,27.35,89.0,4777.0,1615.0
2022-06-23 18:08:17.825214,28.1,279.9,23.1,279.9,94,100,0.0,27.4,153.9,29.5,3.42,3.432,27,29,560,558,00000000 10101000 10000010 00001010,10101000 10100000 10001010 00000000,28.1,274.25,27.35,89.0,4718.0,1590.0
2022-06-23 18:08:18.828521,28.1,279.9,23.1,279.9,94,100,0.0,27.4,153.9,29.5,3.42,3.432,27,29,560,558,00000000 10101000 10000010 00001010,10101000 10100000 10001010 00000000,28.1,274.25,27.35,89.0,4659.0,1570.0
2022-06-23 18:08:19.831195,28.1,279.9,23.1,279.9,94,100,0.0,27.39,152.0,29.5,3.42,3.432,27,29,560,558,00000000 10101000 10000010 00001010,10101000 10100000 10001010 00000000,28.1,274.25,27.35,89.0,4586.0,1550.0
2022-06-23 18:08:20.833968,28.1,279.9,23.1,279.9,94,100,0.0,27.4,150.6,29.5,3.42,3.432,27,29,560,558,00000000 10101000 10000010 00001010,10101000 10100000 10001010 00000000,28.1,274.25,27.4,89.0,4513.0,1555.0
2022-06-23 18:08:21.838333,28.1,279.9,23.1,279.9,94,100,0.0,27.4,150.6,29.5,3.42,3.432,27,29,560,558,00000000 10101000 10000010 00001010,10101000 10100000 10001010 00000000,28.1,274.25,27.4,89.0,4557.0,1650.0
2022-06-23 18:08:22.842415,28.1,279.9,23.1,279.9,94,100,0.0,27.43,160.4,29.5,3.423,3.435,27,29,560,558,00000000 10101000 10000010 00001010,10101000 10100000 10001010 00000000,28.1,274.25,27.4,89.0,5026.0,1855.0
2022-06-23 18:08:23.846249,28.1,279.9,23.1,279.9,94,100,0.0,27.43,160.4,29.5,3.423,3.435,27,29,560,558,00000000 10101000 10000010 00001010,10101000 10100000 10001010 00000000,28.1,274.25,27.45,89.0,5597.0,2030.0
2022-06-23 18:08:24.853494,28.1,279.9,23.1,279.9,94,100,0.0,27.44,172.6,29.5,3.423,3.435,27,29,560,558,00000000 10101000 10000010 00001010,10101000 10100000 10001010 00000000,28.1,274.25,27.5,90.0,6257.0,2320.0
2022-06-23 18:08:25.856736,28.1,279.9,23.1,279.9,94,100,0.0,27.46,179.1,29.5,3.423,3.435,27,29,560,558,00000000 10101000 10000010 00001010,10101000 10100000 10001010 00000000,28.1,274.25,27.5,90.0,6975.0,2510.0
2022-06-23 18:08:26.859619,28.1,279.9,23.1,279.9,94,100,0.0,27.46,179.1,29.5,3.426,3.441,27,29,560,558,00000000 10101000 10000010 00001010,10101000 10100000 10001010 00000000,28.1,274.25,27.45,89.0,7429.0,2630.0
2022-06-23 18:08:27.862823,28.1,279.9,23.1,279.9,94,100,0.0,27.47,180.7,29.5,3.426,3.441,27,29,560,558,00000000 10101000 10000010 00001010,10101000 10100000 10001010 00000000,28.1,274.25,27.45,89.0,7825.0,2740.0
2022-06-23 18:08:28.865669,28.1,279.9,23.1,279.9,94,100,0.0,27.47,181.8,29.5,3.426,3.441,27,29,560,558,00000000 10101000 10000010 00001010,10101000 10100000 10001010 00000000,28.1,274.25,27.45,89.0,8103.0,2815.0
2022-06-23 18:08:29.868951,28.1,279.9,23.1,279.9,94,100,0.0,27.47,182.6,29.5,3.429,3.441,27,29,560,558,00000000 10101000 10000010 00001010,10101000 10100000 10001010 00000000,28.1,274.25,27.5,89.0,8294.0,2775.0
2022-06-23 18:08:30.871237,28.1,279.9,23.1,279.9,94,100,0.0,27.47,182.6,29.5,3.429,3.441,27,29,560,558,00000000 10101000 10000010 00001010,10101000 10100000 10001010 00000000,28.1,274.25,27.45,89.0,8030.0,2650.0
2022-06-23 18:08:31.873966,28.1,279.9,23.1,279.9,94,100,0.0,27.47,179.4,29.5,3.429,3.441,27,29,560,558,00000000 10101000 10000010 00001010,10101000 10100000 10001010 00000000,28.1,274.25,27.5,89.0,7707.0,2600.0
2022-06-23 18:08:32.876457,28.1,279.9,23.1,279.9,94,100,0.0,27.47,179.8,29.5,3.429,3.441,27,29,560,558,00000000 10101000 10000010 00001010,10101000 10100000 10001010 00000000,28.1,274.25,27.45,89.0,7620.0,2600.0
2022-06-23 18:08:33.879343,28.1,279.9,23.1,279.9,94,100,0.0,27.47,179.8,29.5,3.429,3.441,27,29,560,558,00000000 10101000 10000010 00001010,10101000 10100000 10001010 00000000,28.1,274.25,27.45,89.0,7620.0,2425.0
2022-06-23 18:08:34.882539,28.1,279.9,23.1,279.9,94,100,0.0,27.47,179.8,29.5,3.429,3.441,27,29,560,558,00000000 10101000 10000010 00001010,10101000 10100000 10001010 00000000,28.1,274.25,27.45,89.0,6960.0,2270.0
2022-06-23 18:08:35.885510,28.1,279.9,23.1,279.9,94,100,0.0,27.45,172.0,29.5,3.426,3.441,27,29,560,558,00000000 10101000 10000010 00001010,10101000 10100000 10001010 00000000,28.1,274.25,27.45,89.0,6564.0,2180.0
2022-06-23 18:08:36.888865,28.1,279.9,23.1,279.9,94,100,0.0,27.45,172.0,29.5,3.426,3.441,27,29,560,558,00000000 10101000 10000010 00001010,10101000 10100000 10001010 00000000,28.1,274.25,27.45,89.0,6345.0,2110.0
2022-06-23 18:08:37.891729,28.1,279.9,23.1,279.9,94,100,0.0,27.44,171.6,29.5,3.426,3.441,27,29,560,558,00000000 10101000 10000010 00001010,10101000 10100000 10001010 00000000,28.1,274.25,27.4,89.0,6139.0,2025.0
2022-06-23 18:08:38.895082,28.1,279.9,23.1,279.9,94,100,0.0,27.44,167.1,29.5,3.426,3.441,27,29,560,558,00000000 10101000 10000010 00001010,10101000 10100000 10001010 00000000,28.1,274.25,27.4,89.0,5876.0,1970.0
2022-06-23 18:08:39.898321,28.1,279.9,23.1,279.9,94,100,0.0,27.44,167.1,29.5,3.426,3.438,27,29,560,558,00000000 10101000 10000010 00001010,10101000 10100000 10001010 00000000,28.1,274.25,27.4,89.0,5744.0,1930.0
2022-06-23 18:08:40.901329,28.1,279.9,23.1,279.9,94,100,0.0,27.44,167.0,29.5,3.426,3.438,27,29,560,558,00000000 10101000 10000010 00001010,10101000 10100000 10001010 00000000,28.1,274.25,27.4,89.0,5641.0,1925.0
2022-06-23 18:08:41.904808,28.1,279.9,23.1,279.9,94,100,0.0,27.44,166.9,29.5,3.426,3.438,27,29,560,558,00000000 10101000 10000010 00001010,10101000 10100000 10001010 00000000,28.1,274.25,27.45,89.0,5641.0,1915.0
2022-06-23 18:08:42.908482,28.1,279.9,23.1,279.9,94,100,0.0,27.44,166.9,29.5,3.426,3.438,27,29,560,558,00000000 10101000 10000010 00001010,10101000 10100000 10001010 00000000,28.1,274.25,27.4,89.0,5612.0,1915.0
2022-06-23 18:08:43.911963,28.1,279.9,23.1,279.9,94,100,0.0,27.44,167.0,29.5,3.426,3.438,27,29,560,558,00000000 10101000 10000010 00001010,10101000 10100000 10001010 00000000,28.1,274.25,27.45,89.0,5612.0,1915.0
2022-06-23 18:08:44.914686,28.1,279.9,23.1,279.9,94,100,0.0,27.44,167.2,29.5,3.426,3.438,27,29,560,558,00000000 10101000 10000010 00001010,10101000 10100000 10001010 00000000,28.1,274.25,27.45,89.0,5612.0,1915.0
2022-06-23 18:08:45.918602,28.1,279.9,23.1,279.9,94,100,0.0,27.44,167.3,29.5,3.426,3.438,27,29,560,558,00000000 10101000 10000010 00001010,10101000 10100000 10001010 00000000,28.1,274.25,27.4,89.0,5612.0,1915.0
2022-06-23 18:08:46.920868,28.1,279.9,23.1,279.9,94,100,0.0,27.44,167.3,29.5,3.426,3.438,27,29,560,558,00000000 10101000 10000010 00001010,10101000 10100000 10001010 00000000,28.1,274.25,27.4,89.0,5612.0,1915.0
2022-06-23 18:08:47.924314,28.1,279.9,23.1,279.9,94,100,0.0,27.44,167.3,29.5,3.426,3.438,27,29,560,558,00000000 10101000 10000010 00001010,10101000 10100000 10001010 00000000,28.1,274.25,27.45,89.0,5612.0,1915.0
2022-06-23 18:08:48.927969,28.1,279.9,23.1,279.9,94,100,0.0,27.44,167.3,29.5,3.426,3.438,27,29,560,558,00000000 10101000 10000010 00001010,10101000 10100000 10001010 00000000,28.1,274.25,27.4,89.0,5612.0,1915.0
2022-06-23 18:08:49.931750,28.1,279.9,23.1,279.9,94,100,0.0,27.44,167.3,29.5,3.426,3.438,27,29,560,558,00000000 10101000 10000010 00001010,10101000 10100000 10001010 00000000,28.1,274.25,27.45,89.0,5612.0,1915.0
2022-06-23 18:08:50.935506,28.1,279.9,23.1,279.9,94,100,0.0,27.44,167.3,29.5,3.426,3.438,27,29,560,558,00000000 10101000 10000010 00001010,10101000 10100000 10001010 00000000,28.1,274.25,27.4,89.0,5612.0,1915.0
2022-06-23 18:08:51.938988,28.1,279.9,23.1,279.9,94,100,0.0,27.44,167.3,29.5,3.426,3.438,27,29,560,558,00000000 10101000 10000010 00001010,10101000 10100000 10001010 00000000,28.1,274.25,27.45,89.0,5612.0,1915.0
2022-06-23 18:08:52.942631,28.1,279.9,23.1,279.9,94,100,0.0,27.44,167.2,29.5,3.426,3.438,27,29,560,558,00000000 10101000 10000010 00001010,10101000 10100000 10001010 00000000,28.1,274.25,27.45,89.0,5612.0,1915.0
2022-06-23 18:08:53.946299,28.1,279.9,23.1,279.9,94,100,0.0,27.45,167.1,29.5,3.426,3.438,27,29,560,558,00000000 10101000 10000010 00001010,10101000 10100000 10001010 00000000,28.1,274.25,27.45,89.0,5612.0,1915.0
2022-06-23 18:08:54.949793,28.1,279.9,23.1,279.9,94,100,0.0,27.44,167.1,29.5,3.426,3.438,27,29,560,558,00000000 10101000 10000010 00001010,10101000 10100000 10001010 00000000,28.1,274.25,27.45,89.0,5612.0,1915.0
2022-06-23 18:08:55.953275,28.1,279.9,23.1,279.9,94,100,0.0,27.44,167.1,29.5,3.426,3.438,27,29,560,558,00000000 10101000 10000010 00001010,10101000 10100000 10001010 00000000,28.1,274.25,27.45,89.0,5612.0,1915.0
2022-06-23 18:08:56.955529,28.1,279.9,23.1,279.9,94,100,0.0,27.44,167.0,29.5,3.426,3.438,27,29,560,558,00000000 10101000 10000010 00001010,10101000 10100000 10001010 00000000,28.1,274.25,27.4,89.0,5612.0,1915.0
2022-06-23 18:08:57.958217,28.1,279.9,23.1,279.9,94,100,0.0,27.44,166.8,29.5,3.426,3.438,27,29,560,558,00000000 10101000 10000010 00001010,10101000 10100000 10001010 00000000,28.1,274.25,27.4,89.0,5612.0,1910.0
2022-06-23 18:08:58.961098,28.1,279.9,23.1,279.9,94,100,0.0,27.44,166.8,29.5,3.426,3.438,27,29,560,558,00000000 10101000 10000010 00001010,10101000 10100000 10001010 00000000,28.1,274.25,27.45,89.0,5597.0,1905.0
2022-06-23 18:08:59.964349,28.1,279.9,23.1,279.9,94,100,0.0,27.44,166.6,29.5,3.426,3.438,27,29,560,558,00000000 10101000 10000010 00001010,10101000 10100000 10001010 00000000,28.1,274.25,27.45,89.0,5583.0,1905.0
2022-06-23 18:09:00.967741,28.1,279.9,23.1,279.9,94,100,0.0,27.44,166.6,29.5,3.426,3.438,27,29,560,558,00000000 10101000 10000010 00001010,10101000 10100000 10001010 00000000,28.1,274.25,27.45,89.0,5583.0,1900.0
2022-06-23 18:09:01.970622,28.1,279.9,23.1,279.9,94,100,0.0,27.44,166.5,29.5,3.426,3.438,27,29,560,558,00000000 10101000 10000010 00001010,10101000 10100000 10001010 00000000,28.1,274.25,27.45,89.0,5568.0,1895.0
2022-06-23 18:09:02.974114,28.1,279.9,23.1,279.9,94,100,0.0,27.44,166.3,29.5,3.426,3.438,27,29,560,558,00000000 10101000 10000010 00001010,10101000 10100000 10001010 00000000,28.1,274.25,27.4,89.0,5539.0,1890.0
2022-06-23 18:09:03.977459,28.1,279.9,23.1,279.9,94,100,0.0,27.44,166.3,29.5,3.426,3.438,27,29,560,558,00000000 10101000 10000010 00001010,10101000 10100000 10001010 00000000,28.1,274.25,27.4,89.0,5539.0,1890.0
2022-06-23 18:09:04.980807,28.1,279.9,23.1,279.9,94,100,0.0,27.44,166.3,29.5,3.426,3.438,27,29,560,558,00000000 10101000 10000010 00001010,10101000 10100000 10001010 00000000,28.1,274.25,27.4,89.0,5524.0,1885.0
2022-06-23 18:09:05.983823,28.1,279.9,23.1,279.9,94,100,0.0,27.44,166.4,29.5,3.426,3.438,27,29,560,558,00000000 10101000 10000010 00001010,10101000 10100000 10001010 00000000,28.1,274.25,27.45,89.0,5524.0,1885.0
2022-06-23 18:09:06.986698,28.1,279.9,23.1,279.9,94,100,0.0,27.44,166.4,29.5,3.426,3.438,27,29,560,558,00000000 10101000 10000010 00001010,10101000 10100000 10001010 00000000,28.1,274.25,27.45,89.0,5524.0,1885.0
2022-06-23 18:09:07.989574,28.1,279.9,23.1,279.9,94,100,0.0,27.44,166.7,29.5,3.426,3.438,27,29,560,558,00000000 10101000 10000010 00001010,10101000 10100000 10001010 00000000,28.1,274.25,27.45,89.0,5524.0,1885.0
2022-06-23 18:09:08.992767,28.1,279.9,23.1,279.9,94,100,0.0,27.44,167.0,29.5,3.426,3.438,27,29,560,558,00000000 10101000 10000010 00001010,10101000 10100000 10001010 00000000,28.1,274.25,27.45,89.0,5524.0,1885.0
2022-06-23 18:09:09.995745,28.1,279.9,23.1,279.9,94,100,0.0,27.44,167.3,29.5,3.426,3.438,27,29,560,558,00000000 10101000 10000010 00001010,10101000 10100000 10001010 00000000,28.1,274.25,27.45,89.0,5524.0,1885.0
2022-06-23 18:09:10.998285,28.1,279.9,23.1,279.9,94,100,0.0,27.44,167.3,29.5,3.426,3.438,27,29,560,558,00000000 10101000 10000010 00001010,10101000 10100000 10001010 00000000,28.1,274.25,27.45,89.0,5524.0,1885.0
2022-06-23 18:09:12.001032,28.1,279.9,23.1,279.9,94,100,0.0,27.44,167.3,29.5,3.426,3.438,27,29,560,558,00000000 10101000 10000010 00001010,10101000 10100000 10001010 00000000,28.1,274.25,27.45,89.0,5553.0,1890.0
2022-06-23 18:09:13.004360,28.1,279.9,23.1,279.9,94,100,0.0,27.45,167.4,29.5,3.426,3.438,27,29,560,558,00000000 10101000 10000010 00001010,10101000 10100000 10001010 00000000,28.1,274.25,27.4,89.0,5583.0,1905.0
2022-06-23 18:09:14.007337,28.1,279.9,23.1,279.9,94,100,0.0,27.46,168.2,29.5,3.426,3.438,27,29,560,558,00000000 10101000 10000010 00001010,10101000 10100000 10001010 00000000,28.1,274.25,27.45,89.0,5656.0,1920.0
2022-06-23 18:09:15.010541,28.1,279.9,23.1,279.9,94,100,0.0,27.46,168.2,29.5,3.426,3.441,27,29,560,558,00000000 10101000 10000010 00001010,10101000 10100000 10001010 00000000,28.1,274.25,27.45,89.0,5744.0,1955.0
2022-06-23 18:09:16.013896,28.1,279.9,23.1,279.9,94,100,0.0,27.46,169.2,29.5,3.426,3.441,27,29,560,558,00000000 10101000 10000010 00001010,10101000 10100000 10001010 00000000,28.1,274.25,27.45,89.0,5817.0,1980.0
2022-06-23 18:09:17.016909,28.1,279.9,23.1,279.9,94,100,0.0,27.46,169.2,29.5,3.426,3.441,27,29,560,558,00000000 10101000 10000010 00001010,10101000 10100000 10001010 00000000,28.1,274.25,27.45,89.0,5890.0,2005.0
2022-06-23 18:09:18.019671,28.1,279.9,23.1,279.9,94,100,0.0,27.46,170.2,29.5,3.428,3.441,27,29,560,558,00000000 10101000 10000010 00001010,10101000 10100000 10001010 00000000,28.1,274.25,27.45,89.0,5920.0,2020.0
2022-06-23 18:09:19.023370,28.1,279.9,23.1,279.9,94,100,0.0,27.46,170.2,29.5,3.428,3.441,27,29,560,558,00000000 10101000 10000010 00001010,10101000 10100000 10001010 00000000,28.1,274.25,27.5,89.0,5949.0,2030.0
2022-06-23 18:09:20.026754,28.1,279.9,23.1,279.9,94,100,0.0,27.47,170.8,29.5,3.428,3.441,27,29,560,558,00000000 10101000 10000010 00001010,10101000 10100000 10001010 00000000,28.1,274.25,27.45,89.0,5949.0,2030.0
2022-06-23 18:09:21.030067,28.1,279.9,23.1,279.9,94,100,0.0,27.47,171.1,29.5,3.428,3.441,27,29,560,558,00000000 10101000 10000010 00001010,10101000 10100000 10001010 00000000,28.1,274.25,27.5,89.0,5964.0,2035.0
2022-06-23 18:09:22.033077,28.1,279.9,23.1,279.9,94,100,0.0,27.47,171.2,29.5,3.429,3.441,27,29,560,558,00000000 10101000 10000010 00001010,10101000 10100000 10001010 00000000,28.1,274.25,27.45,89.0,5964.0,2035.0
2022-06-23 18:09:23.035556,28.1,279.9,23.1,279.9,94,100,0.0,27.47,171.2,29.5,3.429,3.441,27,29,560,558,00000000 10101000 10000010 00001010,10101000 10100000 10001010 00000000,28.1,274.25,27.5,89.0,5964.0,2035.0
2022-06-23 18:09:24.038127,28.1,279.9,23.1,279.9,94,100,0.0,27.46,171.2,29.5,3.429,3.441,27,29,560,558,00000000 10101000 10000010 00001010,10101000 10100000 10001010 00000000,28.1,274.25,27.5,89.0,5964.0,2035.0
2022-06-23 18:09:25.040936,28.1,279.9,23.1,279.9,94,100,0.0,27.47,171.1,29.5,3.429,3.441,27,29,560,558,00000000 10101000 10000010 00001010,10101000 10100000 10001010 00000000,28.1,274.25,27.45,89.0,5964.0,2035.0
2022-06-23 18:09:26.043902,28.1,279.9,23.1,279.9,94,100,0.0,27.47,171.1,29.5,3.429,3.441,27,29,560,558,00000000 10101000 10000010 00001010,10101000 10100000 10001010 00000000,28.1,274.25,27.45,89.0,5964.0,2035.0
2022-06-23 18:09:27.047563,28.1,279.9,23.1,279.9,94,100,0.0,27.47,171.1,29.5,3.429,3.441,27,29,560,558,00000000 10101000 10000010 00001010,10101000 10100000 10001010 00000000,28.1,274.25,27.45,89.0,5964.0,2035.0
2022-06-23 18:09:28.049998,28.1,279.9,23.1,279.9,94,100,0.0,27.47,171.1,29.5,3.429,3.444,27,29,560,558,00000000 10101000 10000010 00001010,10101000 10100000 10001010 00000000,28.1,274.25,27.45,89.0,5964.0,2035.0
2022-06-23 18:09:29.053706,28.1,279.9,23.1,279.9,94,100,0.0,27.47,171.1,29.5,3.429,3.444,27,29,560,558,00000000 10101000 10000010 00001010,10101000 10100000 10001010 00000000,28.1,274.25,27.45,89.0,5964.0,2035.0
2022-06-23 18:09:30.057023,28.1,279.9,23.1,279.9,95,100,0.0,27.47,171.1,29.5,3.429,3.444,27,29,560,558,00000000 10101000 10000010 00001010,10101000 10100000 10001010 00000000,28.1,274.25,27.45,89.0,5964.0,2035.0
2022-06-23 18:09:31.060518,28.1,279.9,23.1,279.9,95,100,0.0,27.47,171.1,29.5,3.429,3.441,27,29,560,558,00000000 10101000 10000010 00001010,10101000 10100000 10001010 00000000,28.1,274.25,27.5,89.0,5964.0,2035.0
2022-06-23 18:09:32.063747,28.1,279.9,23.1,279.9,95,100,0.0,27.47,171.1,29.5,3.429,3.441,27,29,560,558,00000000 10101000 10000010 00001010,10101000 10100000 10001010 00000000,28.1,274.25,27.5,89.0,5964.0,2035.0
2022-06-23 18:09:33.066051,28.1,279.9,23.1,279.9,95,100,0.0,27.47,171.1,29.5,3.429,3.441,27,29,560,558,00000000 10101000 10000010 00001010,10101000 10100000 10001010 00000000,28.1,274.25,27.5,89.0,5964.0,2035.0
2022-06-23 18:09:34.068974,28.1,279.9,23.1,279.9,95,100,0.0,27.47,171.0,29.5,3.429,3.441,27,29,560,558,00000000 10101000 10000010 00001010,10101000 10100000 10001010 00000000,28.1,274.25,27.45,89.0,5964.0,2035.0
2022-06-23 18:09:35.072189,28.1,279.9,23.1,279.9,95,100,0.0,27.47,171.0,29.5,3.429,3.444,27,29,560,558,00000000 10101000 10000010 00001010,10101000 10100000 10001010 00000000,28.1,274.25,27.45,89.0,5964.0,2035.0
2022-06-23 18:09:36.074849,28.1,279.9,23.1,279.9,95,100,0.0,27.47,171.0,29.5,3.429,3.444,27,29,560,558,00000000 10101000 10000010 00001010,10101000 10100000 10001010 00000000,28.1,274.25,27.5,89.0,5964.0,2035.0
2022-06-23 18:09:37.077516,28.1,279.9,23.1,279.9,95,100,0.0,27.47,171.0,29.5,3.429,3.444,27,29,560,558,00000000 10101000 10000010 00001010,10101000 10100000 10001010 00000000,28.1,274.25,27.45,89.0,5964.0,2035.0
2022-06-23 18:09:38.080093,28.1,279.9,23.1,279.9,95,100,0.0,27.47,171.0,29.5,3.429,3.441,27,29,560,558,00000000 10101000 10000010 00001010,10101000 10100000 10001010 00000000,28.1,274.25,27.5,89.0,5964.0,2035.0
2022-06-23 18:09:39.083119,28.1,279.9,23.1,279.9,95,100,0.0,27.47,171.0,29.5,3.429,3.441,27,29,560,558,00000000 10101000 10000010 00001010,10101000 10100000 10001010 00000000,28.1,274.25,27.45,89.0,5964.0,2035.0
2022-06-23 18:09:40.086533,28.1,279.9,23.1,279.9,95,100,0.0,27.47,171.0,29.5,3.429,3.441,27,29,560,558,00000000 10101000 10000010 00001010,10101000 10100000 10001010 00000000,28.1,274.25,27.45,89.0,5964.0,2035.0
2022-06-23 18:09:41.089409,28.1,279.9,23.1,279.9,95,100,0.0,27.47,171.2,29.5,3.429,3.444,27,29,560,558,00000000 10101000 10000010 00001010,10101000 10100000 10001010 00000000,28.1,274.25,27.45,88.0,5964.0,2035.0
2022-06-23 18:09:42.092962,28.1,279.9,23.1,279.9,95,100,0.0,27.47,171.2,29.5,3.429,3.444,27,29,560,558,00000000 10101000 10000010 00001010,10101000 10100000 10001010 00000000,28.1,274.25,27.5,88.0,5964.0,2035.0
2022-06-23 18:09:43.096033,28.1,279.9,23.1,279.9,95,100,0.0,27.47,171.1,29.5,3.429,3.444,27,29,560,558,00000000 10101000 10000010 00001010,10101000 10100000 10001010 00000000,28.1,274.25,27.45,88.0,5964.0,2035.0
2022-06-23 18:09:44.099511,28.1,279.9,23.1,279.9,95,100,0.0,27.47,171.1,29.5,3.429,3.444,27,29,560,558,00000000 10101000 10000010 00001010,10101000 10100000 10001010 00000000,28.1,274.25,27.45,88.0,5964.0,2035.0
2022-06-23 18:09:45.102900,28.1,279.9,23.1,279.9,95,100,0.0,27.47,171.1,29.5,3.429,3.444,27,29,560,558,00000000 10101000 10000010 00001010,10101000 10100000 10001010 00000000,28.1,274.25,27.5,88.0,5964.0,2035.0
2022-06-23 18:09:46.106349,28.1,279.9,23.1,279.9,95,100,0.0,27.47,171.1,29.5,3.429,3.444,27,29,560,558,00000000 10101000 10000010 00001010,10101000 10100000 10001010 00000000,28.1,274.25,27.45,88.0,5964.0,2035.0
2022-06-23 18:09:47.109890,28.1,279.9,23.1,279.9,95,100,0.0,27.47,171.1,29.5,3.429,3.444,27,29,560,558,00000000 10101000 10000010 00001010,10101000 10100000 10001010 00000000,28.1,274.25,27.45,88.0,5964.0,2035.0
2022-06-23 18:09:48.113024,28.1,279.9,23.1,279.9,95,100,0.0,27.47,171.1,29.5,3.429,3.444,27,29,560,558,00000000 10101000 10000010 00001010,10101000 10100000 10001010 00000000,28.1,274.25,27.5,88.0,5964.0,2035.0
2022-06-23 18:09:49.115517,28.1,279.9,23.1,279.9,95,100,0.0,27.47,171.2,29.5,3.429,3.444,27,29,560,558,00000000 10101000 10000010 00001010,10101000 10100000 10001010 00000000,28.1,274.25,27.45,88.0,5964.0,2035.0
2022-06-23 18:09:50.117961,28.1,279.9,23.1,279.9,95,100,0.0,27.48,171.3,29.5,3.429,3.444,27,29,560,558,00000000 10101000 10000010 00001010,10101000 10100000 10001010 00000000,28.1,274.25,27.5,88.0,5964.0,2035.0
2022-06-23 18:09:51.121259,28.1,279.9,23.1,279.9,95,100,0.0,27.48,171.3,29.5,3.429,3.444,27,29,560,558,00000000 10101000 10000010 00001010,10101000 10100000 10001010 00000000,28.1,274.25,27.5,88.0,5964.0,2035.0
2022-06-23 18:09:52.124264,28.1,279.9,23.1,279.9,95,100,0.0,27.47,171.3,29.5,3.429,3.444,27,29,560,558,00000000 10101000 10000010 00001010,10101000 10100000 10001010 00000000,28.1,274.25,27.45,88.0,5964.0,2035.0
2022-06-23 18:09:53.127534,28.1,279.9,23.1,279.9,95,100,0.0,27.47,171.1,29.5,3.429,3.444,27,29,560,558,00000000 10101000 10000010 00001010,10101000 10100000 10001010 00000000,28.1,274.25,27.45,88.0,5964.0,2035.0
2022-06-23 18:09:54.129853,28.1,279.9,23.1,279.9,95,100,0.0,27.47,171.1,29.5,3.429,3.444,27,29,560,558,00000000 10101000 10000010 00001010,10101000 10100000 10001010 00000000,28.1,274.25,27.5,88.0,5964.0,2035.0
2022-06-23 18:09:55.133170,28.1,279.9,23.1,279.9,95,100,0.0,27.48,171.1,29.5,3.429,3.444,27,29,560,558,00000000 10101000 10000010 00001010,10101000 10100000 10001010 00000000,28.1,274.25,27.45,88.0,5964.0,2035.0
2022-06-23 18:09:56.136536,28.1,279.9,23.1,279.9,95,100,0.0,27.48,171.1,29.5,3.429,3.444,27,29,560,558,00000000 10101000 10000010 00001010,10101000 10100000 10001010 00000000,28.1,274.25,27.45,88.0,5964.0,2035.0
2022-06-23 18:09:57.139887,28.1,279.9,23.1,279.9,95,100,0.0,27.47,171.3,29.5,3.429,3.444,27,29,560,558,00000000 10101000 10000010 00001010,10101000 10100000 10001010 00000000,28.1,274.25,27.5,88.0,5964.0,2035.0
2022-06-23 18:09:58.143279,28.1,279.9,23.1,279.9,95,100,0.0,27.47,171.3,29.5,3.429,3.444,27,29,560,558,00000000 10101000 10000010 00001010,10101000 10100000 10001010 00000000,28.1,274.25,27.5,88.0,5964.0,2035.0
2022-06-23 18:09:59.146102,28.1,279.9,23.1,279.9,95,100,0.0,27.47,171.3,29.5,3.429,3.444,27,29,560,558,00000000 10101000 10000010 00001010,10101000 10100000 10001010 00000000,28.1,274.25,27.5,88.0,5964.0,2035.0
2022-06-23 18:10:00.149441,28.1,279.9,23.1,279.9,95,100,0.0,27.48,171.2,29.5,3.429,3.444,27,29,560,558,00000000 10101000 10000010 00001010,10101000 10100000 10001010 00000000,28.1,274.25,27.5,88.0,5964.0,2035.0
2022-06-23 18:10:01.152527,28.1,279.9,23.1,279.9,95,100,0.0,27.48,171.2,29.5,3.429,3.444,27,29,560,558,00000000 10101000 10000010 00001010,10101000 10100000 10001010 00000000,28.1,274.25,27.5,88.0,5964.0,2035.0
2022-06-23 18:10:02.155260,28.1,279.9,23.1,279.9,95,100,0.0,27.48,171.2,29.5,3.429,3.444,27,29,560,558,00000000 10101000 10000010 00001010,10101000 10100000 10001010 00000000,28.1,274.25,27.45,88.0,5964.0,2035.0
2022-06-23 18:10:03.158333,28.1,279.9,23.1,279.9,95,100,0.0,27.48,171.2,29.5,3.429,3.444,27,29,560,558,00000000 10101000 10000010 00001010,10101000 10100000 10001010 00000000,28.1,274.25,27.45,88.0,5964.0,2035.0
2022-06-23 18:10:04.160738,28.1,279.9,23.1,279.9,95,100,0.0,27.48,171.1,29.5,3.429,3.444,27,29,560,558,00000000 10101000 10000010 00001010,10101000 10100000 10001010 00000000,28.1,274.25,27.5,88.0,5964.0,2035.0
2022-06-23 18:10:05.163997,28.1,279.9,23.1,279.9,95,100,0.0,27.48,171.2,29.5,3.429,3.444,27,29,560,558,00000000 10101000 10000010 00001010,10101000 10100000 10001010 00000000,28.1,274.25,27.5,88.0,5964.0,2035.0
2022-06-23 18:10:06.167281,28.1,279.9,23.1,279.9,95,100,0.0,27.48,171.1,29.5,3.429,3.444,27,29,560,558,00000000 10101000 10000010 00001010,10101000 10100000 10001010 00000000,28.1,274.25,27.45,88.0,5964.0,2035.0
2022-06-23 18:10:07.170494,28.1,279.9,23.1,279.9,95,100,0.0,27.48,171.1,29.5,3.429,3.444,27,29,560,558,00000000 10101000 10000010 00001010,10101000 10100000 10001010 00000000,28.1,274.25,27.5,88.0,5964.0,2035.0
2022-06-23 18:10:08.173801,28.1,279.9,23.1,279.9,95,100,0.0,27.48,171.0,29.5,3.429,3.444,27,29,560,558,00000000 10101000 10000010 00001010,10101000 10100000 10001010 00000000,28.1,274.25,27.45,88.0,5964.0,2035.0
2022-06-23 18:10:09.176366,28.1,279.9,23.1,279.9,95,100,0.0,27.48,171.0,29.5,3.429,3.444,27,29,560,558,00000000 10101000 10000010 00001010,10101000 10100000 10001010 00000000,28.1,274.25,27.45,88.0,5964.0,2035.0
2022-06-23 18:10:10.180074,28.1,279.9,23.1,279.9,95,100,0.0,27.48,171.0,29.5,3.429,3.444,27,29,560,558,00000000 10101000 10000010 00001010,10101000 10100000 10001010 00000000,28.1,274.25,27.5,88.0,5964.0,2035.0
2022-06-23 18:10:11.183128,28.1,279.9,23.1,279.9,95,100,0.0,27.48,171.2,29.5,3.429,3.444,27,29,560,558,00000000 10101000 10000010 00001010,10101000 10100000 10001010 00000000,28.1,274.25,27.5,87.0,5964.0,2035.0
2022-06-23 18:10:12.186592,28.1,279.9,23.1,279.9,95,100,0.0,27.48,171.2,29.5,3.429,3.444,27,29,560,558,00000000 10101000 10000010 00001010,10101000 10100000 10001010 00000000,28.1,274.25,27.5,87.0,5964.0,2035.0
2022-06-23 18:10:13.189775,28.1,279.9,23.1,279.9,95,100,0.0,27.48,171.1,29.5,3.429,3.444,27,29,560,558,00000000 10101000 10000010 00001010,10101000 10100000 10001010 00000000,28.1,274.25,27.45,87.0,5964.0,2035.0
2022-06-23 18:10:14.192561,28.1,279.9,23.1,279.9,95,100,0.0,27.48,171.2,29.5,3.429,3.444,27,29,560,558,00000000 10101000 10000010 00001010,10101000 10100000 10001010 00000000,28.1,274.25,27.5,87.0,5964.0,2035.0
2022-06-23 18:10:15.195157,28.1,279.9,23.1,279.9,95,100,0.0,27.48,171.2,29.5,3.429,3.444,27,29,560,558,00000000 10101000 10000010 00001010,10101000 10100000 10001010 00000000,28.1,274.25,27.45,87.0,5964.0,2035.0
2022-06-23 18:10:16.197697,28.1,279.9,23.1,279.9,95,100,0.0,27.49,171.2,29.5,3.429,3.444,27,29,560,558,00000000 10101000 10000010 00001010,10101000 10100000 10001010 00000000,28.1,274.25,27.45,87.0,5964.0,2035.0
2022-06-23 18:10:17.200688,28.1,279.9,23.1,279.9,95,100,0.0,27.49,171.2,29.5,3.432,3.447,27,29,560,558,00000000 10101000 10000010 00001010,10101000 10100000 10001010 00000000,28.1,274.25,27.45,87.0,5964.0,2035.0
2022-06-23 18:10:18.204194,28.1,279.9,23.1,279.9,95,100,0.0,27.49,171.2,29.5,3.432,3.447,27,29,560,558,00000000 10101000 10000010 00001010,10101000 10100000 10001010 00000000,28.1,274.25,27.5,87.0,5964.0,2035.0
2022-06-23 18:10:19.207623,28.1,279.9,23.1,279.9,95,100,0.0,27.49,171.2,29.5,3.432,3.447,27,29,560,558,00000000 10101000 10000010 00001010,10101000 10100000 10001010 00000000,28.1,274.25,27.45,87.0,5964.0,2035.0
2022-06-23 18:10:20.211317,28.1,279.9,23.1,279.9,95,100,0.0,27.49,171.2,29.5,3.429,3.447,27,29,560,558,00000000 10101000 10000010 00001010,10101000 10100000 10001010 00000000,28.1,274.25,27.5,87.0,5964.0,2035.0
2022-06-23 18:10:21.214871,28.1,279.9,23.1,279.9,95,100,0.0,27.49,171.2,29.5,3.429,3.447,27,29,560,558,00000000 10101000 10000010 00001010,10101000 10100000 10001010 00000000,28.1,274.25,27.45,87.0,5964.0,2035.0
2022-06-23 18:10:22.218033,28.1,279.9,23.1,279.9,95,100,0.0,27.49,171.2,29.5,3.429,3.447,27,29,560,558,00000000 10101000 10000010 00001010,10101000 10100000 10001010 00000000,28.1,274.25,27.5,87.0,5964.0,2035.0
2022-06-23 18:10:23.221634,28.1,279.9,23.1,279.9,95,100,0.0,27.49,171.2,29.5,3.429,3.447,27,29,560,558,00000000 10101000 10000010 00001010,10101000 10100000 10001010 00000000,28.1,274.25,27.45,87.0,5964.0,2035.0
2022-06-23 18:10:24.225049,28.1,279.9,23.1,279.9,95,100,0.0,27.49,171.2,29.5,3.431,3.444,27,29,560,558,00000000 10101000 10000010 00001010,10101000 10100000 10001010 00000000,28.1,274.25,27.45,87.0,5964.0,2035.0
2022-06-23 18:10:25.228315,28.1,279.9,23.1,279.9,95,100,0.0,27.49,171.2,29.5,3.431,3.444,27,29,560,558,00000000 10101000 10000010 00001010,10101000 10100000 10001010 00000000,28.1,274.25,27.45,87.0,5964.0,2035.0
2022-06-23 18:10:26.232124,28.1,279.9,23.1,279.9,95,100,0.0,27.49,171.2,29.5,3.431,3.444,27,29,560,558,00000000 10101000 10000010 00001010,10101000 10100000 10001010 00000000,28.1,274.25,27.5,87.0,5964.0,2035.0
2022-06-23 18:10:27.234927,28.1,279.9,23.1,279.9,95,100,0.0,27.49,171.1,29.5,3.431,3.444,27,29,560,558,00000000 10101000 10000010 00001010,10101000 10100000 10001010 00000000,28.1,274.25,27.45,87.0,5964.0,2035.0
2022-06-23 18:10:28.238024,28.1,279.9,23.1,279.9,95,100,0.0,27.49,171.1,29.5,3.431,3.444,27,29,560,558,00000000 10101000 10000010 00001010,10101000 10100000 10001010 00000000,28.1,274.25,27.5,87.0,5964.0,2035.0
2022-06-23 18:10:29.240900,28.1,279.9,23.1,279.9,95,100,0.0,27.49,171.0,29.5,3.431,3.444,27,29,560,558,00000000 10101000 10000010 00001010,10101000 10100000 10001010 00000000,28.1,274.25,27.5,87.0,5964.0,2035.0
2022-06-23 18:10:30.244521,28.1,279.9,23.1,279.9,95,100,0.0,27.49,171.0,29.5,3.431,3.447,27,29,560,558,00000000 10101000 10000010 00001010,10101000 10100000 10001010 00000000,28.1,274.25,27.45,87.0,5964.0,2035.0
2022-06-23 18:10:31.247875,28.1,279.9,23.1,279.9,95,100,0.0,27.5,171.0,29.5,3.431,3.447,27,29,560,558,00000000 10101000 10000010 00001010,10101000 10100000 10001010 00000000,28.1,274.25,27.5,87.0,5964.0,2035.0
2022-06-23 18:10:32.250810,28.1,279.9,23.1,279.9,95,100,0.0,27.5,171.0,29.5,3.431,3.447,27,29,560,558,00000000 10101000 10000010 00001010,10101000 10100000 10001010 00000000,28.1,274.25,27.5,87.0,5964.0,2035.0
2022-06-23 18:10:33.254018,28.1,279.9,23.1,279.9,95,100,0.0,27.5,171.0,29.5,3.432,3.447,27,29,560,558,00000000 10101000 10000010 00001010,10101000 10100000 10001010 00000000,28.1,274.25,27.55,87.0,5964.0,2035.0
2022-06-23 18:10:34.257323,28.1,279.9,23.1,279.9,95,100,0.0,27.5,171.1,29.5,3.432,3.447,27,29,560,558,00000000 10101000 10000010 00001010,10101000 10100000 10001010 00000000,28.1,274.25,27.5,87.0,5964.0,2035.0
2022-06-23 18:10:35.260634,28.1,279.9,23.1,279.9,95,100,0.0,27.5,171.1,29.5,3.432,3.447,27,29,560,558,00000000 10101000 10000010 00001010,10101000 10100000 10001010 00000000,28.1,274.25,27.5,87.0,5964.0,2035.0
2022-06-23 18:10:36.263919,28.1,279.9,23.1,279.9,95,100,0.0,27.5,171.1,29.5,3.432,3.447,27,29,560,558,00000000 10101000 10000010 00001010,10101000 10100000 10001010 00000000,28.1,274.25,27.45,87.0,5964.0,2035.0
2022-06-23 18:10:37.267203,28.1,279.9,23.1,279.9,95,100,0.0,27.5,171.1,29.5,3.432,3.447,27,29,560,558,00000000 10101000 10000010 00001010,10101000 10100000 10001010 00000000,28.1,274.25,27.55,87.0,5964.0,2035.0
2022-06-23 18:10:38.270495,28.1,279.9,23.1,279.9,95,100,0.0,27.5,171.1,29.5,3.432,3.447,27,29,560,558,00000000 10101000 10000010 00001010,10101000 10100000 10001010 00000000,28.1,274.25,27.45,87.0,5964.0,2035.0
2022-06-23 18:10:39.273636,28.1,279.9,23.1,279.9,95,100,0.0,27.5,171.1,29.5,3.432,3.447,27,29,560,558,00000000 10101000 10000010 00001010,10101000 10100000 10001010 00000000,28.1,274.25,27.5,87.0,5964.0,2035.0
2022-06-23 18:10:40.276201,28.1,279.9,23.1,279.9,95,100,0.0,27.5,171.1,29.5,3.432,3.447,27,29,560,558,00000000 10101000 10000010 00001010,10101000 10100000 10001010 00000000,28.1,274.25,27.5,87.0,5964.0,2035.0
2022-06-23 18:10:41.278820,28.1,279.9,23.1,279.9,95,100,0.0,27.5,171.1,29.5,3.432,3.447,27,29,560,558,00000000 10101000 10000010 00001010,10101000 10100000 10001010 00000000,28.1,274.25,27.45,87.0,5964.0,2035.0
2022-06-23 18:10:42.281804,28.1,279.9,23.1,279.9,95,100,0.0,27.5,171.1,29.5,3.432,3.447,27,29,560,558,00000000 10101000 10000010 00001010,10101000 10100000 10001010 00000000,28.1,274.25,27.5,87.0,5964.0,2035.0
2022-06-23 18:10:43.285131,28.1,279.9,23.1,279.9,95,100,0.0,27.5,171.2,29.5,3.432,3.447,27,29,560,558,00000000 10101000 10000010 00001010,10101000 10100000 10001010 00000000,28.1,274.25,27.5,87.0,5964.0,2035.0
2022-06-23 18:10:44.288817,28.1,279.9,23.1,279.9,95,100,0.0,27.5,171.2,29.5,3.432,3.447,27,29,560,558,00000000 10101000 10000010 00001010,10101000 10100000 10001010 00000000,28.1,274.25,27.5,86.0,5964.0,2035.0
2022-06-23 18:10:45.292360,28.1,279.9,23.1,279.9,95,100,0.0,27.5,171.1,29.5,3.432,3.447,27,29,560,558,00000000 10101000 10000010 00001010,10101000 10100000 10001010 00000000,28.1,274.25,27.5,86.0,5964.0,2035.0
2022-06-23 18:10:46.296393,28.1,279.9,23.1,279.9,95,100,0.0,27.5,170.9,29.5,3.432,3.447,27,29,560,558,00000000 10101000 10000010 00001010,10101000 10100000 10001010 00000000,28.1,274.25,27.5,86.0,5964.0,2035.0
2022-06-23 18:10:47.299911,28.1,279.9,23.1,279.9,95,100,0.0,27.5,170.9,29.5,3.432,3.447,27,29,560,558,00000000 10101000 10000010 00001010,10101000 10100000 10001010 00000000,28.1,274.25,27.55,86.0,5964.0,2035.0
2022-06-23 18:10:48.303474,28.1,279.9,23.1,279.9,95,100,0.0,27.5,171.0,29.5,3.432,3.447,27,29,560,558,00000000 10101000 10000010 00001010,10101000 10100000 10001010 00000000,28.1,274.25,27.5,86.0,5964.0,2035.0
2022-06-23 18:10:49.306411,28.1,279.9,23.1,279.9,95,100,0.0,27.5,171.0,29.5,3.432,3.447,27,29,560,558,00000000 10101000 10000010 00001010,10101000 10100000 10001010 00000000,28.1,274.25,27.45,86.0,5964.0,2035.0
2022-06-23 18:10:50.309599,28.1,279.9,23.1,279.9,95,100,0.0,27.5,171.0,29.5,3.432,3.447,27,29,560,558,00000000 10101000 10000010 00001010,10101000 10100000 10001010 00000000,28.1,274.25,27.45,86.0,5964.0,2035.0
2022-06-23 18:10:51.312577,28.1,279.9,23.1,279.9,95,100,0.0,27.5,171.0,29.5,3.432,3.447,27,29,560,558,00000000 10101000 10000010 00001010,10101000 10100000 10001010 00000000,28.1,274.25,27.5,86.0,5964.0,2035.0
2022-06-23 18:10:52.315666,28.1,279.9,23.1,279.9,95,100,0.0,27.5,171.0,29.5,3.432,3.447,27,29,560,558,00000000 10101000 10000010 00001010,10101000 10100000 10001010 00000000,28.1,274.25,27.5,86.0,5964.0,2035.0
2022-06-23 18:10:53.318242,28.1,279.9,23.1,279.9,95,100,0.0,27.5,171.2,29.5,3.432,3.447,27,29,560,558,00000000 10101000 10000010 00001010,10101000 10100000 10001010 00000000,28.1,274.25,27.55,86.0,5964.0,2035.0
2022-06-23 18:10:54.321064,28.1,279.9,23.1,279.9,95,100,0.0,27.5,171.2,29.5,3.432,3.447,27,29,560,558,00000000 10101000 10000010 00001010,10101000 10100000 10001010 00000000,28.1,274.25,27.5,86.0,5964.0,2035.0
2022-06-23 18:10:55.324350,28.1,279.9,23.1,279.9,95,100,0.0,27.5,171.2,29.5,3.432,3.447,27,29,560,558,00000000 10101000 10000010 00001010,10101000 10100000 10001010 00000000,28.1,274.25,27.55,86.0,5964.0,2035.0
2022-06-23 18:10:56.327645,28.1,279.9,23.1,279.9,95,100,0.0,27.5,171.3,29.5,3.432,3.447,27,29,560,558,00000000 10101000 10000010 00001010,10101000 10100000 10001010 00000000,28.1,274.25,27.45,86.0,5964.0,2035.0
2022-06-23 18:10:57.330526,28.1,279.9,23.1,279.9,95,100,0.0,27.5,171.3,29.5,3.432,3.447,27,29,560,558,00000000 10101000 10000010 00001010,10101000 10100000 10001010 00000000,28.1,274.25,27.5,86.0,5964.0,2035.0
2022-06-23 18:10:58.333818,28.1,279.9,23.1,279.9,95,100,0.0,27.5,171.3,29.5,3.432,3.447,27,29,560,558,00000000 10101000 10000010 00001010,10101000 10100000 10001010 00000000,28.1,274.25,27.5,86.0,5964.0,2035.0
2022-06-23 18:10:59.337204,28.1,279.9,23.1,279.9,95,100,0.0,27.5,171.3,29.5,3.432,3.447,27,29,560,558,00000000 10101000 10000010 00001010,10101000 10100000 10001010 00000000,28.1,274.25,27.5,86.0,5964.0,2035.0
2022-06-23 18:11:00.340152,28.1,279.9,23.1,279.9,95,100,0.0,27.5,171.3,29.5,3.432,3.447,27,29,560,558,00000000 10101000 10000010 00001010,10101000 10100000 10001010 00000000,28.1,274.25,27.5,86.0,5964.0,2035.0
2022-06-23 18:11:01.343014,28.1,279.9,23.1,279.9,95,100,0.0,27.5,171.3,29.5,3.432,3.447,27,29,560,558,00000000 10101000 10000010 00001010,10101000 10100000 10001010 00000000,28.1,274.25,27.5,86.0,5964.0,2035.0
2022-06-23 18:11:02.346335,28.1,279.9,23.1,279.9,95,100,0.0,27.5,171.3,29.5,3.432,3.447,27,29,560,558,00000000 10101000 10000010 00001010,10101000 10100000 10001010 00000000,28.1,274.25,27.5,86.0,5964.0,2035.0
2022-06-23 18:11:03.349919,28.1,279.9,23.1,279.9,95,100,0.0,27.5,171.3,29.5,3.432,3.45,27,29,560,558,00000000 10101000 10000010 00001010,10101000 10100000 10001010 00000000,28.1,274.25,27.5,86.0,5964.0,2035.0
2022-06-23 18:11:04.353346,28.1,279.9,23.1,279.9,95,100,0.0,27.5,171.3,29.5,3.432,3.45,27,29,560,558,00000000 10101000 10000010 00001010,10101000 10100000 10001010 00000000,28.1,274.25,27.5,86.0,5964.0,2035.0
2022-06-23 18:11:05.355915,28.1,279.9,23.1,279.9,95,100,0.0,27.5,171.3,29.5,3.432,3.45,27,29,560,558,00000000 10101000 10000010 00001010,10101000 10100000 10001010 00000000,28.1,274.25,27.5,86.0,5964.0,2035.0
2022-06-23 18:11:06.358910,28.1,279.9,23.1,279.9,95,100,0.0,27.5,171.3,29.5,3.432,3.45,27,29,560,558,00000000 10101000 10000010 00001010,10101000 10100000 10001010 00000000,28.1,274.25,27.5,86.0,5964.0,2035.0
2022-06-23 18:11:07.361881,28.1,279.9,23.1,279.9,95,100,0.0,27.5,171.5,29.5,3.432,3.45,27,29,560,558,00000000 10101000 10000010 00001010,10101000 10100000 10001010 00000000,28.1,274.25,27.5,86.0,5964.0,2035.0
2022-06-23 18:11:08.365158,28.1,279.9,23.1,279.9,95,100,0.0,27.5,171.5,29.5,3.432,3.45,27,29,560,558,00000000 10101000 10000010 00001010,10101000 10100000 10001010 00000000,28.1,274.25,27.5,86.0,5964.0,2035.0
2022-06-23 18:11:09.368209,28.1,279.9,23.1,279.9,95,100,0.0,27.51,171.5,29.5,3.432,3.45,27,29,560,558,00000000 10101000 10000010 00001010,10101000 10100000 10001010 00000000,28.1,274.25,27.5,86.0,5964.0,2035.0
2022-06-23 18:11:10.371593,28.1,279.9,23.1,279.9,95,100,0.0,27.51,171.5,29.5,3.432,3.45,27,29,560,558,00000000 10101000 10000010 00001010,10101000 10100000 10001010 00000000,28.1,274.25,27.5,86.0,5964.0,2035.0
2022-06-23 18:11:11.375005,28.1,279.9,23.1,279.9,95,100,0.0,27.51,171.5,29.5,3.432,3.45,27,29,560,558,00000000 10101000 10000010 00001010,10101000 10100000 10001010 00000000,28.1,274.25,27.5,86.0,5964.0,2035.0
2022-06-23 18:11:12.378387,28.1,279.9,23.1,279.9,95,100,0.0,27.51,171.6,29.5,3.432,3.45,27,29,560,558,00000000 10101000 10000010 00001010,10101000 10100000 10001010 00000000,28.1,274.25,27.5,86.0,5964.0,2035.0
2022-06-23 18:11:13.381750,28.1,279.9,23.1,279.9,95,100,0.0,27.51,171.7,29.5,3.434,3.45,27,29,560,558,00000000 10101000 10000010 00001010,10101000 10100000 10001010 00000000,28.1,274.25,27.5,86.0,5964.0,2035.0
2022-06-23 18:11:14.384877,28.1,279.9,23.1,279.9,95,100,0.0,27.51,171.7,29.5,3.434,3.45,27,29,560,558,00000000 10101000 10000010 00001010,10101000 10100000 10001010 00000000,28.1,274.25,27.5,86.0,5964.0,2035.0
2022-06-23 18:11:15.387710,28.1,279.9,23.1,279.9,95,100,0.0,27.51,171.5,29.5,3.434,3.45,27,29,560,558,00000000 10101000 10000010 00001010,10101000 10100000 10001010 00000000,28.1,274.25,27.5,86.0,5964.0,2035.0
2022-06-23 18:11:16.391047,28.1,279.9,23.1,279.9,95,100,0.0,27.51,171.4,30.0,3.432,3.45,27,30,560,558,00000000 10101000 10000010 00001010,10101000 10100000 10001010 00000000,28.1,274.25,27.55,86.0,5964.0,2035.0
2022-06-23 18:11:17.394255,28.1,279.9,23.1,279.9,95,100,0.0,27.51,171.4,30.0,3.432,3.45,27,30,560,558,00000000 10101000 10000010 00001010,10101000 10100000 10001010 00000000,28.1,274.25,27.5,86.0,5964.0,2035.0
2022-06-23 18:11:18.396657,28.1,279.9,23.1,279.9,95,100,0.0,27.51,171.4,29.5,3.432,3.45,27,30,560,558,00000000 10101000 10000010 00001010,10101000 10100000 10001010 00000000,28.1,274.25,27.55,86.0,5964.0,2035.0
2022-06-23 18:11:19.399285,28.1,279.9,23.1,279.9,95,100,0.0,27.51,171.4,29.5,3.432,3.45,27,30,560,558,00000000 10101000 10000010 00001010,10101000 10100000 10001010 00000000,28.1,274.25,27.55,86.0,5964.0,2035.0
2022-06-23 18:11:20.401841,28.1,279.9,23.1,279.9,95,100,0.0,27.51,171.4,29.5,3.432,3.45,27,29,560,558,00000000 10101000 10000010 00001010,10101000 10100000 10001010 00000000,28.1,274.25,27.55,86.0,5964.0,2035.0
2022-06-23 18:11:21.405282,28.1,279.9,23.1,279.9,95,100,0.0,27.51,171.4,29.5,3.432,3.45,27,29,560,558,00000000 10101000 10000010 00001010,10101000 10100000 10001010 00000000,28.1,274.25,27.5,86.0,5964.0,2035.0
2022-06-23 18:11:22.408507,28.1,279.9,23.1,279.9,95,100,0.0,27.51,171.4,29.5,3.432,3.45,27,29,560,558,00000000 10101000 10000010 00001010,10101000 10100000 10001010 00000000,28.1,274.25,27.5,86.0,5964.0,2035.0
2022-06-23 18:11:23.411875,28.1,279.9,23.1,279.9,95,100,0.0,27.51,171.5,30.0,3.434,3.45,27,29,560,558,00000000 10101000 10000010 00001010,10101000 10100000 10001010 00000000,28.1,274.25,27.55,86.0,5964.0,2035.0
2022-06-23 18:11:24.414949,28.1,279.9,23.1,279.9,95,100,0.0,27.51,171.5,30.0,3.434,3.45,27,29,560,558,00000000 10101000 10000010 00001010,10101000 10100000 10001010 00000000,28.1,274.25,27.55,86.0,5964.0,2035.0
2022-06-23 18:11:25.418252,28.1,279.9,23.1,279.9,95,100,0.0,27.51,171.5,30.0,3.434,3.45,27,29,560,558,00000000 10101000 10000010 00001010,10101000 10100000 10001010 00000000,28.1,274.25,27.5,86.0,5964.0,2035.0
2022-06-23 18:11:26.421342,28.1,279.9,23.1,279.9,95,100,0.0,27.52,171.4,29.5,3.435,3.45,27,29,560,558,00000000 10101000 10000010 00001010,10101000 10100000 10001010 00000000,28.1,274.25,27.5,86.0,5964.0,2035.0
2022-06-23 18:11:27.424861,28.1,279.9,23.1,279.9,95,100,0.0,27.52,171.4,29.5,3.435,3.45,27,29,560,558,00000000 10101000 10000010 00001010,10101000 10100000 10001010 00000000,28.1,274.25,27.5,86.0,5964.0,2035.0
2022-06-23 18:11:28.428128,28.1,279.9,23.1,279.9,95,100,0.0,27.52,171.4,29.5,3.435,3.45,27,29,560,558,00000000 10101000 10000010 00001010,10101000 10100000 10001010 00000000,28.1,274.25,27.5,86.0,5964.0,2035.0
2022-06-23 18:11:29.431526,28.1,279.9,23.1,279.9,96,100,0.0,27.52,171.3,30.0,3.435,3.45,27,30,560,558,00000000 10101000 10000010 00001010,10101000 10100000 10001010 00000000,28.1,274.25,27.5,86.0,5964.0,2035.0
2022-06-23 18:11:30.433741,28.1,279.9,23.1,279.9,96,100,0.0,27.52,171.3,30.0,3.435,3.45,27,30,560,558,00000000 10101000 10000010 00001010,10101000 10100000 10001010 00000000,28.1,274.25,27.5,86.0,5964.0,2035.0
2022-06-23 18:11:31.436306,28.1,279.9,23.1,279.9,96,100,0.0,27.52,171.3,30.0,3.435,3.45,27,30,560,558,00000000 10101000 10000010 00001010,10101000 10100000 10001010 00000000,28.1,274.25,27.5,86.0,5964.0,2035.0
2022-06-23 18:11:32.439048,28.1,279.9,23.1,279.9,96,100,0.0,27.52,171.3,30.0,3.435,3.45,27,30,560,558,00000000 10101000 10000010 00001010,10101000 10100000 10001010 00000000,28.1,274.25,27.5,86.0,5964.0,2035.0
2022-06-23 18:11:33.442225,28.1,279.9,23.1,279.9,96,100,0.0,27.52,171.3,30.0,3.435,3.45,27,30,560,558,00000000 10101000 10000010 00001010,10101000 10100000 10001010 00000000,28.1,274.25,27.55,86.0,5964.0,2035.0
2022-06-23 18:11:34.445604,28.1,279.9,23.1,279.9,96,100,0.0,27.52,171.3,30.0,3.435,3.45,27,30,560,558,00000000 10101000 10000010 00001010,10101000 10100000 10001010 00000000,28.1,274.25,27.55,86.0,5964.0,2035.0
2022-06-23 18:11:35.448677,28.1,279.9,23.1,279.9,96,100,0.0,27.52,171.3,30.0,3.435,3.45,27,30,560,558,00000000 10101000 10000010 00001010,10101000 10100000 10001010 00000000,28.1,274.25,27.5,86.0,5964.0,2035.0
2022-06-23 18:11:36.451820,28.1,279.9,23.1,279.9,96,100,0.0,27.52,171.3,30.0,3.435,3.45,27,30,560,558,00000000 10101000 10000010 00001010,10101000 10100000 10001010 00000000,28.1,274.25,27.5,86.0,5964.0,2035.0
2022-06-23 18:11:37.455145,28.1,279.9,23.1,279.9,96,100,0.0,27.52,171.4,30.0,3.435,3.45,27,30,560,558,00000000 10101000 10000010 00001010,10101000 10100000 10001010 00000000,28.1,274.25,27.55,86.0,5964.0,2035.0
2022-06-23 18:11:38.458588,28.1,279.9,23.1,279.9,96,100,0.0,27.52,171.4,30.0,3.435,3.45,27,30,560,558,00000000 10101000 10000010 00001010,10101000 10100000 10001010 00000000,28.1,274.25,27.55,86.0,5964.0,2035.0
2022-06-23 18:11:39.461978,28.1,279.9,23.1,279.9,96,100,0.0,27.52,171.5,30.0,3.435,3.45,27,30,560,558,00000000 10101000 10000010 00001010,10101000 10100000 10001010 00000000,28.1,274.25,27.55,86.0,5964.0,2035.0
2022-06-23 18:11:40.464566,28.1,279.9,23.1,279.9,96,100,0.0,27.52,171.5,30.0,3.435,3.45,27,30,560,558,00000000 10101000 10000010 00001010,10101000 10100000 10001010 00000000,28.1,274.25,27.5,86.0,5964.0,2035.0
2022-06-23 18:11:41.467826,28.1,279.9,23.1,279.9,96,100,0.0,27.52,171.5,30.0,3.435,3.45,27,30,560,558,00000000 10101000 10000010 00001010,10101000 10100000 10001010 00000000,28.1,274.25,27.55,86.0,5964.0,2035.0
2022-06-23 18:11:42.471277,28.1,279.9,23.1,279.9,96,100,0.0,27.52,171.4,30.0,3.435,3.45,27,30,560,558,00000000 10101000 10000010 00001010,10101000 10100000 10001010 00000000,28.1,274.25,27.5,86.0,5964.0,2035.0
2022-06-23 18:11:43.474432,28.1,279.9,23.1,279.9,96,100,0.0,27.52,171.4,30.0,3.435,3.45,27,30,560,558,00000000 10101000 10000010 00001010,10101000 10100000 10001010 00000000,28.1,274.25,27.55,86.0,5964.0,2035.0
2022-06-23 18:11:44.476992,28.1,279.9,23.1,279.9,96,100,0.0,27.52,171.3,30.0,3.435,3.45,27,30,560,558,00000000 10101000 10000010 00001010,10101000 10100000 10001010 00000000,28.1,274.25,27.5,86.0,5964.0,2035.0
2022-06-23 18:11:45.479769,28.1,279.9,23.1,279.9,96,100,0.0,27.52,171.3,30.0,3.435,3.45,27,30,560,558,00000000 10101000 10000010 00001010,10101000 10100000 10001010 00000000,28.1,274.25,27.55,86.0,5964.0,2035.0
2022-06-23 18:11:46.483066,28.1,279.9,23.1,279.9,96,100,0.0,27.52,171.3,30.0,3.435,3.453,27,30,560,558,00000000 10101000 10000010 00001010,10101000 10100000 10001010 00000000,28.1,274.25,27.55,86.0,5964.0,2035.0
2022-06-23 18:11:47.486367,28.1,279.9,23.1,279.9,96,100,0.0,27.52,171.3,30.0,3.435,3.453,27,30,560,558,00000000 10101000 10000010 00001010,10101000 10100000 10001010 00000000,28.1,274.25,27.55,86.0,5964.0,2035.0
2022-06-23 18:11:48.489780,28.1,279.9,23.1,279.9,96,100,0.0,27.52,171.1,30.0,3.435,3.453,27,30,560,558,00000000 10101000 10000010 00001010,10101000 10100000 10001010 00000000,28.1,274.25,27.5,86.0,5964.0,2035.0
2022-06-23 18:11:49.493124,28.1,279.9,23.1,279.9,96,100,0.0,27.52,171.1,30.0,3.435,3.453,27,30,560,558,00000000 10101000 10000010 00001010,10101000 10100000 10001010 00000000,28.1,274.25,27.55,86.0,5964.0,2035.0
2022-06-23 18:11:50.496418,28.1,279.9,23.1,279.9,96,100,0.0,27.53,170.9,30.0,3.435,3.453,27,30,560,558,00000000 10101000 10000010 00001010,10101000 10100000 10001010 00000000,28.1,274.25,27.55,86.0,5964.0,2035.0
2022-06-23 18:11:51.499691,28.1,279.9,23.1,279.9,96,100,0.0,27.53,170.9,30.0,3.435,3.453,27,30,560,558,00000000 10101000 10000010 00001010,10101000 10100000 10001010 00000000,28.1,274.25,27.55,86.0,5964.0,2035.0
2022-06-23 18:11:52.503161,28.1,279.9,23.1,279.9,96,100,0.0,27.53,170.9,30.0,3.435,3.453,27,30,560,558,00000000 10101000 10000010 00001010,10101000 10100000 10001010 00000000,28.1,274.25,27.55,86.0,5964.0,2035.0
2022-06-23 18:11:53.506161,28.1,279.9,23.1,279.9,96,100,0.0,27.53,170.9,30.0,3.435,3.453,27,30,560,558,00000000 10101000 10000010 00001010,10101000 10100000 10001010 00000000,28.1,274.25,27.55,86.0,5964.0,2035.0
2022-06-23 18:11:54.509371,28.1,279.9,23.1,279.9,96,100,0.0,27.52,171.0,30.0,3.435,3.453,27,30,560,558,00000000 10101000 10000010 00001010,10101000 10100000 10001010 00000000,28.1,274.25,27.55,86.0,5964.0,2035.0
2022-06-23 18:11:55.512748,28.1,279.9,23.1,279.9,96,100,0.0,27.53,171.0,30.0,3.435,3.453,27,30,560,558,00000000 10101000 10000010 00001010,10101000 10100000 10001010 00000000,28.1,274.25,27.55,86.0,5964.0,2035.0
2022-06-23 18:11:56.523626,28.1,279.9,23.1,279.9,96,100,0.0,27.52,171.0,30.0,3.435,3.453,27,30,560,558,00000000 10101000 10000010 00001010,10101000 10100000 10001010 00000000,28.1,274.25,27.5,86.0,5964.0,2035.0
2022-06-23 18:11:57.526202,28.1,279.9,23.1,279.9,96,100,0.0,27.52,171.0,30.0,3.435,3.453,27,30,560,558,00000000 10101000 10000010 00001010,10101000 10100000 10001010 00000000,28.1,274.25,27.5,86.0,5964.0,2035.0
2022-06-23 18:11:58.528833,28.1,279.9,23.1,279.9,96,100,0.0,27.52,171.1,30.0,3.435,3.453,27,30,560,558,00000000 10101000 10000010 00001010,10101000 10100000 10001010 00000000,28.1,274.25,27.55,86.0,5964.0,2035.0
2022-06-23 18:11:59.531984,28.1,279.9,23.1,279.9,96,100,0.0,27.53,171.2,30.0,3.435,3.453,27,30,560,558,00000000 10101000 10000010 00001010,10101000 10100000 10001010 00000000,28.1,274.25,27.55,86.0,5964.0,2035.0
2022-06-23 18:12:00.535262,28.1,279.9,23.1,279.9,96,100,0.0,27.53,171.2,30.0,3.435,3.453,27,30,560,558,00000000 10101000 10000010 00001010,10101000 10100000 10001010 00000000,28.1,274.25,27.55,86.0,5964.0,2035.0
2022-06-23 18:12:01.538281,28.1,279.9,23.1,279.9,96,100,0.0,27.53,171.2,30.0,3.435,3.453,27,30,560,558,00000000 10101000 10000010 00001010,10101000 10100000 10001010 00000000,28.1,274.25,27.55,86.0,5964.0,2035.0
2022-06-23 18:12:02.542206,28.1,279.9,23.1,279.9,96,100,0.0,27.53,171.2,30.0,3.435,3.453,27,30,560,558,00000000 10101000 10000010 00001010,10101000 10100000 10001010 00000000,28.1,274.25,27.5,86.0,5964.0,2035.0
2022-06-23 18:12:03.545473,28.1,279.9,23.1,279.9,96,100,0.0,27.53,171.2,30.0,3.435,3.453,27,30,560,558,00000000 10101000 10000010 00001010,10101000 10100000 10001010 00000000,28.1,274.25,27.5,86.0,5978.0,2040.0
2022-06-23 18:12:04.547701,28.1,279.9,23.1,279.9,96,100,0.0,27.53,171.3,30.0,3.435,3.453,27,30,560,558,00000000 10101000 10000010 00001010,10101000 10100000 10001010 00000000,28.1,274.25,27.55,86.0,5978.0,2040.0
2022-06-23 18:12:05.549984,28.1,279.9,23.1,279.9,96,100,0.0,27.53,171.2,30.0,3.435,3.453,27,30,560,558,00000000 10101000 10000010 00001010,10101000 10100000 10001010 00000000,28.1,274.25,27.55,86.0,5978.0,2040.0
2022-06-23 18:12:06.552886,28.1,279.9,23.1,279.9,96,100,0.0,27.53,171.2,30.0,3.435,3.453,27,30,560,558,00000000 10101000 10000010 00001010,10101000 10100000 10001010 00000000,28.1,274.25,27.55,86.0,5978.0,2040.0
2022-06-23 18:12:07.555762,28.1,279.9,23.1,279.9,96,100,0.0,27.53,171.2,30.0,3.435,3.453,27,30,560,558,00000000 10101000 10000010 00001010,10101000 10100000 10001010 00000000,28.1,274.25,27.55,86.0,5978.0,2040.0
2022-06-23 18:12:08.558187,28.1,279.9,23.1,279.9,96,100,0.0,27.53,171.3,30.0,3.435,3.453,27,30,560,558,00000000 10101000 10000010 00001010,10101000 10100000 10001010 00000000,28.1,274.25,27.5,86.0,5978.0,2040.0
2022-06-23 18:12:09.560839,28.1,279.9,23.1,279.9,96,100,0.0,27.53,171.3,30.0,3.435,3.453,27,30,560,558,00000000 10101000 10000010 00001010,10101000 10100000 10001010 00000000,28.1,274.25,27.55,86.0,5978.0,2040.0
2022-06-23 18:12:10.563503,28.1,279.9,23.1,279.9,96,100,0.0,27.53,171.4,30.0,3.435,3.453,27,30,560,558,00000000 10101000 10000010 00001010,10101000 10100000 10001010 00000000,28.1,274.25,27.5,86.0,5978.0,2040.0
2022-06-23 18:12:11.566677,28.1,279.9,23.1,279.9,96,100,0.0,27.54,171.4,30.0,3.435,3.453,27,30,560,558,00000000 10101000 10000010 00001010,10101000 10100000 10001010 00000000,28.1,274.25,27.55,86.0,5978.0,2040.0
2022-06-23 18:12:12.570875,28.1,279.9,23.1,279.9,96,100,0.0,27.54,171.4,30.0,3.437,3.453,27,30,560,558,00000000 10101000 10000010 00001010,10101000 10100000 10001010 00000000,28.1,274.25,27.55,86.0,5978.0,2040.0
2022-06-23 18:12:13.579203,28.1,279.9,23.1,279.9,96,100,0.0,27.53,171.4,30.0,3.437,3.453,27,30,560,558,00000000 10101000 10000010 00001010,10101000 10100000 10001010 00000000,28.1,274.25,27.55,86.0,5978.0,2040.0
2022-06-23 18:12:14.581819,28.1,279.9,23.1,279.9,96,100,0.0,27.53,171.4,30.0,3.437,3.453,27,30,560,558,00000000 10101000 10000010 00001010,10101000 10100000 10001010 00000000,28.1,274.25,27.55,86.0,5978.0,2040.0
2022-06-23 18:12:15.585491,28.1,279.9,23.1,279.9,96,100,0.0,27.54,171.4,30.0,3.438,3.453,27,30,560,558,00000000 10101000 10000010 00001010,10101000 10100000 10001010 00000000,28.1,274.25,27.55,86.0,5978.0,2040.0
2022-06-23 18:12:16.588831,28.1,279.9,23.1,279.9,96,100,0.0,27.54,171.4,30.0,3.438,3.453,27,30,560,558,00000000 10101000 10000010 00001010,10101000 10100000 10001010 00000000,28.1,274.25,27.5,86.0,5978.0,2040.0
2022-06-23 18:12:17.591849,28.1,279.9,23.1,279.9,96,100,0.0,27.54,171.4,30.0,3.438,3.453,27,30,560,558,00000000 10101000 10000010 00001010,10101000 10100000 10001010 00000000,28.1,274.25,27.55,86.0,5978.0,2040.0
2022-06-23 18:12:18.594723,28.1,279.9,23.1,279.9,96,100,0.0,27.54,171.3,30.0,3.437,3.453,27,30,560,558,00000000 10101000 10000010 00001010,10101000 10100000 10001010 00000000,28.1,274.25,27.55,86.0,5978.0,2040.0
2022-06-23 18:12:19.597068,28.1,279.9,23.1,279.9,96,100,0.0,27.54,171.3,30.0,3.437,3.453,27,30,560,558,00000000 10101000 10000010 00001010,10101000 10100000 10001010 00000000,28.1,274.25,27.55,86.0,5978.0,2040.0
2022-06-23 18:12:20.600301,28.1,279.9,23.1,279.9,96,100,0.0,27.54,171.2,30.0,3.437,3.453,27,30,560,558,00000000 10101000 10000010 00001010,10101000 10100000 10001010 00000000,28.1,274.25,27.55,86.0,5978.0,2040.0
2022-06-23 18:12:21.603436,28.1,279.9,23.1,279.9,96,100,0.0,27.54,171.2,30.0,3.437,3.453,27,30,560,558,00000000 10101000 10000010 00001010,10101000 10100000 10001010 00000000,28.1,274.25,27.55,86.0,5978.0,2040.0
2022-06-23 18:12:22.606056,28.1,279.9,23.1,279.9,96,100,0.0,27.54,171.2,30.0,3.438,3.456,27,30,560,558,00000000 10101000 10000010 00001010,10101000 10100000 10001010 00000000,28.1,274.25,27.5,86.0,5978.0,2040.0
2022-06-23 18:12:23.608891,28.1,279.9,23.1,279.9,96,100,0.0,27.54,171.3,30.0,3.438,3.456,27,30,560,558,00000000 10101000 10000010 00001010,10101000 10100000 10001010 00000000,28.1,274.25,27.5,86.0,5978.0,2040.0
2022-06-23 18:12:24.611246,28.1,279.9,23.1,279.9,96,100,0.0,27.54,171.3,30.0,3.438,3.456,27,30,560,558,00000000 10101000 10000010 00001010,10101000 10100000 10001010 00000000,28.1,274.25,27.55,86.0,5978.0,2040.0
2022-06-23 18:12:25.614533,28.1,279.9,23.1,279.9,96,100,0.0,27.54,171.3,30.0,3.437,3.453,27,30,560,558,00000000 10101000 10000010 00001010,10101000 10100000 10001010 00000000,28.1,274.25,27.55,86.0,5978.0,2040.0
2022-06-23 18:12:26.617455,28.1,279.9,23.1,279.9,96,100,0.0,27.54,171.3,30.0,3.437,3.453,27,30,560,558,00000000 10101000 10000010 00001010,10101000 10100000 10001010 00000000,28.1,274.25,27.6,86.0,5978.0,2040.0
2022-06-23 18:12:27.620186,28.1,279.9,23.1,279.9,96,100,0.0,27.55,171.2,30.0,3.437,3.453,27,30,560,558,00000000 10101000 10000010 00001010,10101000 10100000 10001010 00000000,28.1,274.25,27.55,86.0,5978.0,2040.0
2022-06-23 18:12:28.623622,28.1,279.9,23.1,279.9,96,100,0.0,27.55,171.2,30.0,3.438,3.456,27,30,560,558,00000000 10101000 10000010 00001010,10101000 10100000 10001010 00000000,28.1,274.25,27.55,86.0,5978.0,2040.0
2022-06-23 18:12:29.626789,28.1,279.9,23.1,279.9,96,100,0.0,27.55,171.1,30.0,3.438,3.456,27,30,560,558,00000000 10101000 10000010 00001010,10101000 10100000 10001010 00000000,28.1,274.25,27.5,86.0,5978.0,2040.0
2022-06-23 18:12:30.629470,28.1,279.9,23.1,279.9,96,100,0.0,27.55,171.1,30.0,3.438,3.456,27,30,560,558,00000000 10101000 10000010 00001010,10101000 10100000 10001010 00000000,28.1,274.25,27.5,86.0,5978.0,2040.0
2022-06-23 18:12:31.632729,28.1,279.9,23.1,279.9,96,100,0.0,27.55,171.0,30.0,3.438,3.456,27,30,560,558,00000000 10101000 10000010 00001010,10101000 10100000 10001010 00000000,28.1,274.25,27.55,86.0,5978.0,2040.0
2022-06-23 18:12:32.636258,28.1,279.9,23.1,279.9,96,100,0.0,27.55,171.0,30.0,3.438,3.456,27,30,560,558,00000000 10101000 10000010 00001010,10101000 10100000 10001010 00000000,28.1,274.25,27.6,86.0,5978.0,2040.0
2022-06-23 18:12:33.639824,28.1,279.9,23.1,279.9,96,100,0.0,27.55,171.0,30.0,3.438,3.456,27,30,560,558,00000000 10101000 10000010 00001010,10101000 10100000 10001010 00000000,28.1,274.25,27.55,86.0,5978.0,2040.0
2022-06-23 18:12:34.647423,28.1,279.9,23.1,279.9,96,100,0.0,27.55,171.1,30.0,3.438,3.456,27,30,560,558,00000000 10101000 10000010 00001010,10101000 10100000 10001010 00000000,28.1,274.25,27.55,86.0,5978.0,2040.0
2022-06-23 18:12:35.649630,28.1,279.9,23.1,279.9,96,100,0.0,27.55,171.2,30.0,3.438,3.456,27,30,560,558,00000000 10101000 10000010 00001010,10101000 10100000 10001010 00000000,28.1,274.25,27.55,86.0,5978.0,2040.0
2022-06-23 18:12:36.652332,28.1,279.9,23.1,279.9,96,100,0.0,27.55,171.2,30.0,3.438,3.456,27,30,560,558,00000000 10101000 10000010 00001010,10101000 10100000 10001010 00000000,28.1,274.25,27.5,86.0,5978.0,2040.0
2022-06-23 18:12:37.655712,28.1,279.9,23.1,279.9,96,100,0.0,27.55,171.2,30.0,3.438,3.456,27,30,560,558,00000000 10101000 10000010 00001010,10101000 10100000 10001010 00000000,28.1,274.25,27.55,86.0,5978.0,2040.0
2022-06-23 18:12:38.659033,28.1,279.9,23.1,279.9,96,100,0.0,27.55,171.3,30.0,3.438,3.456,27,30,560,558,00000000 10101000 10000010 00001010,10101000 10100000 10001010 00000000,28.1,274.25,27.5,86.0,5978.0,2040.0
2022-06-23 18:12:39.662313,28.1,279.9,23.1,279.9,96,100,0.0,27.55,171.4,30.0,3.438,3.456,27,30,560,558,00000000 10101000 10000010 00001010,10101000 10100000 10001010 00000000,28.1,274.25,27.55,86.0,5978.0,2040.0
2022-06-23 18:12:40.664809,28.1,279.9,23.1,279.9,96,100,0.0,27.55,171.4,30.0,3.438,3.456,27,30,560,558,00000000 10101000 10000010 00001010,10101000 10100000 10001010 00000000,28.1,274.25,27.55,86.0,5978.0,2040.0
2022-06-23 18:12:41.668231,28.1,279.9,23.1,279.9,96,100,0.0,27.55,171.4,30.0,3.438,3.456,27,30,560,558,00000000 10101000 10000010 00001010,10101000 10100000 10001010 00000000,28.1,274.25,27.6,86.0,5978.0,2040.0
2022-06-23 18:12:42.671489,28.1,279.9,23.1,279.9,96,100,0.0,27.55,171.4,30.0,3.438,3.456,27,30,560,558,00000000 10101000 10000010 00001010,10101000 10100000 10001010 00000000,28.1,274.25,27.55,86.0,5978.0,2040.0
2022-06-23 18:12:43.674852,28.1,279.9,23.1,279.9,96,100,0.0,27.55,171.4,30.0,3.438,3.456,27,30,560,558,00000000 10101000 10000010 00001010,10101000 10100000 10001010 00000000,28.1,274.25,27.55,86.0,5978.0,2040.0
2022-06-23 18:12:44.677930,28.1,279.9,23.1,279.9,96,100,0.0,27.55,171.4,30.0,3.438,3.456,27,30,560,558,00000000 10101000 10000010 00001010,10101000 10100000 10001010 00000000,28.1,274.25,27.5,86.0,5978.0,2040.0
2022-06-23 18:12:45.681048,28.1,279.9,23.1,279.9,96,100,0.0,27.56,171.4,30.0,3.438,3.456,27,30,560,558,00000000 10101000 10000010 00001010,10101000 10100000 10001010 00000000,28.1,274.25,27.55,86.0,5978.0,2040.0
2022-06-23 18:12:46.684289,28.1,279.9,23.1,279.9,96,100,0.0,27.56,171.4,30.0,3.438,3.456,27,30,560,558,00000000 10101000 10000010 00001010,10101000 10100000 10001010 00000000,28.1,274.25,27.55,86.0,5978.0,2040.0
2022-06-23 18:12:47.686901,28.1,279.9,23.1,279.9,96,100,0.0,27.55,171.5,30.0,3.438,3.456,27,30,560,558,00000000 10101000 10000010 00001010,10101000 10100000 10001010 00000000,28.1,274.25,27.55,86.0,5978.0,2040.0
2022-06-23 18:12:48.689521,28.1,279.9,23.1,279.9,96,100,0.0,27.55,171.5,30.0,3.438,3.456,27,30,560,558,00000000 10101000 10000010 00001010,10101000 10100000 10001010 00000000,28.1,274.25,27.55,86.0,5978.0,2040.0
2022-06-23 18:12:49.692395,28.1,279.9,23.1,279.9,96,100,0.0,27.55,171.5,30.0,3.438,3.456,27,30,560,558,00000000 10101000 10000010 00001010,10101000 10100000 10001010 00000000,28.1,274.25,27.55,86.0,5978.0,2040.0
2022-06-23 18:12:50.694908,28.1,279.9,23.1,279.9,96,100,0.0,27.56,171.5,30.0,3.438,3.456,27,30,560,558,00000000 10101000 10000010 00001010,10101000 10100000 10001010 00000000,28.1,274.25,27.55,86.0,5978.0,2040.0
2022-06-23 18:12:51.698225,28.1,279.9,23.1,279.9,96,100,0.0,27.56,171.5,30.0,3.438,3.459,27,30,560,558,00000000 10101000 10000010 00001010,10101000 10100000 10001010 00000000,28.1,274.25,27.55,86.0,5978.0,2040.0
2022-06-23 18:12:52.701779,28.1,279.9,23.1,279.9,96,100,0.0,27.56,171.5,30.0,3.438,3.459,27,30,560,558,00000000 10101000 10000010 00001010,10101000 10100000 10001010 00000000,28.1,274.25,27.55,86.0,5978.0,2040.0
2022-06-23 18:12:53.704728,28.1,279.9,23.1,279.9,96,100,0.0,27.56,171.4,30.0,3.438,3.459,27,30,560,558,00000000 10101000 10000010 00001010,10101000 10100000 10001010 00000000,28.1,274.25,27.55,86.0,5978.0,2040.0
2022-06-23 18:12:54.708105,28.1,279.9,23.1,279.9,96,100,0.0,27.56,171.4,30.0,3.44,3.459,27,30,560,558,00000000 10101000 10000010 00001010,10101000 10100000 10001010 00000000,28.1,274.25,27.55,86.0,5978.0,2040.0
2022-06-23 18:12:55.710936,28.1,279.9,23.1,279.9,96,100,0.0,27.56,171.4,30.0,3.44,3.459,27,30,560,558,00000000 10101000 10000010 00001010,10101000 10100000 10001010 00000000,28.1,274.25,27.55,86.0,5978.0,2040.0
2022-06-23 18:12:56.713903,28.1,279.9,23.1,279.9,96,100,0.0,27.56,171.4,30.0,3.44,3.459,27,30,560,558,00000000 10101000 10000010 00001010,10101000 10100000 10001010 00000000,28.1,274.25,27.55,86.0,5978.0,2040.0
2022-06-23 18:12:57.717216,28.1,279.9,23.1,279.9,96,100,0.0,27.56,171.4,30.0,3.44,3.459,27,30,560,558,00000000 10101000 10000010 00001010,10101000 10100000 10001010 00000000,28.1,274.25,27.55,86.0,5978.0,2040.0
2022-06-23 18:12:58.720543,28.1,279.9,23.1,279.9,96,100,0.0,27.56,171.3,30.0,3.44,3.459,27,30,560,558,00000000 10101000 10000010 00001010,10101000 10100000 10001010 00000000,28.1,274.25,27.6,86.0,5978.0,2040.0
2022-06-23 18:12:59.732422,28.1,279.9,23.1,279.9,96,100,0.0,27.56,171.3,30.0,3.44,3.459,27,30,560,558,00000000 10101000 10000010 00001010,10101000 10100000 10001010 00000000,28.1,274.25,27.6,86.0,5978.0,2040.0
2022-06-23 18:13:00.735305,28.1,279.9,23.1,279.9,96,100,0.0,27.56,171.3,30.0,3.44,3.459,27,30,560,558,00000000 10101000 10000010 00001010,10101000 10100000 10001010 00000000,28.1,274.25,27.55,86.0,5978.0,2040.0
2022-06-23 18:13:01.737602,28.1,279.9,23.1,279.9,96,100,0.0,27.56,171.3,30.0,3.44,3.459,27,30,560,558,00000000 10101000 10000010 00001010,10101000 10100000 10001010 00000000,28.1,274.25,27.6,86.0,5978.0,2040.0
2022-06-23 18:13:02.740067,28.1,279.9,23.1,279.9,96,100,0.0,27.57,171.3,30.0,3.44,3.459,27,30,560,558,00000000 10101000 10000010 00001010,10101000 10100000 10001010 00000000,28.1,274.25,27.55,86.0,5978.0,2040.0
2022-06-23 18:13:03.743406,28.1,279.9,23.1,279.9,96,100,0.0,27.57,171.3,30.0,3.44,3.459,27,30,560,558,00000000 10101000 10000010 00001010,10101000 10100000 10001010 00000000,28.1,274.25,27.6,86.0,5978.0,2040.0
2022-06-23 18:13:04.746663,28.1,279.9,23.1,279.9,96,100,0.0,27.57,171.3,30.0,3.44,3.459,27,30,560,558,00000000 10101000 10000010 00001010,10101000 10100000 10001010 00000000,28.1,274.25,27.55,86.0,5978.0,2040.0
2022-06-23 18:13:05.749567,28.1,279.9,23.1,279.9,96,100,0.0,27.57,171.2,30.0,3.44,3.459,27,30,560,558,00000000 10101000 10000010 00001010,10101000 10100000 10001010 00000000,28.1,274.25,27.55,86.0,5978.0,2040.0
2022-06-23 18:13:06.752598,28.1,279.9,23.1,279.9,96,100,0.0,27.57,171.1,30.0,3.44,3.459,27,30,560,558,00000000 10101000 10000010 00001010,10101000 10100000 10001010 00000000,28.1,274.25,27.55,86.0,5978.0,2040.0
2022-06-23 18:13:07.755957,28.1,279.9,23.1,279.9,96,100,0.0,27.57,171.1,30.0,3.441,3.459,27,30,560,558,00000000 10101000 10000010 00001010,10101000 10100000 10001010 00000000,28.1,274.25,27.55,86.0,5978.0,2040.0
2022-06-23 18:13:08.759291,28.1,279.9,23.1,279.9,96,100,0.0,27.56,171.1,30.0,3.441,3.459,27,30,560,558,00000000 10101000 10000010 00001010,10101000 10100000 10001010 00000000,28.1,274.25,27.55,86.0,5978.0,2040.0
2022-06-23 18:13:09.762600,28.1,279.9,23.1,279.9,96,100,0.0,27.57,171.1,30.0,3.441,3.459,27,30,560,558,00000000 10101000 10000010 00001010,10101000 10100000 10001010 00000000,28.1,274.25,27.55,86.0,5964.0,2035.0
2022-06-23 18:13:10.765693,28.1,279.9,23.1,279.9,96,100,0.0,27.57,171.0,30.0,3.441,3.459,27,30,560,558,00000000 10101000 10000010 00001010,10101000 10100000 10001010 00000000,28.1,274.25,27.55,86.0,5964.0,2035.0
2022-06-23 18:13:11.767926,28.1,279.9,23.1,279.9,96,100,0.0,27.57,171.0,30.0,3.441,3.459,27,30,560,558,00000000 10101000 10000010 00001010,10101000 10100000 10001010 00000000,28.1,274.25,27.55,86.0,5964.0,2035.0
2022-06-23 18:13:12.770963,28.1,279.9,23.1,279.9,96,100,0.0,27.57,171.0,30.0,3.441,3.459,27,30,560,558,00000000 10101000 10000010 00001010,10101000 10100000 10001010 00000000,28.1,274.25,27.55,86.0,5964.0,2035.0
2022-06-23 18:13:13.773519,28.1,279.9,23.1,279.9,96,100,0.0,27.57,171.2,30.0,3.441,3.459,27,30,560,558,00000000 10101000 10000010 00001010,10101000 10100000 10001010 00000000,28.1,274.25,27.55,86.0,5964.0,2035.0
2022-06-23 18:13:14.776054,28.1,279.9,23.1,279.9,96,100,0.0,27.57,171.2,30.0,3.441,3.459,27,30,560,558,00000000 10101000 10000010 00001010,10101000 10100000 10001010 00000000,28.1,274.25,27.6,86.0,5964.0,2035.0
2022-06-23 18:13:15.778760,28.1,279.9,23.1,279.9,96,100,0.0,27.57,171.3,30.0,3.441,3.459,27,30,560,558,00000000 10101000 10000010 00001010,10101000 10100000 10001010 00000000,28.1,274.25,27.6,86.0,5964.0,2035.0
2022-06-23 18:13:16.781866,28.1,279.9,23.1,279.9,96,100,0.0,27.57,171.3,30.0,3.441,3.459,27,30,560,558,00000000 10101000 10000010 00001010,10101000 10100000 10001010 00000000,28.1,274.25,27.6,86.0,5964.0,2035.0
2022-06-23 18:13:17.785185,28.1,279.9,23.1,279.9,96,100,0.0,27.58,171.4,30.0,3.441,3.462,27,30,560,558,00000000 10101000 10000010 00001010,10101000 10100000 10001010 00000000,28.1,274.25,27.55,86.0,5964.0,2035.0
2022-06-23 18:13:18.788107,28.1,279.9,23.1,279.9,96,100,0.0,27.58,171.4,30.0,3.441,3.462,27,30,560,558,00000000 10101000 10000010 00001010,10101000 10100000 10001010 00000000,28.1,274.25,27.6,86.0,5964.0,2035.0
2022-06-23 18:13:19.791000,28.1,279.9,23.1,279.9,96,100,0.0,27.58,171.3,30.0,3.441,3.462,27,30,560,558,00000000 10101000 10000010 00001010,10101000 10100000 10001010 00000000,28.1,274.25,27.55,86.0,5964.0,2035.0
2022-06-23 18:13:20.794214,28.1,279.9,23.1,279.9,96,100,0.0,27.58,171.3,30.0,3.441,3.462,27,30,560,558,00000000 10101000 10000010 00001010,10101000 10100000 10001010 00000000,28.1,274.25,27.6,86.0,5964.0,2035.0
2022-06-23 18:13:21.796782,28.1,279.9,23.1,279.9,96,100,0.0,27.58,171.3,30.0,3.441,3.462,27,30,560,558,00000000 10101000 10000010 00001010,10101000 10100000 10001010 00000000,28.1,274.25,27.6,86.0,5964.0,2035.0
2022-06-23 18:13:22.800066,28.1,279.9,23.1,279.9,96,100,0.0,27.58,171.4,30.0,3.441,3.462,27,30,560,558,00000000 10101000 10000010 00001010,10101000 10100000 10001010 00000000,28.1,274.25,27.55,86.0,5964.0,2035.0
2022-06-23 18:13:23.803268,28.1,279.9,23.1,279.9,96,100,0.0,27.58,171.4,30.0,3.441,3.462,27,30,560,558,00000000 10101000 10000010 00001010,10101000 10100000 10001010 00000000,28.1,274.25,27.55,86.0,5964.0,2035.0
2022-06-23 18:13:24.806206,28.1,279.9,23.1,279.9,96,100,0.0,27.58,171.4,30.0,3.441,3.462,27,30,560,558,00000000 10101000 10000010 00001010,10101000 10100000 10001010 00000000,28.1,274.25,27.6,86.0,5964.0,2035.0
2022-06-23 18:13:25.809413,28.1,279.9,23.1,279.9,97,100,0.0,27.58,171.4,30.0,3.441,3.462,27,30,560,558,00000000 10101000 10000010 00001010,10101000 10100000 10001010 00000000,28.1,274.25,27.55,86.0,5964.0,2035.0
2022-06-23 18:13:26.811799,28.1,279.9,23.1,279.9,97,100,0.0,27.58,171.4,30.0,3.441,3.462,27,30,560,558,00000000 10101000 10000010 00001010,10101000 10100000 10001010 00000000,28.1,274.25,27.55,86.0,5964.0,2035.0
2022-06-23 18:13:27.814423,28.1,279.9,23.1,279.9,97,100,0.0,27.59,171.4,30.0,3.441,3.462,27,30,560,558,00000000 10101000 10000010 00001010,10101000 10100000 10001010 00000000,28.1,274.25,27.6,86.0,5964.0,2035.0
2022-06-23 18:13:28.817162,28.1,279.9,23.1,279.9,97,100,0.0,27.59,171.4,30.0,3.441,3.462,27,30,560,558,00000000 10101000 10000010 00001010,10101000 10100000 10001010 00000000,28.1,274.25,27.6,86.0,5964.0,2035.0
2022-06-23 18:13:29.820124,28.1,279.9,23.1,279.9,97,100,0.0,27.58,171.4,30.0,3.441,3.462,27,30,560,558,00000000 10101000 10000010 00001010,10101000 10100000 10001010 00000000,28.1,274.25,27.55,86.0,5964.0,2035.0
2022-06-23 18:13:30.823243,28.1,279.9,23.1,279.9,97,100,0.0,27.59,171.4,30.0,3.441,3.462,27,30,560,558,00000000 10101000 10000010 00001010,10101000 10100000 10001010 00000000,28.1,274.25,27.55,86.0,5964.0,2035.0
2022-06-23 18:13:31.826610,28.1,279.9,23.1,279.9,97,100,0.0,27.59,171.4,30.0,3.441,3.462,27,30,560,558,00000000 10101000 10000010 00001010,10101000 10100000 10001010 00000000,28.1,274.25,27.55,86.0,5964.0,2035.0
2022-06-23 18:13:32.829954,28.1,279.9,23.1,279.9,97,100,0.0,27.59,171.3,30.0,3.441,3.462,27,30,560,558,00000000 10101000 10000010 00001010,10101000 10100000 10001010 00000000,28.1,274.25,27.55,86.0,5964.0,2035.0
2022-06-23 18:13:33.833725,28.1,279.9,23.1,279.9,97,100,0.0,27.59,171.4,30.0,3.441,3.462,27,30,560,558,00000000 10101000 10000010 00001010,10101000 10100000 10001010 00000000,28.1,274.25,27.55,86.0,5964.0,2035.0
2022-06-23 18:13:34.837222,28.1,279.9,23.1,279.9,97,100,0.0,27.59,171.4,30.0,3.441,3.462,27,30,560,558,00000000 10101000 10000010 00001010,10101000 10100000 10001010 00000000,28.1,274.25,27.55,86.0,5964.0,2035.0
2022-06-23 18:13:35.840551,28.1,279.9,23.1,279.9,97,100,0.0,27.59,171.4,30.0,3.441,3.462,27,30,560,558,00000000 10101000 10000010 00001010,10101000 10100000 10001010 00000000,28.1,274.25,27.6,86.0,5964.0,2035.0
2022-06-23 18:13:36.842995,28.1,279.9,23.1,279.9,97,100,0.0,27.59,171.4,30.0,3.443,3.462,27,30,560,558,00000000 10101000 10000010 00001010,10101000 10100000 10001010 00000000,28.1,274.25,27.55,86.0,5964.0,2035.0
2022-06-23 18:13:37.846765,28.1,279.9,23.1,279.9,97,100,0.0,27.59,171.4,30.0,3.443,3.462,27,30,560,558,00000000 10101000 10000010 00001010,10101000 10100000 10001010 00000000,28.1,274.25,27.55,86.0,5964.0,2035.0
2022-06-23 18:13:38.849492,28.1,279.9,23.1,279.9,97,100,0.0,27.59,171.4,30.0,3.443,3.462,27,30,560,558,00000000 10101000 10000010 00001010,10101000 10100000 10001010 00000000,28.1,274.25,27.55,86.0,5964.0,2035.0
2022-06-23 18:13:39.851878,28.1,279.9,23.1,279.9,97,100,0.0,27.59,171.4,30.0,3.441,3.462,27,30,560,558,00000000 10101000 10000010 00001010,10101000 10100000 10001010 00000000,28.1,274.25,27.55,86.0,5964.0,2035.0
2022-06-23 18:13:40.854725,28.1,279.9,23.1,279.9,97,100,0.0,27.59,171.4,30.0,3.441,3.462,27,30,560,558,00000000 10101000 10000010 00001010,10101000 10100000 10001010 00000000,28.1,274.25,27.6,86.0,5964.0,2035.0
2022-06-23 18:13:41.857575,28.1,279.9,23.1,279.9,97,100,0.0,27.59,171.3,30.0,3.441,3.462,27,30,560,558,00000000 10101000 10000010 00001010,10101000 10100000 10001010 00000000,28.1,274.25,27.55,86.0,5964.0,2035.0
2022-06-23 18:13:42.860953,28.1,279.9,23.1,279.9,97,100,0.0,27.6,171.4,30.0,3.441,3.462,27,30,560,558,00000000 10101000 10000010 00001010,10101000 10100000 10001010 00000000,28.1,274.25,27.6,86.0,5964.0,2040.0
2022-06-23 18:13:43.864375,28.1,279.9,23.1,279.9,97,100,0.0,27.6,171.4,30.0,3.444,3.465,27,30,560,558,00000000 10101000 10000010 00001010,10101000 10100000 10001010 00000000,28.1,274.25,27.55,86.0,5978.0,2040.0
2022-06-23 18:13:44.867207,28.1,279.9,23.1,279.9,97,100,0.0,27.59,171.4,30.0,3.444,3.465,27,30,560,558,00000000 10101000 10000010 00001010,10101000 10100000 10001010 00000000,28.1,274.25,27.6,86.0,5978.0,2040.0
2022-06-23 18:13:45.870612,28.1,279.9,23.1,279.9,97,100,0.0,27.59,171.4,30.0,3.444,3.465,27,30,560,558,00000000 10101000 10000010 00001010,10101000 10100000 10001010 00000000,28.1,274.25,27.6,86.0,5978.0,2040.0
2022-06-23 18:13:46.873660,28.1,279.9,23.1,279.9,97,100,0.0,27.6,171.4,30.0,3.444,3.465,27,30,560,558,00000000 10101000 10000010 00001010,10101000 10100000 10001010 00000000,28.1,274.25,27.6,86.0,5978.0,2040.0
2022-06-23 18:13:47.876404,28.1,279.9,23.1,279.9,97,100,0.0,27.6,171.4,30.0,3.444,3.465,27,30,560,558,00000000 10101000 10000010 00001010,10101000 10100000 10001010 00000000,28.1,274.25,27.55,86.0,5978.0,2040.0
2022-06-23 18:13:48.879666,28.1,279.9,23.1,279.9,97,100,0.0,27.6,171.4,30.0,3.444,3.465,27,30,560,558,00000000 10101000 10000010 00001010,10101000 10100000 10001010 00000000,28.1,274.25,27.6,86.0,5978.0,2040.0
2022-06-23 18:13:49.882518,28.1,279.9,23.1,279.9,97,100,0.0,27.6,171.3,30.0,3.444,3.465,27,30,560,558,00000000 10101000 10000010 00001010,10101000 10100000 10001010 00000000,28.1,274.25,27.6,86.0,5978.0,2040.0
2022-06-23 18:13:50.885654,28.1,279.9,23.1,279.9,97,100,0.0,27.6,171.3,30.0,3.444,3.465,27,30,560,558,00000000 10101000 10000010 00001010,10101000 10100000 10001010 00000000,28.1,274.25,27.55,86.0,5978.0,2040.0
2022-06-23 18:13:51.888204,28.1,279.9,23.1,279.9,97,100,0.0,27.6,171.3,30.0,3.444,3.465,27,30,560,558,00000000 10101000 10000010 00001010,10101000 10100000 10001010 00000000,28.1,274.25,27.6,86.0,5978.0,2040.0
2022-06-23 18:13:52.890926,28.1,279.9,23.1,279.9,97,100,0.0,27.6,171.3,30.0,3.444,3.465,27,30,560,558,00000000 10101000 10000010 00001010,10101000 10100000 10001010 00000000,28.1,274.25,27.55,86.0,5978.0,2040.0
2022-06-23 18:13:53.893367,28.1,279.9,23.1,279.9,97,100,0.0,27.6,171.3,30.0,3.444,3.465,27,30,560,558,00000000 10101000 10000010 00001010,10101000 10100000 10001010 00000000,28.1,274.25,27.6,86.0,5978.0,2040.0
2022-06-23 18:13:54.896653,28.1,279.9,23.1,279.9,97,100,0.0,27.6,171.4,30.0,3.444,3.465,27,30,560,558,00000000 10101000 10000010 00001010,10101000 10100000 10001010 00000000,28.1,274.25,27.6,86.0,5978.0,2040.0
2022-06-23 18:13:55.900511,28.1,279.9,23.1,279.9,97,100,0.0,27.61,171.4,30.0,3.444,3.465,27,30,560,558,00000000 10101000 10000010 00001010,10101000 10100000 10001010 00000000,28.1,274.25,27.6,86.0,5978.0,2040.0
2022-06-23 18:13:56.903866,28.1,279.9,23.1,279.9,97,100,0.0,27.61,171.4,30.0,3.444,3.465,27,30,560,558,00000000 10101000 10000010 00001010,10101000 10100000 10001010 00000000,28.1,274.25,27.6,86.0,5978.0,2040.0
2022-06-23 18:13:57.907425,28.1,279.9,23.1,279.9,97,100,0.0,27.6,171.4,30.0,3.444,3.465,27,30,560,558,00000000 10101000 10000010 00001010,10101000 10100000 10001010 00000000,28.1,274.25,27.65,86.0,5978.0,2040.0
2022-06-23 18:13:58.910370,28.1,279.9,23.1,279.9,97,100,0.0,27.61,171.3,30.0,3.444,3.465,27,30,560,558,00000000 10101000 10000010 00001010,10101000 10100000 10001010 00000000,28.1,274.25,27.6,86.0,5978.0,2040.0
2022-06-23 18:13:59.913743,28.1,279.9,23.1,279.9,97,100,0.0,27.61,171.3,30.0,3.444,3.465,27,30,560,558,00000000 10101000 10000010 00001010,10101000 10100000 10001010 00000000,28.1,274.25,27.6,86.0,5978.0,2040.0
2022-06-23 18:14:00.917114,28.1,279.9,23.1,279.9,97,100,0.0,27.61,171.1,30.0,3.444,3.465,27,30,560,558,00000000 10101000 10000010 00001010,10101000 10100000 10001010 00000000,28.1,274.25,27.6,86.0,5978.0,2040.0
2022-06-23 18:14:01.920632,28.1,279.9,23.1,279.9,97,100,0.0,27.61,171.1,30.0,3.444,3.465,27,30,560,558,00000000 10101000 10000010 00001010,10101000 10100000 10001010 00000000,28.1,274.25,27.6,86.0,5978.0,2040.0
2022-06-23 18:14:02.923137,28.1,279.9,23.1,279.9,97,100,0.0,27.61,171.2,30.0,3.444,3.468,27,30,560,558,00000000 10101000 10000010 00001010,10101000 10100000 10001010 00000000,28.1,274.25,27.6,86.0,5978.0,2040.0
2022-06-23 18:14:03.926263,28.1,279.9,23.1,279.9,97,100,0.0,27.61,171.2,30.0,3.444,3.468,27,30,560,558,00000000 10101000 10000010 00001010,10101000 10100000 10001010 00000000,28.1,274.25,27.6,86.0,5978.0,2040.0
2022-06-23 18:14:04.928878,28.1,279.9,23.1,279.9,97,100,0.0,27.61,171.2,30.0,3.444,3.468,27,30,560,558,00000000 10101000 10000010 00001010,10101000 10100000 10001010 00000000,28.1,274.25,27.65,86.0,5978.0,2040.0
2022-06-23 18:14:05.931422,28.1,279.9,23.1,279.9,97,100,0.0,27.62,171.3,30.0,3.444,3.468,27,30,560,558,00000000 10101000 10000010 00001010,10101000 10100000 10001010 00000000,28.1,274.25,27.6,86.0,5978.0,2040.0
2022-06-23 18:14:06.934449,28.1,279.9,23.1,279.9,97,100,0.0,27.61,171.3,30.0,3.444,3.468,27,30,560,558,00000000 10101000 10000010 00001010,10101000 10100000 10001010 00000000,28.1,274.25,27.6,86.0,5978.0,2040.0
2022-06-23 18:14:07.937742,28.1,279.9,23.1,279.9,97,100,0.0,27.62,171.4,30.0,3.444,3.468,27,30,560,558,00000000 10101000 10000010 00001010,10101000 10100000 10001010 00000000,28.1,274.25,27.65,86.0,5978.0,2040.0
2022-06-23 18:14:08.940640,28.1,279.9,23.1,279.9,97,100,0.0,27.62,171.4,30.0,3.444,3.468,27,30,560,558,00000000 10101000 10000010 00001010,10101000 10100000 10001010 00000000,28.1,274.25,27.65,86.0,5978.0,2040.0
2022-06-23 18:14:09.943954,28.1,279.9,23.1,279.9,97,100,0.0,27.62,171.4,30.0,3.446,3.468,27,30,560,558,00000000 10101000 10000010 00001010,10101000 10100000 10001010 00000000,28.1,274.25,27.6,86.0,5978.0,2040.0
2022-06-23 18:14:10.946961,28.1,279.9,23.1,279.9,97,100,0.0,27.62,171.3,30.0,3.446,3.468,27,30,560,558,00000000 10101000 10000010 00001010,10101000 10100000 10001010 00000000,28.1,274.25,27.6,86.0,5978.0,2040.0
2022-06-23 18:14:11.949620,28.1,279.9,23.1,279.9,97,100,0.0,27.62,171.1,30.0,3.446,3.468,27,30,560,558,00000000 10101000 10000010 00001010,10101000 10100000 10001010 00000000,28.1,274.25,27.6,86.0,5978.0,2040.0
2022-06-23 18:14:12.952550,28.1,279.9,23.1,279.9,97,100,0.0,27.62,171.1,30.0,3.444,3.468,27,30,560,558,00000000 10101000 10000010 00001010,10101000 10100000 10001010 00000000,28.1,274.25,27.6,86.0,5978.0,2040.0
2022-06-23 18:14:13.955806,28.1,279.9,23.1,279.9,97,100,0.0,27.62,171.1,30.0,3.444,3.468,27,30,560,558,00000000 10101000 10000010 00001010,10101000 10100000 10001010 00000000,28.1,274.25,27.65,86.0,5978.0,2040.0
2022-06-23 18:14:14.959170,28.1,279.9,23.1,279.9,97,100,0.0,27.62,171.1,30.0,3.444,3.468,27,30,560,558,00000000 10101000 10000010 00001010,10101000 10100000 10001010 00000000,28.1,274.25,27.6,86.0,5978.0,2040.0
2022-06-23 18:14:15.962548,28.1,279.9,23.1,279.9,97,100,0.0,27.62,171.1,30.0,3.444,3.468,27,30,560,558,00000000 10101000 10000010 00001010,10101000 10100000 10001010 00000000,28.1,274.25,27.6,86.0,5978.0,2040.0
2022-06-23 18:14:16.965549,28.1,279.9,23.1,279.9,97,100,0.0,27.62,171.1,30.0,3.446,3.468,27,30,560,558,00000000 10101000 10000010 00001010,10101000 10100000 10001010 00000000,28.1,274.25,27.6,86.0,5978.0,2040.0
2022-06-23 18:14:17.968299,28.1,279.9,23.1,279.9,97,100,0.0,27.62,171.1,30.0,3.446,3.468,27,30,560,558,00000000 10101000 10000010 00001010,10101000 10100000 10001010 00000000,28.1,274.25,27.6,86.0,5978.0,2040.0
2022-06-23 18:14:18.971098,28.1,279.9,23.1,279.9,97,100,0.0,27.62,171.1,30.0,3.446,3.468,27,30,560,558,00000000 10101000 10000010 00001010,10101000 10100000 10001010 00000000,28.1,274.25,27.65,86.0,5978.0,2040.0
2022-06-23 18:14:19.974012,28.1,279.9,23.1,279.9,97,100,0.0,27.63,171.1,30.0,3.447,3.471,27,30,560,558,00000000 10101000 10000010 00001010,10101000 10100000 10001010 00000000,28.1,274.25,27.6,86.0,5978.0,2040.0
2022-06-23 18:14:20.977314,28.1,279.9,23.1,279.9,97,100,0.0,27.62,171.2,30.0,3.447,3.471,27,30,560,558,00000000 10101000 10000010 00001010,10101000 10100000 10001010 00000000,28.1,274.25,27.65,86.0,5978.0,2040.0
2022-06-23 18:14:21.980961,28.1,279.9,23.1,279.9,97,100,0.0,27.62,171.2,30.0,3.447,3.471,27,30,560,558,00000000 10101000 10000010 00001010,10101000 10100000 10001010 00000000,28.1,274.25,27.6,86.0,5978.0,2040.0
2022-06-23 18:14:22.984180,28.1,279.9,23.1,279.9,97,100,0.0,27.63,171.2,30.0,3.447,3.471,27,30,560,558,00000000 10101000 10000010 00001010,10101000 10100000 10001010 00000000,28.1,274.25,27.6,86.0,5978.0,2040.0
2022-06-23 18:14:23.986674,28.1,279.9,23.1,279.9,97,100,0.0,27.63,171.2,30.0,3.447,3.471,27,30,560,558,00000000 10101000 10000010 00001010,10101000 10100000 10001010 00000000,28.1,274.25,27.6,86.0,5978.0,2040.0
2022-06-23 18:14:24.989920,28.1,279.9,23.1,279.9,97,100,0.0,27.63,171.2,30.0,3.447,3.471,27,30,560,558,00000000 10101000 10000010 00001010,10101000 10100000 10001010 00000000,28.1,274.25,27.6,86.0,5978.0,2040.0
2022-06-23 18:14:25.993186,28.1,279.9,23.1,279.9,97,100,0.0,27.63,171.4,30.0,3.447,3.471,27,30,560,558,00000000 10101000 10000010 00001010,10101000 10100000 10001010 00000000,28.1,274.25,27.6,86.0,5978.0,2040.0
2022-06-23 18:14:26.996926,28.1,279.9,23.1,279.9,97,100,0.0,27.63,171.4,30.0,3.447,3.471,27,30,560,558,00000000 10101000 10000010 00001010,10101000 10100000 10001010 00000000,28.1,274.25,27.65,86.0,5978.0,2040.0
2022-06-23 18:14:28.000250,28.1,279.9,23.1,279.9,97,100,0.0,27.63,171.5,30.0,3.447,3.471,27,30,560,558,00000000 10101000 10000010 00001010,10101000 10100000 10001010 00000000,28.1,274.25,27.65,86.0,5993.0,2040.0
2022-06-23 18:14:29.003666,28.1,279.9,23.1,279.9,97,100,0.0,27.64,171.6,30.0,3.447,3.471,27,30,560,558,00000000 10101000 10000010 00001010,10101000 10100000 10001010 00000000,28.1,274.25,27.65,86.0,5993.0,2045.0
2022-06-23 18:14:30.006778,28.1,279.9,23.1,279.9,97,100,0.0,27.64,171.6,30.0,3.447,3.471,27,30,560,558,00000000 10101000 10000010 00001010,10101000 10100000 10001010 00000000,28.1,274.25,27.65,86.0,5993.0,2045.0
2022-06-23 18:14:31.009345,28.1,279.9,23.1,279.9,97,100,0.0,27.64,171.5,30.0,3.447,3.471,27,30,560,558,00000000 10101000 10000010 00001010,10101000 10100000 10001010 00000000,28.1,274.25,27.6,86.0,5993.0,2045.0
2022-06-23 18:14:32.012286,28.1,279.9,23.1,279.9,97,100,0.0,27.64,171.5,30.0,3.447,3.471,27,30,560,558,00000000 10101000 10000010 00001010,10101000 10100000 10001010 00000000,28.1,274.25,27.65,86.0,5993.0,2045.0
2022-06-23 18:14:33.015558,28.1,279.9,23.1,279.9,97,100,0.0,27.63,171.4,30.0,3.447,3.471,27,30,560,558,00000000 10101000 10000010 00001010,10101000 10100000 10001010 00000000,28.1,274.25,27.65,86.0,5993.0,2045.0
2022-06-23 18:14:34.018695,28.1,279.9,23.1,279.9,97,100,0.0,27.63,171.4,30.0,3.447,3.471,27,30,560,558,00000000 10101000 10000010 00001010,10101000 10100000 10001010 00000000,28.1,274.25,27.65,86.0,5993.0,2045.0
2022-06-23 18:14:35.021999,28.1,279.9,23.1,279.9,97,100,0.0,27.63,171.4,30.0,3.447,3.471,27,30,560,558,00000000 10101000 10000010 00001010,10101000 10100000 10001010 00000000,28.1,274.25,27.65,86.0,5993.0,2045.0
2022-06-23 18:14:36.024886,28.1,279.9,23.1,279.9,97,100,0.0,27.64,171.3,30.0,3.449,3.471,27,30,560,558,00000000 10101000 10000010 00001010,10101000 10100000 10001010 00000000,28.1,274.25,27.65,86.0,5993.0,2045.0
2022-06-23 18:14:37.027183,28.1,279.9,23.1,279.9,97,100,0.0,27.64,171.3,30.0,3.449,3.471,27,30,560,558,00000000 10101000 10000010 00001010,10101000 10100000 10001010 00000000,28.1,274.25,27.65,86.0,5993.0,2045.0
2022-06-23 18:14:38.030441,28.1,279.9,23.1,279.9,97,100,0.0,27.65,171.4,30.0,3.449,3.471,27,30,560,558,00000000 10101000 10000010 00001010,10101000 10100000 10001010 00000000,28.1,274.25,27.6,86.0,5993.0,2045.0
2022-06-23 18:14:39.032743,28.1,279.9,23.1,279.9,97,100,0.0,27.65,171.4,30.0,3.449,3.471,27,30,560,558,00000000 10101000 10000010 00001010,10101000 10100000 10001010 00000000,28.1,274.25,27.65,86.0,5993.0,2045.0
2022-06-23 18:14:40.036338,28.1,279.9,23.1,279.9,97,100,0.0,27.65,171.3,30.0,3.449,3.474,27,30,560,558,00000000 10101000 10000010 00001010,10101000 10100000 10001010 00000000,28.1,274.25,27.6,86.0,5993.0,2045.0
2022-06-23 18:14:41.039726,28.1,279.9,23.1,279.9,97,100,0.0,27.65,171.3,30.0,3.449,3.474,27,30,560,558,00000000 10101000 10000010 00001010,10101000 10100000 10001010 00000000,28.1,274.25,27.65,86.0,5993.0,2045.0
2022-06-23 18:14:42.042692,28.1,279.9,23.1,279.9,97,100,0.0,27.65,171.3,30.0,3.449,3.474,27,30,560,558,00000000 10101000 10000010 00001010,10101000 10100000 10001010 00000000,28.1,274.25,27.7,86.0,5993.0,2045.0
2022-06-23 18:14:43.045571,28.1,279.9,23.1,279.9,97,100,0.0,27.65,171.3,30.0,3.449,3.474,27,30,560,558,00000000 10101000 10000010 00001010,10101000 10100000 10001010 00000000,28.1,274.25,27.65,86.0,5993.0,2045.0
2022-06-23 18:14:44.048022,28.1,279.9,23.1,279.9,97,100,0.0,27.65,171.3,30.0,3.449,3.474,27,30,560,558,00000000 10101000 10000010 00001010,10101000 10100000 10001010 00000000,28.1,274.25,27.65,86.0,5993.0,2045.0
2022-06-23 18:14:45.050843,28.1,279.9,23.1,279.9,97,100,0.0,27.65,171.4,30.0,3.449,3.474,27,30,560,558,00000000 10101000 10000010 00001010,10101000 10100000 10001010 00000000,28.1,274.25,27.65,86.0,5993.0,2045.0
2022-06-23 18:14:46.053758,28.1,279.9,23.1,279.9,97,100,0.0,27.65,171.4,30.0,3.45,3.474,27,30,560,558,00000000 10101000 10000010 00001010,10101000 10100000 10001010 00000000,28.1,274.25,27.65,86.0,5993.0,2045.0
2022-06-23 18:14:47.057427,28.1,279.9,23.1,279.9,97,100,0.0,27.65,171.4,30.0,3.45,3.474,27,30,560,558,00000000 10101000 10000010 00001010,10101000 10100000 10001010 00000000,28.1,274.25,27.6,86.0,5993.0,2045.0
2022-06-23 18:14:48.061439,28.1,279.9,23.1,279.9,97,100,0.0,27.65,171.4,30.0,3.45,3.474,27,30,560,558,00000000 10101000 10000010 00001010,10101000 10100000 10001010 00000000,28.1,274.25,27.65,86.0,5993.0,2045.0
2022-06-23 18:14:49.069362,28.1,279.9,23.1,279.9,97,100,0.0,27.65,171.5,30.0,3.45,3.474,27,30,560,558,00000000 10101000 10000010 00001010,10101000 10100000 10001010 00000000,28.1,274.25,27.65,86.0,5993.0,2045.0
2022-06-23 18:14:50.072136,28.1,279.9,23.1,279.9,97,100,0.0,27.65,171.5,30.0,3.45,3.474,27,30,560,558,00000000 10101000 10000010 00001010,10101000 10100000 10001010 00000000,28.1,274.25,27.65,86.0,5993.0,2045.0
2022-06-23 18:14:51.075452,28.1,279.9,23.1,279.9,97,100,0.0,27.65,171.5,30.0,3.45,3.474,27,30,560,558,00000000 10101000 10000010 00001010,10101000 10100000 10001010 00000000,28.1,274.25,27.65,87.0,5993.0,2045.0
2022-06-23 18:14:52.078482,28.1,279.9,23.1,279.9,97,100,0.0,27.65,171.5,30.0,3.45,3.474,27,30,560,558,00000000 10101000 10000010 00001010,10101000 10100000 10001010 00000000,28.1,274.25,27.65,87.0,5993.0,2045.0
2022-06-23 18:14:53.082115,28.1,279.9,23.1,279.9,97,100,0.0,27.66,171.5,30.0,3.45,3.477,27,30,560,558,00000000 10101000 10000010 00001010,10101000 10100000 10001010 00000000,28.1,274.25,27.65,86.0,5993.0,2045.0
2022-06-23 18:14:54.085291,28.1,279.9,23.1,279.9,97,100,0.0,27.66,171.5,30.0,3.45,3.477,27,30,560,558,00000000 10101000 10000010 00001010,10101000 10100000 10001010 00000000,28.1,274.25,27.65,87.0,5993.0,2045.0
2022-06-23 18:14:55.088235,28.1,279.9,23.1,279.9,97,100,0.0,27.66,171.5,30.0,3.45,3.477,27,30,560,558,00000000 10101000 10000010 00001010,10101000 10100000 10001010 00000000,28.1,274.25,27.65,87.0,5993.0,2045.0
2022-06-23 18:14:56.090920,28.1,279.9,23.1,279.9,97,100,0.0,27.66,171.4,30.0,3.45,3.477,27,30,560,558,00000000 10101000 10000010 00001010,10101000 10100000 10001010 00000000,28.1,274.25,27.65,87.0,5993.0,2045.0
2022-06-23 18:14:57.093446,28.1,279.9,23.1,279.9,97,100,0.0,27.66,171.4,30.0,3.45,3.477,27,30,560,558,00000000 10101000 10000010 00001010,10101000 10100000 10001010 00000000,28.1,274.25,27.65,87.0,5993.0,2045.0
2022-06-23 18:14:58.096544,28.1,279.9,23.1,279.9,97,100,0.0,27.66,171.4,30.0,3.45,3.477,27,30,560,558,00000000 10101000 10000010 00001010,10101000 10100000 10001010 00000000,28.1,274.25,27.65,87.0,5993.0,2045.0
2022-06-23 18:14:59.099792,28.1,279.9,23.1,279.9,97,100,0.0,27.67,171.4,30.0,3.45,3.477,27,30,560,558,00000000 10101000 10000010 00001010,10101000 10100000 10001010 00000000,28.1,274.25,27.7,87.0,5993.0,2045.0
2022-06-23 18:15:00.102396,28.1,279.9,23.1,279.9,97,100,0.0,27.67,171.3,30.0,3.45,3.477,27,30,560,558,00000000 10101000 10000010 00001010,10101000 10100000 10001010 00000000,28.1,274.25,27.7,87.0,5993.0,2045.0
2022-06-23 18:15:01.105772,28.1,279.9,23.1,279.9,97,100,0.0,27.67,171.3,30.0,3.45,3.477,27,30,560,558,00000000 10101000 10000010 00001010,10101000 10100000 10001010 00000000,28.1,274.25,27.65,87.0,5993.0,2045.0
2022-06-23 18:15:02.108566,28.1,279.9,23.1,279.9,97,100,0.0,27.67,171.3,30.0,3.452,3.477,27,30,560,558,00000000 10101000 10000010 00001010,10101000 10100000 10001010 00000000,28.1,274.25,27.65,87.0,5993.0,2045.0
2022-06-23 18:15:03.111784,28.1,279.9,23.1,279.9,97,100,0.0,27.67,171.3,30.0,3.452,3.477,27,30,560,558,00000000 10101000 10000010 00001010,10101000 10100000 10001010 00000000,28.1,274.25,27.65,87.0,5993.0,2045.0
2022-06-23 18:15:04.115234,28.1,279.9,23.1,279.9,97,100,0.0,27.67,171.3,30.0,3.452,3.477,27,30,560,558,00000000 10101000 10000010 00001010,10101000 10100000 10001010 00000000,28.1,274.25,27.7,87.0,5993.0,2045.0
2022-06-23 18:15:05.118215,28.1,279.9,23.1,279.9,97,100,0.0,27.68,171.2,30.0,3.452,3.477,27,30,560,558,00000000 10101000 10000010 00001010,10101000 10100000 10001010 00000000,28.1,274.25,27.65,87.0,5993.0,2045.0
2022-06-23 18:15:06.121545,28.1,279.9,23.1,279.9,97,100,0.0,27.68,171.3,30.0,3.453,3.48,27,30,560,558,00000000 10101000 10000010 00001010,10101000 10100000 10001010 00000000,28.1,274.25,27.65,87.0,5993.0,2045.0
2022-06-23 18:15:07.124479,28.1,279.9,23.1,279.9,97,100,0.0,27.68,171.3,30.0,3.453,3.48,27,30,560,558,00000000 10101000 10000010 00001010,10101000 10100000 10001010 00000000,28.1,274.25,27.65,87.0,5993.0,2045.0
2022-06-23 18:15:08.127736,28.1,279.9,23.1,279.9,97,100,0.0,27.68,171.3,30.0,3.453,3.48,27,30,560,558,00000000 10101000 10000010 00001010,10101000 10100000 10001010 00000000,28.1,274.25,27.7,87.0,5993.0,2045.0
2022-06-23 18:15:09.130621,28.1,279.9,23.1,279.9,97,100,0.0,27.68,171.4,30.0,3.453,3.48,27,30,560,558,00000000 10101000 10000010 00001010,10101000 10100000 10001010 00000000,28.1,274.25,27.7,87.0,5993.0,2045.0
2022-06-23 18:15:10.132892,28.1,279.9,23.1,279.9,97,100,0.0,27.68,171.3,30.0,3.453,3.48,27,30,560,558,00000000 10101000 10000010 00001010,10101000 10100000 10001010 00000000,28.1,274.25,27.65,87.0,5993.0,2045.0
2022-06-23 18:15:11.135760,28.1,279.9,23.1,279.9,97,100,0.0,27.68,171.3,30.0,3.453,3.48,27,30,560,558,00000000 10101000 10000010 00001010,10101000 10100000 10001010 00000000,28.1,274.25,27.7,87.0,5993.0,2045.0
2022-06-23 18:15:12.138995,28.1,279.9,23.1,279.9,97,100,0.0,27.68,171.2,30.0,3.453,3.48,27,30,560,558,00000000 10101000 10000010 00001010,10101000 10100000 10001010 00000000,28.1,274.25,27.65,87.0,5978.0,2040.0
2022-06-23 18:15:13.142240,28.1,279.9,23.1,279.9,97,100,0.0,27.68,171.2,30.0,3.453,3.48,27,30,560,558,00000000 10101000 10000010 00001010,10101000 10100000 10001010 00000000,28.1,274.25,27.7,87.0,5978.0,2040.0
2022-06-23 18:15:14.145640,28.1,279.9,23.1,279.9,97,100,0.0,27.68,171.2,30.0,3.453,3.48,27,30,560,558,00000000 10101000 10000010 00001010,10101000 10100000 10001010 00000000,28.1,274.25,27.7,87.0,5978.0,2040.0
2022-06-23 18:15:15.148574,28.1,279.9,23.1,279.9,97,100,0.0,27.68,171.3,30.0,3.453,3.48,27,30,560,558,00000000 10101000 10000010 00001010,10101000 10100000 10001010 00000000,28.1,274.25,27.65,87.0,5978.0,2040.0
2022-06-23 18:15:16.152045,28.1,279.9,23.1,279.9,97,100,0.0,27.68,171.3,30.0,3.453,3.48,27,30,560,558,00000000 10101000 10000010 00001010,10101000 10100000 10001010 00000000,28.1,274.25,27.65,87.0,5978.0,2040.0
2022-06-23 18:15:17.155478,28.1,279.9,23.1,279.9,97,100,0.0,27.69,171.2,30.0,3.453,3.48,27,30,560,558,00000000 10101000 10000010 00001010,10101000 10100000 10001010 00000000,28.1,274.25,27.7,87.0,5978.0,2040.0
2022-06-23 18:15:18.158879,28.1,279.9,23.1,279.9,97,100,0.0,27.68,171.4,30.0,3.453,3.48,27,30,560,558,00000000 10101000 10000010 00001010,10101000 10100000 10001010 00000000,28.1,274.25,27.7,87.0,5978.0,2040.0
2022-06-23 18:15:19.162900,28.1,279.9,23.1,279.9,97,100,0.0,27.68,171.4,30.0,3.453,3.48,27,30,560,558,00000000 10101000 10000010 00001010,10101000 10100000 10001010 00000000,28.1,274.25,27.65,87.0,5978.0,2040.0
2022-06-23 18:15:20.166038,28.1,279.9,23.1,279.9,97,100,0.0,27.69,171.6,30.0,3.453,3.48,27,30,560,558,00000000 10101000 10000010 00001010,10101000 10100000 10001010 00000000,28.1,274.25,27.7,87.0,5978.0,2040.0
2022-06-23 18:15:21.168873,28.1,279.9,23.1,279.9,97,100,0.0,27.7,171.6,30.0,3.453,3.48,27,30,560,558,00000000 10101000 10000010 00001010,10101000 10100000 10001010 00000000,28.1,274.25,27.65,87.0,5978.0,2040.0
2022-06-23 18:15:22.171554,28.1,279.9,23.1,279.9,97,100,0.0,27.7,171.6,30.0,3.455,3.483,27,30,560,558,00000000 10101000 10000010 00001010,10101000 10100000 10001010 00000000,28.1,274.25,27.75,87.0,5978.0,2040.0
2022-06-23 18:15:23.174319,28.1,279.9,23.1,279.9,97,100,0.0,27.7,171.6,30.0,3.455,3.483,27,30,560,558,00000000 10101000 10000010 00001010,10101000 10100000 10001010 00000000,28.1,274.25,27.7,87.0,5978.0,2040.0
2022-06-23 18:15:24.177747,28.1,279.9,23.1,279.9,98,100,0.0,27.7,171.6,30.0,3.455,3.483,27,30,560,558,00000000 10101000 10000010 00001010,10101000 10100000 10001010 00000000,28.1,274.25,27.65,87.0,5978.0,2040.0
2022-06-23 18:15:25.180827,28.1,279.9,23.1,279.9,98,100,0.0,27.7,171.6,30.0,3.455,3.483,27,30,560,558,00000000 10101000 10000010 00001010,10101000 10100000 10001010 00000000,28.1,274.25,27.7,87.0,5978.0,2040.0
2022-06-23 18:15:26.184107,28.1,279.9,23.1,279.9,98,100,0.0,27.7,171.6,30.0,3.455,3.483,27,30,560,558,00000000 10101000 10000010 00001010,10101000 10100000 10001010 00000000,28.1,274.25,27.65,87.0,5978.0,2040.0
2022-06-23 18:15:27.187106,28.1,279.9,23.1,279.9,98,100,0.0,27.7,171.5,30.0,3.455,3.483,27,30,560,558,00000000 10101000 10000010 00001010,10101000 10100000 10001010 00000000,28.1,274.25,27.7,87.0,5978.0,2040.0
2022-06-23 18:15:28.190490,28.1,279.9,23.1,279.9,98,100,0.0,27.7,171.5,30.0,3.456,3.483,27,30,560,558,00000000 10101000 10000010 00001010,10101000 10100000 10001010 00000000,28.1,274.25,27.7,87.0,5978.0,2040.0
2022-06-23 18:15:29.193422,28.1,279.9,23.1,279.9,98,100,0.0,27.7,171.5,30.0,3.456,3.483,27,30,560,558,00000000 10101000 10000010 00001010,10101000 10100000 10001010 00000000,28.1,274.25,27.7,87.0,5993.0,2045.0
2022-06-23 18:15:30.196510,28.1,279.9,23.1,279.9,98,100,0.0,27.7,171.5,30.0,3.456,3.483,27,30,560,558,00000000 10101000 10000010 00001010,10101000 10100000 10001010 00000000,28.1,274.25,27.7,87.0,5993.0,2045.0
2022-06-23 18:15:31.199146,28.1,279.9,23.1,279.9,98,100,0.0,27.7,171.4,30.0,3.456,3.483,28,30,560,558,00000000 10101000 10000010 00001010,10101000 10100000 10001010 00000000,28.1,274.25,27.7,87.0,5993.0,2045.0
2022-06-23 18:15:32.202370,28.1,279.9,23.1,279.9,98,100,0.0,27.7,171.4,30.0,3.456,3.483,28,30,560,558,00000000 10101000 10000010 00001010,10101000 10100000 10001010 00000000,28.1,274.25,27.75,87.0,5993.0,2045.0
2022-06-23 18:15:33.205348,28.1,279.9,23.1,279.9,98,100,0.0,27.71,171.4,30.0,3.456,3.483,28,30,560,558,00000000 10101000 10000010 00001010,10101000 10100000 10001010 00000000,28.1,274.25,27.75,87.0,5993.0,2045.0
2022-06-23 18:15:34.208085,28.1,279.9,23.1,279.9,98,100,0.0,27.71,171.4,30.0,3.456,3.483,28,30,560,558,00000000 10101000 10000010 00001010,10101000 10100000 10001010 00000000,28.1,274.25,27.75,87.0,5993.0,2045.0
2022-06-23 18:15:35.210784,28.1,279.9,23.1,279.9,98,100,0.0,27.71,171.3,30.0,3.456,3.486,27,30,560,558,00000000 10101000 10000010 00001010,10101000 10100000 10001010 00000000,28.1,274.25,27.7,87.0,5993.0,2045.0
2022-06-23 18:15:36.213293,28.1,279.9,23.1,279.9,98,100,0.0,27.71,171.2,30.0,3.456,3.486,27,30,560,558,00000000 10101000 10000010 00001010,10101000 10100000 10001010 00000000,28.1,274.25,27.7,87.0,5993.0,2045.0
2022-06-23 18:15:37.216729,28.1,279.9,23.1,279.9,98,100,0.0,27.71,171.2,30.0,3.456,3.486,27,30,560,558,00000000 10101000 10000010 00001010,10101000 10100000 10001010 00000000,28.1,274.25,27.7,87.0,5993.0,2045.0
2022-06-23 18:15:38.219583,28.1,279.9,23.1,279.9,98,100,0.0,27.71,171.2,30.0,3.456,3.486,27,30,560,558,00000000 10101000 10000010 00001010,10101000 10100000 10001010 00000000,28.1,274.25,27.7,87.0,5993.0,2045.0
2022-06-23 18:15:39.222892,28.1,279.9,23.1,279.9,98,100,0.0,27.71,171.3,30.0,3.456,3.486,27,30,560,558,00000000 10101000 10000010 00001010,10101000 10100000 10001010 00000000,28.1,274.25,27.7,87.0,5993.0,2045.0
2022-06-23 18:15:40.227373,28.1,279.9,23.1,279.9,98,100,0.0,27.72,171.3,30.0,3.456,3.486,27,30,560,558,00000000 10101000 10000010 00001010,10101000 10100000 10001010 00000000,28.1,274.25,27.75,87.0,5993.0,2045.0
2022-06-23 18:15:41.230076,28.1,279.9,23.1,279.9,98,100,0.0,27.72,171.3,30.0,3.458,3.486,27,30,560,558,00000000 10101000 10000010 00001010,10101000 10100000 10001010 00000000,28.1,274.25,27.75,87.0,5993.0,2045.0
2022-06-23 18:15:42.233469,28.1,279.9,23.1,279.9,98,100,0.0,27.72,171.3,30.0,3.458,3.486,27,30,560,558,00000000 10101000 10000010 00001010,10101000 10100000 10001010 00000000,28.1,274.25,27.7,87.0,5993.0,2045.0
2022-06-23 18:15:43.236972,28.1,279.9,23.1,279.9,98,100,0.0,27.72,171.3,30.0,3.458,3.486,27,30,560,558,00000000 10101000 10000010 00001010,10101000 10100000 10001010 00000000,28.1,274.25,27.75,87.0,5993.0,2045.0
2022-06-23 18:15:44.240501,28.1,279.9,23.1,279.9,98,100,0.0,27.72,171.4,30.0,3.458,3.486,27,30,560,558,00000000 10101000 10000010 00001010,10101000 10100000 10001010 00000000,28.1,274.25,27.7,87.0,5993.0,2045.0
2022-06-23 18:15:45.243976,28.1,279.9,23.1,279.9,98,100,0.0,27.73,171.4,30.0,3.459,3.489,28,30,560,558,00000000 10101000 10000010 00001010,10101000 10100000 10001010 00000000,28.1,274.25,27.7,87.0,5993.0,2045.0
2022-06-23 18:15:46.246677,28.1,279.9,23.1,279.9,98,100,0.0,27.73,171.4,30.0,3.459,3.489,28,30,560,558,00000000 10101000 10000010 00001010,10101000 10100000 10001010 00000000,28.1,274.25,27.7,87.0,5993.0,2045.0
2022-06-23 18:15:47.249263,28.1,279.9,23.1,279.9,98,100,0.0,27.72,171.4,30.0,3.459,3.489,28,30,560,558,00000000 10101000 10000010 00001010,10101000 10100000 10001010 00000000,28.1,274.25,27.75,87.0,5993.0,2045.0
2022-06-23 18:15:48.251751,28.1,279.9,23.1,279.9,98,100,0.0,27.73,171.5,30.0,3.459,3.489,27,30,560,558,00000000 10101000 10000010 00001010,10101000 10100000 10001010 00000000,28.1,274.25,27.75,87.0,5993.0,2045.0
2022-06-23 18:15:49.254645,28.1,279.9,23.1,279.9,98,100,0.0,27.74,171.5,30.0,3.459,3.489,27,30,560,558,00000000 10101000 10000010 00001010,10101000 10100000 10001010 00000000,28.1,274.25,27.75,87.0,5993.0,2045.0
2022-06-23 18:15:50.257620,28.1,279.9,23.1,279.9,98,100,0.0,27.74,171.5,30.0,3.459,3.489,27,30,560,558,00000000 10101000 10000010 00001010,10101000 10100000 10001010 00000000,28.1,274.25,27.7,87.0,5993.0,2045.0
2022-06-23 18:15:51.260755,28.1,279.9,23.1,279.9,98,100,0.0,27.74,171.4,30.0,3.459,3.489,28,30,560,558,00000000 10101000 10000010 00001010,10101000 10100000 10001010 00000000,28.1,274.25,27.7,87.0,5993.0,2045.0
2022-06-23 18:15:52.263870,28.1,279.9,23.1,279.9,98,100,0.0,27.74,171.3,30.0,3.459,3.489,28,30,560,558,00000000 10101000 10000010 00001010,10101000 10100000 10001010 00000000,28.1,274.25,27.7,87.0,5993.0,2045.0
2022-06-23 18:15:53.267498,28.1,279.9,23.1,279.9,98,100,0.0,27.74,171.6,30.0,3.459,3.489,28,30,560,558,00000000 10101000 10000010 00001010,10101000 10100000 10001010 00000000,28.1,274.25,27.75,87.0,5993.0,2045.0
2022-06-23 18:15:54.271376,28.1,279.9,23.1,279.9,98,100,0.0,27.74,171.6,30.0,3.459,3.489,28,30,560,558,00000000 10101000 10000010 00001010,10101000 10100000 10001010 00000000,28.1,274.25,27.7,87.0,5993.0,2045.0
2022-06-23 18:15:55.274269,28.1,279.9,23.1,279.9,98,100,0.0,27.74,171.8,30.0,3.459,3.489,28,30,560,558,00000000 10101000 10000010 00001010,10101000 10100000 10001010 00000000,28.1,274.25,27.75,87.0,5993.0,2045.0
2022-06-23 18:15:56.277210,28.1,279.9,23.1,279.9,98,100,0.0,27.74,171.8,30.0,3.459,3.489,28,30,560,558,00000000 10101000 10000010 00001010,10101000 10100000 10001010 00000000,28.1,274.25,27.75,87.0,5993.0,2045.0
2022-06-23 18:15:57.280053,28.1,279.9,23.1,279.9,98,100,0.0,27.74,171.7,30.0,3.459,3.489,28,30,560,558,00000000 10101000 10000010 00001010,10101000 10100000 10001010 00000000,28.1,274.25,27.75,87.0,5993.0,2045.0
2022-06-23 18:15:58.283977,28.1,279.9,23.1,279.9,98,100,0.0,27.74,171.7,30.0,3.459,3.489,28,30,560,558,00000000 10101000 10000010 00001010,10101000 10100000 10001010 00000000,28.1,274.25,27.75,87.0,5993.0,2045.0
2022-06-23 18:15:59.287341,28.1,279.9,23.1,279.9,98,100,0.0,27.74,171.7,30.0,3.459,3.489,28,30,560,558,00000000 10101000 10000010 00001010,10101000 10100000 10001010 00000000,28.1,274.25,27.75,87.0,5993.0,2045.0
2022-06-23 18:16:00.290410,28.1,279.9,23.1,279.9,98,100,0.0,27.75,171.7,30.0,3.459,3.489,28,30,560,558,00000000 10101000 10000010 00001010,10101000 10100000 10001010 00000000,28.1,274.25,27.8,87.0,5993.0,2045.0
2022-06-23 18:16:01.293863,28.1,279.9,23.1,279.9,98,100,0.0,27.76,171.8,30.0,3.461,3.492,27,30,560,558,00000000 10101000 10000010 00001010,10101000 10100000 10001010 00000000,28.1,274.25,27.7,87.0,5993.0,2045.0
2022-06-23 18:16:02.297090,28.1,279.9,23.1,279.9,98,100,0.0,27.76,171.8,30.0,3.461,3.492,27,30,560,558,00000000 10101000 10000010 00001010,10101000 10100000 10001010 00000000,28.1,274.25,27.75,87.0,6008.0,2050.0
2022-06-23 18:16:03.300620,28.1,279.9,23.1,279.9,98,100,0.0,27.75,171.8,30.0,3.461,3.492,27,30,560,558,00000000 10101000 10000010 00001010,10101000 10100000 10001010 00000000,28.1,274.25,27.75,87.0,6008.0,2050.0
2022-06-23 18:16:04.303322,28.1,279.9,23.1,279.9,98,100,0.0,27.76,171.8,30.0,3.462,3.492,28,30,560,558,00000000 10101000 10000010 00001010,10101000 10100000 10001010 00000000,28.1,274.25,27.75,87.0,6008.0,2050.0
2022-06-23 18:16:05.306553,28.1,279.9,23.1,279.9,98,100,0.0,27.76,171.8,30.0,3.462,3.492,28,30,560,558,00000000 10101000 10000010 00001010,10101000 10100000 10001010 00000000,28.1,274.25,27.8,87.0,6008.0,2050.0
2022-06-23 18:16:06.310223,28.1,279.9,23.1,279.9,98,100,0.0,27.76,171.8,30.0,3.462,3.492,28,30,560,558,00000000 10101000 10000010 00001010,10101000 10100000 10001010 00000000,28.1,274.25,27.75,87.0,6008.0,2050.0
2022-06-23 18:16:07.312663,28.1,279.9,23.1,279.9,98,100,0.0,27.76,171.7,30.0,3.462,3.492,28,30,560,558,00000000 10101000 10000010 00001010,10101000 10100000 10001010 00000000,28.1,274.25,27.75,87.0,6008.0,2050.0
2022-06-23 18:16:08.316049,28.1,279.9,23.1,279.9,98,100,0.0,27.76,171.7,30.0,3.462,3.492,28,30,560,558,00000000 10101000 10000010 00001010,10101000 10100000 10001010 00000000,28.1,274.25,27.75,87.0,6008.0,2050.0
2022-06-23 18:16:09.319391,28.1,279.9,23.1,279.9,98,100,0.0,27.76,171.7,30.0,3.462,3.492,28,30,560,558,00000000 10101000 10000010 00001010,10101000 10100000 10001010 00000000,28.1,274.25,27.75,87.0,6008.0,2050.0
2022-06-23 18:16:10.322688,28.1,279.9,23.1,279.9,98,100,0.0,27.77,171.7,30.0,3.462,3.492,28,30,560,558,00000000 10101000 10000010 00001010,10101000 10100000 10001010 00000000,28.1,274.25,27.75,87.0,6008.0,2050.0
2022-06-23 18:16:11.325869,28.1,279.9,23.1,279.9,98,100,0.0,27.77,171.7,30.0,3.462,3.495,28,30,560,558,00000000 10101000 10000010 00001010,10101000 10100000 10001010 00000000,28.1,274.25,27.75,87.0,6008.0,2050.0
2022-06-23 18:16:12.328679,28.1,279.9,23.1,279.9,98,100,0.0,27.77,171.6,30.0,3.462,3.495,28,30,560,558,00000000 10101000 10000010 00001010,10101000 10100000 10001010 00000000,28.1,274.25,27.75,87.0,6008.0,2050.0
2022-06-23 18:16:13.331121,28.1,279.9,23.1,279.9,98,100,0.0,27.77,171.5,30.0,3.462,3.495,28,30,560,558,00000000 10101000 10000010 00001010,10101000 10100000 10001010 00000000,28.1,274.25,27.8,87.0,6008.0,2050.0
2022-06-23 18:16:14.333846,28.1,279.9,23.1,279.9,98,100,0.0,27.77,171.5,30.0,3.464,3.495,28,30,560,558,00000000 10101000 10000010 00001010,10101000 10100000 10001010 00000000,28.1,274.25,27.8,87.0,6008.0,2050.0
2022-06-23 18:16:15.337156,28.1,279.9,23.1,279.9,98,100,0.0,27.77,171.5,30.0,3.464,3.495,28,30,560,558,00000000 10101000 10000010 00001010,10101000 10100000 10001010 00000000,28.1,274.25,27.75,87.0,6008.0,2050.0
2022-06-23 18:16:16.340587,28.1,279.9,23.1,279.9,98,100,0.0,27.78,171.5,30.0,3.464,3.495,28,30,560,558,00000000 10101000 10000010 00001010,10101000 10100000 10001010 00000000,28.1,274.25,27.75,87.0,6008.0,2050.0
2022-06-23 18:16:17.342878,28.1,279.9,23.1,279.9,98,100,0.0,27.78,171.5,30.0,3.464,3.495,28,30,560,558,00000000 10101000 10000010 00001010,10101000 10100000 10001010 00000000,28.1,274.25,27.8,87.0,6008.0,2050.0
2022-06-23 18:16:18.345788,28.1,279.9,23.1,279.9,98,100,0.0,27.78,171.5,30.0,3.464,3.495,28,30,560,558,00000000 10101000 10000010 00001010,10101000 10100000 10001010 00000000,28.1,274.25,27.75,87.0,6008.0,2050.0
2022-06-23 18:16:19.349082,28.1,279.9,23.1,279.9,98,100,0.0,27.78,171.5,30.0,3.464,3.495,28,30,560,558,00000000 10101000 10000010 00001010,10101000 10100000 10001010 00000000,28.1,274.25,27.8,87.0,6008.0,2050.0
2022-06-23 18:16:20.352685,28.1,279.9,23.1,279.9,98,100,0.0,27.78,171.4,30.0,3.465,3.498,28,30,560,558,00000000 10101000 10000010 00001010,10101000 10100000 10001010 00000000,28.1,274.25,27.8,87.0,6008.0,2050.0
2022-06-23 18:16:21.356017,28.1,279.9,23.1,279.9,98,100,0.0,27.79,171.3,30.0,3.465,3.498,28,30,560,558,00000000 10101000 10000010 00001010,10101000 10100000 10001010 00000000,28.1,274.25,27.75,87.0,6008.0,2050.0
2022-06-23 18:16:22.358890,28.1,279.9,23.1,279.9,98,100,0.0,27.79,171.2,30.0,3.465,3.498,28,30,560,558,00000000 10101000 10000010 00001010,10101000 10100000 10001010 00000000,28.1,274.25,27.8,87.0,6008.0,2050.0
2022-06-23 18:16:23.362055,28.1,279.9,23.1,279.9,98,100,0.0,27.79,171.2,30.0,3.465,3.498,28,30,560,558,00000000 10101000 10000010 00001010,10101000 10100000 10001010 00000000,28.1,274.25,27.75,87.0,6008.0,2050.0
2022-06-23 18:16:24.365438,28.1,279.9,23.1,279.9,98,100,0.0,27.79,171.2,30.0,3.465,3.498,28,30,560,558,00000000 10101000 10000010 00001010,10101000 10100000 10001010 00000000,28.1,274.25,27.8,87.0,5993.0,2045.0
2022-06-23 18:16:25.368039,28.1,279.9,23.1,279.9,98,100,0.0,27.79,171.3,30.0,3.465,3.498,28,30,560,558,00000000 10101000 10000010 00001010,10101000 10100000 10001010 00000000,28.1,274.25,27.85,87.0,5978.0,2040.0
2022-06-23 18:16:26.370479,28.1,279.9,23.1,279.9,98,100,0.0,27.8,171.4,30.0,3.465,3.498,28,30,560,558,00000000 10101000 10000010 00001010,10101000 10100000 10001010 00000000,28.1,274.25,27.75,87.0,5978.0,2040.0
2022-06-23 18:16:27.373078,28.1,279.9,23.1,279.9,98,100,0.0,27.8,171.4,30.0,3.467,3.498,28,30,560,558,00000000 10101000 10000010 00001010,10101000 10100000 10001010 00000000,28.1,274.25,27.85,87.0,5978.0,2040.0
2022-06-23 18:16:28.375940,28.1,279.9,23.1,279.9,98,100,0.0,27.8,171.3,30.0,3.467,3.498,28,30,560,558,00000000 10101000 10000010 00001010,10101000 10100000 10001010 00000000,28.1,274.25,27.8,87.0,5978.0,2040.0
2022-06-23 18:16:29.379247,28.1,279.9,23.1,279.9,98,100,0.0,27.8,171.6,30.0,3.467,3.498,28,30,560,558,00000000 10101000 10000010 00001010,10101000 10100000 10001010 00000000,28.1,274.25,27.85,87.0,5978.0,2040.0
2022-06-23 18:16:30.382583,28.1,279.9,23.1,279.9,98,100,0.0,27.8,171.6,30.0,3.468,3.498,28,30,560,558,00000000 10101000 10000010 00001010,10101000 10100000 10001010 00000000,28.1,274.25,27.8,87.0,5978.0,2040.0
2022-06-23 18:16:31.385791,28.1,279.9,23.1,279.9,98,100,0.0,27.8,171.5,30.0,3.468,3.498,28,30,560,558,00000000 10101000 10000010 00001010,10101000 10100000 10001010 00000000,28.1,274.25,27.85,87.0,5978.0,2040.0
2022-06-23 18:16:32.388861,28.1,279.9,23.1,279.9,98,100,0.0,27.81,171.6,30.0,3.468,3.498,28,30,560,558,00000000 10101000 10000010 00001010,10101000 10100000 10001010 00000000,28.1,274.25,27.8,87.0,5978.0,2040.0
2022-06-23 18:16:33.392080,28.1,279.9,23.1,279.9,98,100,0.0,27.81,171.6,30.0,3.468,3.501,28,30,560,558,00000000 10101000 10000010 00001010,10101000 10100000 10001010 00000000,28.1,274.25,27.8,87.0,5978.0,2040.0
2022-06-23 18:16:34.394834,28.1,279.9,23.1,279.9,98,100,0.0,27.82,171.6,30.0,3.468,3.501,28,30,560,558,00000000 10101000 10000010 00001010,10101000 10100000 10001010 00000000,28.1,274.25,27.85,87.0,5978.0,2040.0
2022-06-23 18:16:35.397713,28.1,279.9,23.1,279.9,98,100,0.0,27.82,171.6,30.0,3.468,3.501,28,30,560,558,00000000 10101000 10000010 00001010,10101000 10100000 10001010 00000000,28.1,274.25,27.85,87.0,5978.0,2040.0
2022-06-23 18:16:36.401216,28.1,279.9,23.1,279.9,98,100,0.0,27.81,171.6,30.0,3.468,3.501,28,30,560,558,00000000 10101000 10000010 00001010,10101000 10100000 10001010 00000000,28.1,274.25,27.8,87.0,5978.0,2040.0
2022-06-23 18:16:37.404536,28.1,279.9,23.1,279.9,98,100,0.0,27.82,171.7,30.0,3.468,3.501,28,30,560,558,00000000 10101000 10000010 00001010,10101000 10100000 10001010 00000000,28.1,274.25,27.85,87.0,5978.0,2040.0
2022-06-23 18:16:38.406802,28.1,279.9,23.1,279.9,98,100,0.0,27.82,171.7,30.0,3.468,3.501,28,30,560,558,00000000 10101000 10000010 00001010,10101000 10100000 10001010 00000000,28.1,274.25,27.8,87.0,5978.0,2040.0
2022-06-23 18:16:39.409388,28.1,279.9,23.1,279.9,98,100,0.0,27.83,171.7,30.0,3.468,3.501,28,30,560,558,00000000 10101000 10000010 00001010,10101000 10100000 10001010 00000000,28.1,274.25,27.85,87.0,5978.0,2040.0
2022-06-23 18:16:40.412612,28.1,279.9,23.1,279.9,98,100,0.0,27.83,171.5,30.0,3.47,3.501,28,30,560,558,00000000 10101000 10000010 00001010,10101000 10100000 10001010 00000000,28.1,274.25,27.8,87.0,5978.0,2040.0
2022-06-23 18:16:41.416109,28.1,279.9,23.1,279.9,98,100,0.0,27.83,171.3,30.0,3.47,3.501,28,30,560,558,00000000 10101000 10000010 00001010,10101000 10100000 10001010 00000000,28.1,274.25,27.8,87.0,5978.0,2040.0
2022-06-23 18:16:42.419078,28.1,279.9,23.1,279.9,98,100,0.0,27.83,171.3,30.0,3.47,3.501,28,30,560,558,00000000 10101000 10000010 00001010,10101000 10100000 10001010 00000000,28.1,274.25,27.85,87.0,5978.0,2040.0
2022-06-23 18:16:43.422229,28.1,279.9,23.1,279.9,98,100,0.0,27.83,171.3,30.5,3.471,3.504,28,30,560,558,00000000 10101000 10000010 00001010,10101000 10100000 10001010 00000000,28.1,274.25,27.85,87.0,5978.0,2040.0
2022-06-23 18:16:44.425718,28.1,279.9,23.1,279.9,98,100,0.0,27.83,171.3,30.5,3.471,3.504,28,30,560,558,00000000 10101000 10000010 00001010,10101000 10100000 10001010 00000000,28.1,274.25,27.85,87.0,5978.0,2040.0
2022-06-23 18:16:45.429139,28.1,279.9,23.1,279.9,98,100,0.0,27.83,171.3,30.5,3.471,3.504,28,30,560,558,00000000 10101000 10000010 00001010,10101000 10100000 10001010 00000000,28.1,274.25,27.85,87.0,5978.0,2040.0
2022-06-23 18:16:46.432582,28.1,279.9,23.1,279.9,98,100,0.0,27.83,171.3,30.5,3.471,3.504,28,30,560,558,00000000 10101000 10000010 00001010,10101000 10100000 10001010 00000000,28.1,274.25,27.85,87.0,5978.0,2040.0
2022-06-23 18:16:47.435541,28.1,279.9,23.1,279.9,98,100,0.0,27.83,171.3,30.5,3.471,3.504,28,30,560,558,00000000 10101000 10000010 00001010,10101000 10100000 10001010 00000000,28.1,274.25,27.85,87.0,5978.0,2040.0
2022-06-23 18:16:48.438967,28.1,279.9,23.1,279.9,98,100,0.0,27.85,171.3,30.5,3.471,3.504,28,30,560,558,00000000 10101000 10000010 00001010,10101000 10100000 10001010 00000000,28.1,274.25,27.9,87.0,5978.0,2040.0
2022-06-23 18:16:49.442343,28.1,279.9,23.1,279.9,98,100,0.0,27.85,171.4,30.0,3.471,3.504,28,30,560,558,00000000 10101000 10000010 00001010,10101000 10100000 10001010 00000000,28.1,274.25,27.85,87.0,5978.0,2040.0
2022-06-23 18:16:50.445253,28.1,279.9,23.1,279.9,98,100,0.0,27.85,171.4,30.0,3.471,3.504,28,30,560,558,00000000 10101000 10000010 00001010,10101000 10100000 10001010 00000000,28.1,274.25,27.8,87.0,5978.0,2040.0
2022-06-23 18:16:51.447802,28.1,279.9,23.1,279.9,98,100,0.0,27.85,171.5,30.5,3.471,3.504,28,30,560,558,00000000 10101000 10000010 00001010,10101000 10100000 10001010 00000000,28.1,274.25,27.85,87.0,5978.0,2040.0
2022-06-23 18:16:52.450670,28.1,279.9,23.1,279.9,98,100,0.0,27.85,171.5,30.5,3.471,3.504,28,30,560,558,00000000 10101000 10000010 00001010,10101000 10100000 10001010 00000000,28.1,274.25,27.9,87.0,5978.0,2040.0
2022-06-23 18:16:53.452954,28.1,279.9,23.1,279.9,98,100,0.0,27.86,171.5,30.0,3.474,3.507,28,30,560,558,00000000 10101000 10000010 00001010,10101000 10100000 10001010 00000000,28.1,274.25,27.85,87.0,5978.0,2040.0
2022-06-23 18:16:54.455852,28.1,279.9,23.1,279.9,98,100,0.0,27.86,171.5,30.0,3.474,3.507,28,30,560,558,00000000 10101000 10000010 00001010,10101000 10100000 10001010 00000000,28.1,274.25,27.85,87.0,5978.0,2040.0
2022-06-23 18:16:55.458790,28.1,279.9,23.1,279.9,98,100,0.0,27.86,171.5,30.0,3.474,3.507,28,30,560,558,00000000 10101000 10000010 00001010,10101000 10100000 10001010 00000000,28.1,274.25,27.85,87.0,5978.0,2040.0
2022-06-23 18:16:56.461759,28.1,279.9,23.1,279.9,98,100,0.0,27.87,171.4,30.5,3.474,3.507,28,30,560,558,00000000 10101000 10000010 00001010,10101000 10100000 10001010 00000000,28.1,274.25,27.9,87.0,5978.0,2040.0
2022-06-23 18:16:57.464740,28.1,279.9,23.1,279.9,98,100,0.0,27.87,171.3,30.5,3.474,3.507,28,30,560,558,00000000 10101000 10000010 00001010,10101000 10100000 10001010 00000000,28.1,274.25,27.85,87.0,5978.0,2040.0
2022-06-23 18:16:58.468009,28.1,279.9,23.1,279.9,98,100,0.0,27.87,171.3,30.5,3.474,3.507,28,30,560,558,00000000 10101000 10000010 00001010,10101000 10100000 10001010 00000000,28.1,274.25,27.85,87.0,5978.0,2040.0
2022-06-23 18:16:59.470928,28.1,279.9,23.1,279.9,98,100,0.0,27.87,171.3,30.5,3.474,3.507,28,30,560,558,00000000 10101000 10000010 00001010,10101000 10100000 10001010 00000000,28.1,274.25,27.9,87.0,5978.0,2040.0
2022-06-23 18:17:00.474501,28.1,279.9,23.1,279.9,98,100,0.0,27.87,171.2,30.5,3.474,3.507,28,30,560,558,00000000 10101000 10000010 00001010,10101000 10100000 10001010 00000000,28.1,274.25,27.9,87.0,5978.0,2040.0
2022-06-23 18:17:01.477503,28.1,279.9,23.1,279.9,98,100,0.0,27.87,171.2,30.5,3.474,3.507,28,30,560,558,00000000 10101000 10000010 00001010,10101000 10100000 10001010 00000000,28.1,274.25,27.9,87.0,5978.0,2040.0
2022-06-23 18:17:02.480451,28.1,279.9,23.1,279.9,98,100,0.0,27.88,171.2,30.5,3.474,3.507,28,30,560,558,00000000 10101000 10000010 00001010,10101000 10100000 10001010 00000000,28.1,274.25,27.85,87.0,5978.0,2040.0
2022-06-23 18:17:03.483598,28.1,279.9,23.1,279.9,98,100,0.0,27.88,171.2,30.5,3.477,3.51,28,30,560,558,00000000 10101000 10000010 00001010,10101000 10100000 10001010 00000000,28.1,274.25,27.9,87.0,5978.0,2040.0
2022-06-23 18:17:04.486330,28.1,279.9,23.1,279.9,98,100,0.0,27.88,171.1,30.5,3.477,3.51,28,30,560,558,00000000 10101000 10000010 00001010,10101000 10100000 10001010 00000000,28.1,274.25,27.85,87.0,5978.0,2040.0
2022-06-23 18:17:05.489168,28.1,279.9,23.1,279.9,98,100,0.0,27.89,171.2,30.5,3.477,3.51,28,30,560,558,00000000 10101000 10000010 00001010,10101000 10100000 10001010 00000000,28.1,274.25,27.9,87.0,5978.0,2040.0
2022-06-23 18:17:06.492259,28.1,279.9,23.1,279.9,98,100,0.0,27.89,171.2,30.5,3.477,3.51,28,30,560,558,00000000 10101000 10000010 00001010,10101000 10100000 10001010 00000000,28.1,274.25,27.85,87.0,5978.0,2040.0
2022-06-23 18:17:07.495586,28.1,279.9,23.1,279.9,98,100,0.0,27.89,171.2,30.5,3.477,3.51,28,30,560,558,00000000 10101000 10000010 00001010,10101000 10100000 10001010 00000000,28.1,274.25,27.85,87.0,5978.0,2040.0
2022-06-23 18:17:08.498677,28.1,279.9,23.1,279.9,98,100,0.0,27.9,171.2,30.5,3.477,3.51,28,30,560,558,00000000 10101000 10000010 00001010,10101000 10100000 10001010 00000000,28.1,274.25,27.9,87.0,5978.0,2040.0
2022-06-23 18:17:09.501379,28.1,279.9,23.1,279.9,98,100,0.0,27.9,171.2,30.5,3.479,3.51,28,30,560,558,00000000 10101000 10000010 00001010,10101000 10100000 10001010 00000000,28.1,274.25,27.9,87.0,5978.0,2040.0
2022-06-23 18:17:10.504719,28.1,279.9,23.1,279.9,98,100,0.0,27.9,171.2,30.5,3.479,3.51,28,30,560,558,00000000 10101000 10000010 00001010,10101000 10100000 10001010 00000000,28.1,274.25,27.95,87.0,5978.0,2040.0
2022-06-23 18:17:11.508045,28.1,279.9,23.1,279.9,98,100,0.0,27.9,171.2,30.5,3.479,3.51,28,30,560,558,00000000 10101000 10000010 00001010,10101000 10100000 10001010 00000000,28.1,274.25,27.9,87.0,5978.0,2040.0
2022-06-23 18:17:12.511865,28.1,279.9,23.1,279.9,98,100,0.0,27.91,171.2,30.5,3.48,3.513,28,30,560,558,00000000 10101000 10000010 00001010,10101000 10100000 10001010 00000000,28.1,274.25,27.9,87.0,5978.0,2040.0
2022-06-23 18:17:13.515210,28.1,279.9,23.1,279.9,98,100,0.0,27.91,171.2,30.5,3.48,3.513,28,30,560,558,00000000 10101000 10000010 00001010,10101000 10100000 10001010 00000000,28.1,274.25,27.95,87.0,5978.0,2040.0
2022-06-23 18:17:14.518029,28.1,279.9,23.1,279.9,98,100,0.0,27.91,171.2,30.5,3.48,3.513,28,30,560,558,00000000 10101000 10000010 00001010,10101000 10100000 10001010 00000000,28.1,274.25,27.9,87.0,5978.0,2040.0
2022-06-23 18:17:15.520600,28.1,279.9,23.1,279.9,98,100,0.0,27.91,171.3,30.5,3.482,3.513,28,30,560,558,00000000 10101000 10000010 00001010,10101000 10100000 10001010 00000000,28.1,274.25,27.95,87.0,5978.0,2040.0
2022-06-23 18:17:16.523143,28.1,279.9,23.1,279.9,98,100,0.0,27.92,171.3,30.5,3.482,3.513,28,30,560,558,00000000 10101000 10000010 00001010,10101000 10100000 10001010 00000000,28.1,274.25,27.9,87.0,5978.0,2040.0
2022-06-23 18:17:17.525827,28.1,279.9,23.1,279.9,98,100,0.0,27.92,171.4,30.5,3.482,3.513,28,30,560,558,00000000 10101000 10000010 00001010,10101000 10100000 10001010 00000000,28.1,274.25,27.9,87.0,5978.0,2040.0
2022-06-23 18:17:18.528742,28.1,279.9,23.1,279.9,98,100,0.0,27.92,171.4,30.5,3.482,3.513,28,30,560,558,00000000 10101000 10000010 00001010,10101000 10100000 10001010 00000000,28.1,274.25,27.95,87.0,5978.0,2040.0
2022-06-23 18:17:19.531716,28.1,279.9,23.1,279.9,98,100,0.0,27.92,171.4,30.5,3.482,3.513,28,30,560,558,00000000 10101000 10000010 00001010,10101000 10100000 10001010 00000000,28.1,274.25,27.95,87.0,5978.0,2040.0
2022-06-23 18:17:20.535135,28.1,279.9,23.1,279.9,98,100,0.0,27.94,171.5,30.5,3.482,3.513,28,30,560,558,00000000 10101000 10000010 00001010,10101000 10100000 10001010 00000000,28.1,274.25,27.95,87.0,5978.0,2040.0
2022-06-23 18:17:21.538544,28.1,279.9,23.1,279.9,99,100,0.0,27.94,171.4,30.5,3.482,3.513,28,30,560,558,00000000 10101000 10000010 00001010,10101000 10100000 10001010 00000000,28.1,274.25,27.9,87.0,5978.0,2040.0
2022-06-23 18:17:22.541544,28.1,279.9,23.1,279.9,99,100,0.0,27.94,171.4,30.5,3.483,3.516,28,30,560,558,00000000 10101000 10000010 00001010,10101000 10100000 10001010 00000000,28.1,274.25,27.95,87.0,5978.0,2040.0
2022-06-23 18:17:23.544915,28.1,279.9,23.1,279.9,99,100,0.0,27.94,171.5,30.5,3.483,3.516,28,30,560,558,00000000 10101000 10000010 00001010,10101000 10100000 10001010 00000000,28.1,274.25,27.95,87.0,5978.0,2040.0
2022-06-23 18:17:24.547282,28.1,279.9,23.1,279.9,99,100,0.0,27.94,171.5,30.5,3.483,3.516,28,30,560,558,00000000 10101000 10000010 00001010,10101000 10100000 10001010 00000000,28.1,274.25,27.95,87.0,5978.0,2040.0
2022-06-23 18:17:25.550624,28.1,279.9,23.1,279.9,99,100,0.0,27.95,171.6,30.5,3.485,3.516,28,30,560,558,00000000 10101000 10000010 00001010,10101000 10100000 10001010 00000000,28.1,274.25,28.0,87.0,5978.0,2040.0
2022-06-23 18:17:26.554034,28.1,279.9,23.1,279.9,99,100,0.0,27.95,171.7,30.5,3.485,3.516,28,30,560,558,00000000 10101000 10000010 00001010,10101000 10100000 10001010 00000000,28.1,274.25,27.95,87.0,5978.0,2040.0
2022-06-23 18:17:27.557122,28.1,279.9,23.1,279.9,99,100,0.0,27.95,171.7,30.5,3.485,3.516,28,30,560,558,00000000 10101000 10000010 00001010,10101000 10100000 10001010 00000000,28.1,274.25,27.95,87.0,5978.0,2040.0
2022-06-23 18:17:28.559831,28.1,279.9,23.1,279.9,99,100,0.0,27.96,171.7,30.5,3.486,3.519,28,30,560,558,00000000 10101000 10000010 00001010,10101000 10100000 10001010 00000000,28.1,274.25,27.95,87.0,5978.0,2040.0
2022-06-23 18:17:29.562248,28.1,279.9,23.1,279.9,99,100,0.0,27.96,171.6,30.5,3.486,3.519,28,30,560,558,00000000 10101000 10000010 00001010,10101000 10100000 10001010 00000000,28.1,274.25,27.95,87.0,5978.0,2040.0
2022-06-23 18:17:30.564779,28.1,279.9,23.1,279.9,99,100,0.0,27.96,171.6,30.5,3.486,3.519,28,30,560,558,00000000 10101000 10000010 00001010,10101000 10100000 10001010 00000000,28.1,274.25,27.95,87.0,5978.0,2040.0
2022-06-23 18:17:31.567670,28.1,279.9,23.1,279.9,99,100,0.0,27.97,171.5,30.5,3.486,3.519,28,30,560,558,00000000 10101000 10000010 00001010,10101000 10100000 10001010 00000000,28.1,274.25,27.95,87.0,5978.0,2040.0
2022-06-23 18:17:32.571085,28.1,279.9,23.1,279.9,99,100,0.0,27.97,170.7,30.5,3.486,3.519,28,30,560,558,00000000 10101000 10000010 00001010,10101000 10100000 10001010 00000000,28.1,274.25,28.0,87.0,5920.0,2015.0
2022-06-23 18:17:33.574422,28.1,279.9,23.1,279.9,99,100,0.0,27.97,170.7,30.5,3.486,3.519,28,30,560,558,00000000 10101000 10000010 00001010,10101000 10100000 10001010 00000000,28.1,274.25,27.95,87.0,5832.0,1980.0
2022-06-23 18:17:34.577504,28.1,279.9,23.1,279.9,99,100,0.0,27.97,169.4,30.5,3.486,3.519,28,30,560,558,00000000 10101000 10000010 00001010,10101000 10100000 10001010 00000000,28.1,274.25,27.95,87.0,5758.0,1965.0
2022-06-23 18:17:35.580692,28.1,279.9,23.1,279.9,99,100,0.0,27.97,168.7,30.5,3.488,3.519,28,30,560,558,00000000 10101000 10000010 00001010,10101000 10100000 10001010 00000000,28.1,274.25,28.0,87.0,5729.0,1945.0
2022-06-23 18:17:36.584128,28.1,279.9,23.1,279.9,99,100,0.0,27.98,167.4,30.5,3.488,3.519,28,30,560,558,00000000 10101000 10000010 00001010,10101000 10100000 10001010 00000000,28.1,274.25,27.95,87.0,5671.0,1930.0
2022-06-23 18:17:37.587429,28.1,279.9,23.1,279.9,99,100,0.0,27.98,167.4,30.5,3.488,3.519,28,30,560,558,00000000 10101000 10000010 00001010,10101000 10100000 10001010 00000000,28.1,274.25,27.95,87.0,5641.0,1915.0
2022-06-23 18:17:38.590420,28.1,279.9,23.1,279.9,99,100,0.0,27.97,167.3,30.5,3.488,3.519,28,30,560,558,00000000 10101000 10000010 00001010,10101000 10100000 10001010 00000000,28.1,274.25,27.95,87.0,5612.0,1915.0
2022-06-23 18:17:39.593384,28.1,279.9,23.1,279.9,99,100,0.0,27.98,167.1,30.5,3.488,3.519,28,30,560,558,00000000 10101000 10000010 00001010,10101000 10100000 10001010 00000000,28.1,274.25,28.0,87.0,5612.0,1915.0
2022-06-23 18:17:40.595615,28.1,279.9,23.1,279.9,99,100,0.0,27.98,167.1,30.5,3.488,3.519,28,30,560,558,00000000 10101000 10000010 00001010,10101000 10100000 10001010 00000000,28.1,274.25,28.0,87.0,5597.0,1905.0
2022-06-23 18:17:41.598755,28.1,279.9,23.1,279.9,99,100,0.0,27.99,167.0,30.5,3.489,3.519,28,30,560,558,00000000 10101000 10000010 00001010,10101000 10100000 10001010 00000000,28.1,274.25,27.95,87.0,5583.0,1905.0
2022-06-23 18:17:42.601141,28.1,279.9,23.1,279.9,99,100,0.0,28.0,167.1,30.5,3.489,3.519,28,30,560,558,00000000 10101000 10000010 00001010,10101000 10100000 10001010 00000000,28.1,274.25,27.95,87.0,5583.0,1905.0
2022-06-23 18:17:43.603628,28.1,279.9,23.1,279.9,99,100,0.0,28.0,167.1,30.5,3.489,3.519,28,30,560,558,00000000 10101000 10000010 00001010,10101000 10100000 10001010 00000000,28.1,274.25,27.95,87.0,5583.0,1905.0
2022-06-23 18:17:44.606646,28.1,279.9,23.1,279.9,99,100,0.0,28.0,167.1,30.5,3.491,3.522,28,30,560,558,00000000 10101000 10000010 00001010,10101000 10100000 10001010 00000000,28.1,274.25,27.95,87.0,5583.0,1905.0
2022-06-23 18:17:45.609931,28.1,279.9,23.1,279.9,99,100,0.0,28.0,167.1,30.5,3.491,3.522,28,30,560,558,00000000 10101000 10000010 00001010,10101000 10100000 10001010 00000000,28.1,274.25,28.0,87.0,5583.0,1905.0
2022-06-23 18:17:46.612827,28.1,279.9,23.1,279.9,99,100,0.0,28.0,167.2,30.5,3.491,3.522,28,30,560,558,00000000 10101000 10000010 00001010,10101000 10100000 10001010 00000000,28.1,274.25,27.95,87.0,5583.0,1905.0
2022-06-23 18:17:47.615553,27.3,0.0,23.1,279.9,99,100,0.0,28.01,167.3,30.5,3.491,3.522,28,30,560,558,00000000 10101000 10000010 00001010,10101000 10100000 10001010 00000000,27.3,0.0,27.7,87.0,5583.0,1905.0
2022-06-23 18:17:48.618491,27.3,0.0,23.1,279.9,99,100,0.0,27.61,44.9,30.5,3.446,3.465,28,30,560,558,00000000 10101000 10000010 00001010,10101000 10100000 10001010 00000000,27.3,0.0,27.6,87.0,5583.0,1905.0
2022-06-23 18:17:49.621573,27.3,0.0,23.1,279.9,99,100,0.0,27.61,44.9,30.5,3.446,3.465,28,30,560,558,00000000 10101000 10000010 00001010,10101000 10100000 10001010 00000000,27.3,0.0,27.55,87.0,32767.5,1905.0
2022-06-23 18:17:50.624931,27.3,0.0,23.1,279.9,100,100,0.0,27.54,-0.6,30.5,3.446,3.465,28,30,560,558,00000000 10101000 10000010 00001010,10101000 10100000 10001010 00000000,27.3,0.0,27.55,87.0,32767.5,1905.0
2022-06-23 18:17:51.628179,27.3,0.0,23.1,279.9,100,100,0.0,27.48,-0.6,30.5,3.431,3.444,28,30,560,558,00000000 10101000 10000010 00001010,10101000 10100000 10001010 00000000,27.3,0.0,27.5,87.0,32767.5,1905.0
2022-06-23 18:17:52.631788,27.3,0.0,23.1,279.9,100,100,0.0,27.45,-0.6,30.5,3.431,3.444,28,30,560,558,00000000 10101000 10000010 00001010,10101000 10100000 10001010 00000000,27.3,0.0,27.45,87.0,32767.5,1905.0
2022-06-23 18:17:53.634984,27.3,0.0,23.1,279.9,100,100,0.0,27.45,-0.6,30.5,3.431,3.444,28,30,560,558,00000000 10101000 10000010 00001010,10101000 10100000 10001010 00000000,27.3,0.0,27.45,87.0,32767.5,1905.0
2022-06-23 18:17:54.637964,27.3,0.0,23.1,279.9,100,100,0.0,27.45,-0.6,30.5,3.422,3.432,28,30,560,558,00000000 10101000 10000010 00001010,10101000 10100000 10001010 00000000,27.3,0.0,27.4,87.0,32767.5,1905.0
2022-06-23 18:17:55.640616,27.3,0.0,23.1,279.9,100,100,0.0,27.4,-0.6,30.5,3.422,3.432,28,30,560,558,00000000 10101000 10000010 00001010,10101000 10100000 10001010 00000000,27.3,0.0,27.4,87.0,32767.5,1905.0
2022-06-23 18:17:56.643247,27.3,0.0,23.1,279.9,100,100,0.0,27.38,-0.7,30.5,3.422,3.432,28,30,560,558,00000000 10101000 10000010 00001010,10101000 10100000 10001010 00000000,27.3,0.0,27.35,87.0,32767.5,1905.0
2022-06-23 18:17:57.646213,27.3,0.0,23.1,279.9,100,100,0.0,27.35,-0.6,30.5,3.422,3.432,28,30,560,558,00000000 10101000 10000010 00001010,10101000 10100000 10001010 00000000,27.3,0.0,27.35,87.0,32767.5,1905.0
2022-06-23 18:17:58.649055,27.3,0.0,23.1,279.9,100,100,0.0,27.35,-0.6,30.5,3.414,3.425,28,30,560,558,00000000 10101000 10000010 00001010,10101000 10100000 10001010 00000000,27.3,0.0,27.35,87.0,32767.5,1905.0
2022-06-23 18:17:59.652510,27.3,0.0,23.1,279.9,100,100,0.0,27.32,-0.6,30.5,3.414,3.425,28,30,560,558,00000000 10101000 10000010 00001010,10101000 10100000 10001010 00000000,27.3,0.0,27.3,87.0,32767.5,1905.0
2022-06-23 18:18:00.654945,27.3,0.0,23.1,279.9,100,100,0.0,27.3,-0.6,30.5,3.414,3.425,28,30,560,558,00000000 10101000 10000010 00001010,10101000 10100000 10001010 00000000,27.3,0.0,27.3,87.0,32767.5,1905.0
2022-06-23 18:18:01.658074,27.3,0.0,23.1,279.9,100,100,0.0,27.28,-0.6,30.5,3.408,3.419,28,30,560,558,00000000 10101000 10000010 00001010,10101000 10100000 10001010 00000000,27.3,0.0,27.3,87.0,32767.5,1905.0
2022-06-23 18:18:02.660400,27.3,0.0,23.1,279.9,100,100,0.0,27.28,-0.6,30.5,3.408,3.419,28,30,560,558,00000000 10101000 10000010 00001010,10101000 10100000 10001010 00000000,27.3,0.0,27.3,87.0,32767.5,1905.0
2022-06-23 18:18:03.663741,27.3,0.0,23.1,279.9,100,100,0.0,27.28,-0.6,30.5,3.408,3.419,28,30,560,558,00000000 10101000 10000010 00001010,10101000 10100000 10001010 00000000,27.3,0.0,27.25,87.0,32767.5,1905.0
2022-06-23 18:18:04.667528,27.3,0.0,23.1,279.9,100,100,0.0,27.23,-0.6,30.5,3.401,3.41,28,30,560,558,00000000 10101000 10000010 00001010,10101000 10100000 10001010 00000000,27.3,0.0,27.25,87.0,32767.5,1905.0
2022-06-23 18:18:05.670711,27.3,0.0,23.1,279.9,100,100,0.0,27.23,-0.6,30.5,3.401,3.41,28,30,560,558,00000000 10101000 10000010 00001010,10101000 10100000 10001010 00000000,27.3,0.0,27.25,87.0,32767.5,1905.0
2022-06-23 18:18:06.674094,27.3,0.0,23.1,279.9,100,100,0.0,27.23,-0.6,30.5,3.401,3.41,28,30,560,558,00000000 10101000 10000010 00001010,10101000 10100000 10001010 00000000,27.3,0.0,27.25,87.0,32767.5,1905.0
2022-06-23 18:18:07.676592,27.3,0.0,23.1,279.9,100,100,0.0,27.22,-0.6,30.5,3.401,3.41,28,30,560,558,00000000 10101000 10000010 00001010,10101000 10100000 10001010 00000000,27.3,0.0,27.2,87.0,32767.5,1905.0
2022-06-23 18:18:08.679242,27.3,0.0,23.1,279.9,100,100,0.0,27.2,-0.6,30.5,3.396,3.407,28,30,560,558,00000000 10101000 10000010 00001010,10101000 10100000 10001010 00000000,27.3,0.0,27.2,87.0,32767.5,1905.0
2022-06-23 18:18:09.682171,27.3,0.0,23.1,279.9,100,100,0.0,27.18,-0.7,30.5,3.396,3.407,28,30,560,558,00000000 10101000 10000010 00001010,10101000 10100000 10001010 00000000,27.3,0.0,27.2,87.0,32767.5,1905.0
2022-06-23 18:18:10.685821,27.3,0.0,23.1,279.9,100,100,0.0,27.18,-0.7,30.5,3.396,3.407,28,30,560,558,00000000 10101000 10000010 00001010,10101000 10100000 10001010 00000000,27.3,0.0,27.2,87.0,32767.5,1905.0
2022-06-23 18:18:11.689125,27.3,0.0,23.1,279.9,100,100,0.0,27.17,-0.7,30.5,3.393,3.402,28,30,560,558,00000000 10101000 10000010 00001010,10101000 10100000 10001010 00000000,27.3,0.0,27.2,87.0,32767.5,1905.0
2022-06-23 18:18:12.692161,27.3,0.0,23.1,279.9,100,100,0.0,27.16,-0.6,30.5,3.393,3.402,28,30,560,558,00000000 10101000 10000010 00001010,10101000 10100000 10001010 00000000,27.3,0.0,27.15,87.0,32767.5,1905.0
2022-06-23 18:18:13.695561,27.3,0.0,23.1,279.9,100,100,0.0,27.16,-0.6,30.5,3.393,3.402,28,30,560,558,00000000 10101000 10000010 00001010,10101000 10100000 10001010 00000000,27.3,0.0,27.15,87.0,32767.5,1905.0
2022-06-23 18:18:14.699148,27.3,0.0,23.1,279.9,100,100,0.0,27.14,-0.6,30.5,3.39,3.401,28,30,560,558,00000000 10101000 10000010 00001010,10101000 10100000 10001010 00000000,27.3,0.0,27.15,87.0,32767.5,1905.0
2022-06-23 18:18:15.702400,27.3,0.0,23.1,279.9,100,100,0.0,27.13,-0.6,30.5,3.39,3.401,28,30,560,558,00000000 10101000 10000010 00001010,10101000 10100000 10001010 00000000,27.3,0.0,27.15,87.0,32767.5,1905.0
2022-06-23 18:18:16.705022,27.3,0.0,23.1,279.9,100,100,0.0,27.13,-0.6,30.5,3.39,3.401,28,30,560,558,00000000 10101000 10000010 00001010,10101000 10100000 10001010 00000000,27.3,0.0,27.15,86.0,32767.5,1905.0
2022-06-23 18:18:17.708428,27.3,0.0,23.1,279.9,100,100,0.0,27.12,-0.7,30.5,3.39,3.401,28,30,560,558,00000000 10101000 10000010 00001010,10101000 10100000 10001010 00000000,27.3,0.0,27.15,86.0,32767.5,1905.0
2022-06-23 18:18:18.711362,27.3,0.0,23.1,279.9,100,100,0.0,27.11,-0.7,30.5,3.387,3.395,28,30,560,558,00000000 10101000 10000010 00001010,10101000 10100000 10001010 00000000,27.3,0.0,27.1,86.0,32767.5,1905.0
2022-06-23 18:18:19.714212,27.3,0.0,23.1,279.9,100,100,0.0,27.11,-0.7,30.5,3.387,3.395,28,30,560,558,00000000 10101000 10000010 00001010,10101000 10100000 10001010 00000000,27.3,0.0,27.1,86.0,32767.5,1905.0
2022-06-23 18:18:20.716838,27.3,0.0,23.1,279.9,100,100,0.0,27.11,-0.7,30.5,3.387,3.395,28,30,560,558,00000000 10101000 10000010 00001010,10101000 10100000 10001010 00000000,27.3,0.0,27.1,86.0,32767.5,1905.0
2022-06-23 18:18:21.719423,27.3,0.0,23.1,279.9,100,100,0.0,27.09,-0.7,30.5,3.383,3.392,28,30,560,558,00000000 10101000 10000010 00001010,10101000 10100000 10001010 00000000,27.3,0.0,27.1,86.0,32767.5,1905.0
2022-06-23 18:18:22.722251,27.3,0.0,23.1,279.9,100,100,0.0,27.09,-0.7,30.5,3.383,3.392,28,30,560,558,00000000 10101000 10000010 00001010,10101000 10100000 10001010 00000000,27.3,0.0,27.1,86.0,32767.5,1905.0
2022-06-23 18:18:23.725832,27.3,0.0,23.1,279.9,100,100,0.0,27.08,-0.7,30.5,3.383,3.392,28,30,560,558,00000000 10101000 10000010 00001010,10101000 10100000 10001010 00000000,27.3,0.0,27.1,86.0,32767.5,1905.0
2022-06-23 18:18:24.729481,27.3,0.0,23.1,279.9,100,100,0.0,27.08,-0.7,30.5,3.381,3.389,28,30,560,558,00000000 10101000 10000010 00001010,10101000 10100000 10001010 00000000,27.3,0.0,27.1,86.0,32767.5,1905.0
2022-06-23 18:18:25.733037,27.3,0.0,23.1,279.9,100,100,0.0,27.07,-0.7,30.5,3.381,3.389,28,30,560,558,00000000 10101000 10000010 00001010,10101000 10100000 10001010 00000000,27.3,0.0,27.1,86.0,32767.5,1905.0
2022-06-23 18:18:26.743581,27.3,0.0,23.1,279.9,100,100,0.0,27.07,-0.7,30.5,3.381,3.389,28,30,560,558,00000000 10101000 10000010 00001010,10101000 10100000 10001010 00000000,27.3,0.0,27.05,86.0,32767.5,1905.0
2022-06-23 18:18:27.746909,27.3,0.0,23.1,279.9,100,100,0.0,27.06,-0.7,30.5,3.378,3.389,28,30,560,558,00000000 10101000 10000010 00001010,10101000 10100000 10001010 00000000,27.3,0.0,27.05,86.0,32767.5,1905.0
2022-06-23 18:18:28.750136,27.3,0.0,23.1,279.9,100,100,0.0,27.06,-0.7,30.5,3.378,3.389,28,30,560,558,00000000 10101000 10000010 00001010,10101000 10100000 10001010 00000000,27.3,0.0,27.05,86.0,32767.5,1905.0
2022-06-23 18:18:29.753599,27.3,0.0,23.1,279.9,100,100,0.0,27.05,-0.7,30.5,3.378,3.389,28,30,560,558,00000000 10101000 10000010 00001010,10101000 10100000 10001010 00000000,27.3,0.0,27.05,85.0,32767.5,1905.0
2022-06-23 18:18:30.757224,27.3,0.0,23.1,279.9,100,100,0.0,27.04,-0.7,30.5,3.378,3.389,28,30,560,558,00000000 10101000 10000010 00001010,10101000 10100000 10001010 00000000,27.3,0.0,27.05,85.0,32767.5,1905.0
2022-06-23 18:18:31.759609,27.3,0.0,23.1,279.9,100,100,0.0,27.04,-0.7,30.5,3.377,3.386,28,30,560,558,00000000 10101000 10000010 00001010,10101000 10100000 10001010 00000000,27.3,0.0,27.05,85.0,32767.5,1905.0
2022-06-23 18:18:32.762984,27.3,0.0,23.1,279.9,100,100,0.0,27.03,-0.7,30.5,3.377,3.386,28,30,560,558,00000000 10101000 10000010 00001010,10101000 10100000 10001010 00000000,27.3,0.0,27.05,85.0,32767.5,1905.0
2022-06-23 18:18:33.765629,27.3,0.0,23.1,279.9,100,100,0.0,27.03,-0.7,30.5,3.377,3.386,28,30,560,558,00000000 10101000 10000010 00001010,10101000 10100000 10001010 00000000,27.3,0.0,27.05,85.0,32767.5,1905.0
2022-06-23 18:18:34.768111,27.3,0.0,23.1,279.9,100,100,0.0,27.02,-0.7,30.5,3.375,3.383,28,30,560,558,00000000 10101000 10000010 00001010,10101000 10100000 10001010 00000000,27.3,0.0,27.05,85.0,32767.5,1905.0
2022-06-23 18:18:35.770870,27.3,0.0,23.1,279.9,100,100,0.0,27.02,-0.7,30.5,3.375,3.383,28,30,560,558,00000000 10101000 10000010 00001010,10101000 10100000 10001010 00000000,27.3,0.0,27.05,85.0,32767.5,1905.0
2022-06-23 18:18:36.774114,27.3,0.0,23.1,279.9,100,100,0.0,27.02,-0.7,30.5,3.375,3.383,28,30,560,558,00000000 10101000 10000010 00001010,10101000 10100000 10001010 00000000,27.3,0.0,27.05,85.0,32767.5,1905.0
2022-06-23 18:18:37.777251,27.3,0.0,23.1,279.9,100,100,0.0,27.02,-0.7,30.5,3.372,3.383,28,30,560,558,00000000 10101000 10000010 00001010,10101000 10100000 10001010 00000000,27.3,0.0,27.0,85.0,32767.5,1905.0
2022-06-23 18:18:38.780715,27.3,0.0,23.1,279.9,100,100,0.0,27.01,-0.7,30.5,3.372,3.383,28,30,560,558,00000000 10101000 10000010 00001010,10101000 10100000 10001010 00000000,27.3,0.0,27.0,85.0,32767.5,1905.0
2022-06-23 18:18:39.784513,27.3,0.0,23.1,279.9,100,100,0.0,27.0,-0.7,30.5,3.372,3.383,28,30,560,558,00000000 10101000 10000010 00001010,10101000 10100000 10001010 00000000,27.3,0.0,27.0,85.0,32767.5,1905.0
2022-06-23 18:18:40.788280,27.3,0.0,23.1,279.9,100,100,0.0,27.0,-0.7,30.5,3.372,3.383,28,30,560,558,00000000 10101000 10000010 00001010,10101000 10100000 10001010 00000000,27.3,0.0,27.0,85.0,32767.5,1905.0
2022-06-23 18:18:41.791326,27.3,0.0,23.1,279.9,100,100,0.0,27.0,-0.7,30.5,3.372,3.38,28,30,560,558,00000000 10101000 10000010 00001010,10101000 10100000 10001010 00000000,27.3,0.0,27.0,84.0,32767.5,1905.0
2022-06-23 18:18:42.794368,27.3,0.0,23.1,279.9,100,100,0.0,26.99,-0.7,30.5,3.372,3.38,28,30,560,558,00000000 10101000 10000010 00001010,10101000 10100000 10001010 00000000,27.3,0.0,27.0,84.0,32767.5,1905.0
2022-06-23 18:18:43.797857,27.3,0.0,23.1,279.9,100,100,0.0,26.99,-0.7,30.5,3.372,3.38,28,30,560,558,00000000 10101000 10000010 00001010,10101000 10100000 10001010 00000000,27.3,0.0,27.0,84.0,32767.5,1905.0
2022-06-23 18:18:44.802052,27.3,0.0,23.1,279.9,100,100,0.0,26.99,-0.7,30.5,3.371,3.38,28,30,560,558,00000000 10101000 10000010 00001010,10101000 10100000 10001010 00000000,27.3,0.0,27.0,84.0,32767.5,1905.0
2022-06-23 18:18:45.805301,27.3,0.0,23.1,279.9,100,100,0.0,26.98,-0.7,30.5,3.371,3.38,28,30,560,558,00000000 10101000 10000010 00001010,10101000 10100000 10001010 00000000,27.3,0.0,27.0,84.0,32767.5,1905.0
2022-06-23 18:18:46.808107,27.3,0.0,23.1,279.9,100,100,0.0,26.98,-0.7,30.5,3.371,3.38,28,30,560,558,00000000 10101000 10000010 00001010,10101000 10100000 10001010 00000000,27.3,0.0,27.0,84.0,32767.5,1905.0
2022-06-23 18:18:47.810620,27.3,0.0,23.1,279.9,100,100,0.0,26.98,-0.7,30.5,3.369,3.377,28,30,560,558,00000000 10101000 10000010 00001010,10101000 10100000 10001010 00000000,27.3,0.0,27.0,84.0,32767.5,1905.0
2022-06-23 18:18:48.813502,27.3,0.0,23.1,279.9,100,100,0.0,26.97,-0.7,30.5,3.369,3.377,28,30,560,558,00000000 10101000 10000010 00001010,10101000 10100000 10001010 00000000,27.3,0.0,27.0,84.0,32767.5,1905.0
2022-06-23 18:18:49.816905,27.3,0.0,23.1,279.9,100,100,0.0,26.97,-0.7,30.5,3.369,3.377,28,30,560,558,00000000 10101000 10000010 00001010,10101000 10100000 10001010 00000000,27.3,0.0,27.0,84.0,32767.5,1905.0
2022-06-23 18:18:50.819966,27.3,0.0,23.1,279.9,100,100,0.0,26.97,-0.7,30.5,3.369,3.377,28,30,560,558,00000000 10101000 10000010 00001010,10101000 10100000 10001010 00000000,27.3,0.0,27.0,84.0,32767.5,1905.0
2022-06-23 18:18:51.822398,27.3,0.0,23.1,279.9,100,100,0.0,26.96,-0.7,30.5,3.368,3.375,28,30,560,558,00000000 10101000 10000010 00001010,10101000 10100000 10001010 00000000,27.3,0.0,27.0,83.0,32767.5,1905.0
2022-06-23 18:18:52.825141,27.3,0.0,23.1,279.9,100,100,0.0,26.96,-0.7,30.5,3.368,3.375,28,30,560,558,00000000 10101000 10000010 00001010,10101000 10100000 10001010 00000000,27.3,0.0,26.95,83.0,32767.5,1905.0
2022-06-23 18:18:53.828207,27.3,0.0,23.1,279.9,100,100,0.0,26.96,-0.7,30.5,3.368,3.375,28,30,560,558,00000000 10101000 10000010 00001010,10101000 10100000 10001010 00000000,27.3,0.0,26.95,83.0,32767.5,1905.0
2022-06-23 18:18:54.831176,27.3,0.0,23.1,279.9,100,100,0.0,26.96,-0.7,30.5,3.366,3.374,28,30,560,558,00000000 10101000 10000010 00001010,10101000 10100000 10001010 00000000,27.3,0.0,26.95,83.0,32767.5,1905.0
2022-06-23 18:18:55.834547,27.3,0.0,23.1,279.9,100,100,0.0,26.96,-0.7,30.5,3.366,3.374,28,30,560,558,00000000 10101000 10000010 00001010,10101000 10100000 10001010 00000000,27.3,0.0,26.95,83.0,32767.5,1905.0
2022-06-23 18:18:56.837723,27.3,0.0,23.1,279.9,100,100,0.0,26.96,-0.7,30.5,3.366,3.374,28,30,560,558,00000000 10101000 10000010 00001010,10101000 10100000 10001010 00000000,27.3,0.0,26.95,83.0,32767.5,1905.0
2022-06-23 18:18:57.840572,27.3,0.0,23.1,279.9,100,100,0.0,26.95,-0.7,30.5,3.366,3.374,28,30,560,558,00000000 10101000 10000010 00001010,10101000 10100000 10001010 00000000,27.3,0.0,26.95,83.0,32767.5,1905.0
2022-06-23 18:18:58.843195,27.3,0.0,23.1,279.9,100,100,0.0,26.94,-0.7,30.5,3.366,3.374,28,30,560,558,00000000 10101000 10000010 00001010,10101000 10100000 10001010 00000000,27.3,0.0,26.95,83.0,32767.5,1905.0
2022-06-23 18:18:59.845785,27.3,0.0,23.1,279.9,100,100,0.0,26.94,-0.7,30.5,3.366,3.374,28,30,560,558,00000000 10101000 10000010 00001010,10101000 10100000 10001010 00000000,27.3,0.0,26.95,83.0,32767.5,1905.0
2022-06-23 18:19:00.848380,27.3,0.0,23.1,279.9,100,100,0.0,26.94,-0.7,30.5,3.365,3.372,28,30,560,558,00000000 10101000 10000010 00001010,10101000 10100000 10001010 00000000,27.3,0.0,26.95,83.0,32767.5,1905.0
2022-06-23 18:19:01.851385,27.3,0.0,23.1,279.9,100,100,0.0,26.94,-0.7,30.5,3.365,3.372,28,30,560,558,00000000 10101000 10000010 00001010,10101000 10100000 10001010 00000000,27.3,0.0,26.95,82.0,32767.5,1905.0
2022-06-23 18:19:02.854189,27.3,0.0,23.1,279.9,100,100,0.0,26.94,-0.7,30.5,3.365,3.372,28,30,560,558,00000000 10101000 10000010 00001010,10101000 10100000 10001010 00000000,27.3,0.0,26.95,82.0,32767.5,1905.0
2022-06-23 18:19:03.857020,27.3,0.0,23.1,279.9,100,100,0.0,26.93,-0.7,30.5,3.363,3.371,28,30,560,558,00000000 10101000 10000010 00001010,10101000 10100000 10001010 00000000,27.3,0.0,26.95,82.0,32767.5,1905.0
2022-06-23 18:19:04.860334,27.3,0.0,23.1,279.9,100,100,0.0,26.93,-0.7,30.5,3.363,3.371,28,30,560,558,00000000 10101000 10000010 00001010,10101000 10100000 10001010 00000000,27.3,0.0,26.95,82.0,32767.5,1905.0
2022-06-23 18:19:05.863778,27.3,0.0,23.1,279.9,100,100,0.0,26.93,-0.7,30.5,3.363,3.371,28,30,560,558,00000000 10101000 10000010 00001010,10101000 10100000 10001010 00000000,27.3,0.0,26.95,82.0,32767.5,1905.0
2022-06-23 18:19:06.866744,27.3,0.0,23.1,279.9,100,100,0.0,26.93,-0.7,30.5,3.363,3.371,28,30,560,558,00000000 10101000 10000010 00001010,10101000 10100000 10001010 00000000,27.3,0.0,26.95,82.0,32767.5,1905.0
2022-06-23 18:19:07.869857,27.3,0.0,23.1,279.9,100,100,0.0,26.92,-0.7,30.5,3.363,3.371,28,30,560,558,00000000 10101000 10000010 00001010,10101000 10100000 10001010 00000000,27.3,0.0,26.95,82.0,32767.5,1905.0
2022-06-23 18:19:08.872886,27.3,0.0,23.1,279.9,100,100,0.0,26.92,-0.7,30.5,3.363,3.371,28,30,560,558,00000000 10101000 10000010 00001010,10101000 10100000 10001010 00000000,27.3,0.0,26.95,82.0,32767.5,1905.0
2022-06-23 18:19:09.876129,27.3,0.0,23.1,279.9,100,100,0.0,26.92,-0.7,30.5,3.363,3.371,28,30,560,558,00000000 10101000 10000010 00001010,10101000 10100000 10001010 00000000,27.3,0.0,26.95,82.0,32767.5,1905.0
2022-06-23 18:19:10.879323,27.3,0.0,23.1,279.9,100,100,0.0,26.92,-0.7,30.5,3.363,3.369,28,30,560,558,00000000 10101000 10000010 00001010,10101000 10100000 10001010 00000000,27.3,0.0,26.95,81.0,32767.5,1905.0
2022-06-23 18:19:11.882020,27.3,0.0,23.1,279.9,100,100,0.0,26.92,-0.7,30.5,3.363,3.369,28,30,560,558,00000000 10101000 10000010 00001010,10101000 10100000 10001010 00000000,27.3,0.0,26.95,81.0,32767.5,1905.0
2022-06-23 18:19:12.884148,27.3,0.0,23.1,279.9,100,100,0.0,26.91,-0.7,30.5,3.363,3.369,28,30,560,558,00000000 10101000 10000010 00001010,10101000 10100000 10001010 00000000,27.3,0.0,26.95,81.0,32767.5,1905.0
2022-06-23 18:19:13.887364,27.3,0.0,23.1,279.9,100,100,0.0,26.91,-0.7,30.5,3.362,3.368,28,30,560,558,00000000 10101000 10000010 00001010,10101000 10100000 10001010 00000000,27.3,0.0,26.95,81.0,32767.5,1905.0
2022-06-23 18:19:14.890159,27.3,0.0,23.1,279.9,100,100,0.0,26.91,-0.7,30.5,3.362,3.368,28,30,560,558,00000000 10101000 10000010 00001010,10101000 10100000 10001010 00000000,27.3,0.0,26.9,81.0,32767.5,1905.0
2022-06-23 18:19:15.893354,27.3,0.0,23.1,279.9,100,100,0.0,26.91,-0.7,30.5,3.362,3.368,28,30,560,558,00000000 10101000 10000010 00001010,10101000 10100000 10001010 00000000,27.3,0.0,26.9,81.0,32767.5,1905.0
2022-06-23 18:19:16.896363,27.3,0.0,23.1,279.9,100,100,0.0,26.91,-0.7,30.5,3.36,3.368,28,30,560,558,00000000 10101000 10000010 00001010,10101000 10100000 10001010 00000000,27.3,0.0,26.9,81.0,32767.5,1905.0
2022-06-23 18:19:17.899391,27.3,0.0,23.1,279.9,100,100,0.0,26.91,-0.7,30.5,3.36,3.368,28,30,560,558,00000000 10101000 10000010 00001010,10101000 10100000 10001010 00000000,27.3,0.0,26.9,81.0,32767.5,1905.0
2022-06-23 18:19:18.902789,27.3,0.0,23.1,279.9,100,100,0.0,26.91,-0.7,30.5,3.36,3.368,28,30,560,558,00000000 10101000 10000010 00001010,10101000 10100000 10001010 00000000,27.3,0.0,26.9,81.0,32767.5,1905.0
2022-06-23 18:19:19.906207,27.3,0.0,23.1,279.9,100,100,0.0,26.9,-0.7,30.5,3.36,3.368,28,30,560,558,00000000 10101000 10000010 00001010,10101000 10100000 10001010 00000000,27.3,0.0,26.9,80.0,32767.5,1905.0
2022-06-23 18:19:20.909497,27.3,0.0,23.1,279.9,100,100,0.0,26.9,-0.7,30.5,3.36,3.368,28,30,560,558,00000000 10101000 10000010 00001010,10101000 10100000 10001010 00000000,27.3,0.0,26.9,80.0,32767.5,1905.0
2022-06-23 18:19:21.912949,27.3,0.0,23.1,279.9,100,100,0.0,26.9,-0.7,30.5,3.36,3.368,28,30,560,558,00000000 10101000 10000010 00001010,10101000 10100000 10001010 00000000,27.3,0.0,26.9,80.0,32767.5,1905.0
2022-06-23 18:19:22.916042,27.3,0.0,23.1,279.9,100,100,0.0,26.9,-0.7,30.5,3.36,3.368,28,30,560,558,00000000 10101000 10000010 00001010,10101000 10100000 10001010 00000000,27.3,0.0,26.9,80.0,32767.5,1905.0
2022-06-23 18:19:23.919062,27.3,0.0,23.1,279.9,100,100,0.0,26.9,-0.7,30.5,3.36,3.366,28,30,560,558,00000000 10101000 10000010 00001010,10101000 10100000 10001010 00000000,27.3,0.0,26.9,80.0,32767.5,1905.0
2022-06-23 18:19:24.921706,27.3,0.0,23.1,279.9,100,100,0.0,26.9,-0.7,30.5,3.36,3.366,28,30,560,558,00000000 10101000 10000010 00001010,10101000 10100000 10001010 00000000,27.3,0.0,26.9,80.0,32767.5,1905.0
2022-06-23 18:19:25.924311,27.3,0.0,23.1,279.9,100,100,0.0,26.89,-0.7,30.5,3.36,3.366,28,30,560,558,00000000 10101000 10000010 00001010,10101000 10100000 10001010 00000000,27.3,0.0,26.9,80.0,32767.5,1905.0
2022-06-23 18:19:26.927428,27.3,0.0,23.1,279.9,100,100,0.0,26.89,-0.7,30.5,3.36,3.365,28,30,560,558,00000000 10101000 10000010 00001010,10101000 10100000 10001010 00000000,27.3,0.0,26.9,80.0,32767.5,1905.0
2022-06-23 18:19:27.930644,27.3,0.0,23.1,279.9,100,100,0.0,26.89,-0.7,30.5,3.36,3.365,28,30,560,558,00000000 10101000 10000010 00001010,10101000 10100000 10001010 00000000,27.3,0.0,26.9,79.0,32767.5,1905.0
2022-06-23 18:19:28.933744,27.3,0.0,23.1,279.9,100,100,0.0,26.89,-0.7,30.5,3.36,3.365,28,30,560,558,00000000 10101000 10000010 00001010,10101000 10100000 10001010 00000000,27.3,0.0,26.9,79.0,32767.5,1905.0
2022-06-23 18:19:29.937041,27.3,0.0,23.1,279.9,100,100,0.0,26.89,-0.7,30.5,3.359,3.365,28,30,560,558,00000000 10101000 10000010 00001010,10101000 10100000 10001010 00000000,27.3,0.0,26.9,79.0,32767.5,1905.0
2022-06-23 18:19:30.940000,27.3,0.0,23.1,279.9,100,100,0.0,26.89,-0.7,30.5,3.359,3.365,28,30,560,558,00000000 10101000 10000010 00001010,10101000 10100000 10001010 00000000,27.3,0.0,26.9,79.0,32767.5,1905.0
2022-06-23 18:19:31.943379,27.3,0.0,23.1,279.9,100,100,0.0,26.89,-0.7,30.5,3.359,3.365,28,30,560,558,00000000 10101000 10000010 00001010,10101000 10100000 10001010 00000000,27.3,0.0,26.9,79.0,32767.5,1905.0
2022-06-23 18:19:32.946624,27.3,0.0,23.1,279.9,100,100,0.0,26.88,-0.7,30.5,3.359,3.365,28,30,560,558,00000000 10101000 10000010 00001010,10101000 10100000 10001010 00000000,27.3,0.0,26.9,79.0,32767.5,1905.0
2022-06-23 18:19:33.949127,27.3,0.0,23.1,279.9,100,100,0.0,26.88,-0.7,30.5,3.357,3.365,28,30,560,558,00000000 10101000 10000010 00001010,10101000 10100000 10001010 00000000,27.3,0.0,26.9,79.0,32767.5,1905.0
2022-06-23 18:19:34.952078,27.3,0.0,23.1,279.9,100,100,0.0,26.88,-0.7,30.5,3.357,3.365,28,30,560,558,00000000 10101000 10000010 00001010,10101000 10100000 10001010 00000000,27.3,0.0,26.9,79.0,32767.5,1905.0
2022-06-23 18:19:35.955409,27.3,0.0,23.1,279.9,100,100,0.0,26.88,-0.7,30.5,3.357,3.365,28,30,560,558,00000000 10101000 10000010 00001010,10101000 10100000 10001010 00000000,27.3,0.0,26.9,79.0,32767.5,1905.0
2022-06-23 18:19:36.958260,27.3,0.0,23.1,279.9,100,100,0.0,26.88,-0.7,30.5,3.357,3.365,28,30,560,558,00000000 10101000 10000010 00001010,10101000 10100000 10001010 00000000,27.3,0.0,26.9,78.0,32767.5,1905.0
2022-06-23 18:19:37.960978,27.3,0.0,23.1,279.9,100,100,0.0,26.87,-0.7,30.5,3.357,3.365,28,30,560,558,00000000 10101000 10000010 00001010,10101000 10100000 10001010 00000000,27.3,0.0,26.9,78.0,32767.5,1905.0
2022-06-23 18:19:38.963421,27.3,0.0,23.1,279.9,100,100,0.0,26.87,-0.7,30.5,3.357,3.365,28,30,560,558,00000000 10101000 10000010 00001010,10101000 10100000 10001010 00000000,27.3,0.0,26.9,78.0,32767.5,1905.0
2022-06-23 18:19:39.966663,27.3,0.0,23.1,279.9,100,100,0.0,26.87,-0.7,30.5,3.357,3.363,28,30,560,558,00000000 10101000 10000010 00001010,10101000 10100000 10001010 00000000,27.3,0.0,26.9,78.0,32767.5,1905.0
2022-06-23 18:19:40.970003,27.3,0.0,23.1,279.9,100,100,0.0,26.87,-0.7,30.5,3.357,3.363,28,30,560,558,00000000 10101000 10000010 00001010,10101000 10100000 10001010 00000000,27.3,0.0,26.9,78.0,32767.5,1905.0
2022-06-23 18:19:41.973334,27.3,0.0,23.1,279.9,100,100,0.0,26.87,-0.7,30.5,3.357,3.363,28,30,560,558,00000000 10101000 10000010 00001010,10101000 10100000 10001010 00000000,27.3,0.0,26.9,78.0,32767.5,1905.0
2022-06-23 18:19:42.976542,27.3,0.0,23.1,279.9,100,100,0.0,26.87,-0.7,30.5,3.357,3.363,28,30,560,558,00000000 10101000 10000010 00001010,10101000 10100000 10001010 00000000,27.3,0.0,26.9,78.0,32767.5,1905.0
2022-06-23 18:19:43.979605,27.3,0.0,23.1,279.9,100,100,0.0,26.87,-0.7,30.5,3.357,3.362,28,30,560,558,00000000 10101000 10000010 00001010,10101000 10100000 10001010 00000000,27.3,0.0,26.9,78.0,32767.5,1905.0
2022-06-23 18:19:44.982996,27.3,0.0,23.1,279.9,100,100,0.0,26.87,-0.7,30.5,3.357,3.362,28,30,560,558,00000000 10101000 10000010 00001010,10101000 10100000 10001010 00000000,27.3,0.0,26.9,78.0,32767.5,1905.0
2022-06-23 18:19:45.986345,27.3,0.0,23.1,279.9,100,100,0.0,26.87,-0.7,30.5,3.357,3.362,28,30,560,558,00000000 10101000 10000010 00001010,10101000 10100000 10001010 00000000,27.3,0.0,26.9,77.0,32767.5,1905.0
2022-06-23 18:19:46.989607,27.3,0.0,23.1,279.9,100,100,0.0,26.87,-0.7,30.5,3.356,3.362,28,30,560,558,00000000 10101000 10000010 00001010,10101000 10100000 10001010 00000000,27.3,0.0,26.85,77.0,32767.5,1905.0
2022-06-23 18:19:47.993376,27.3,0.0,23.1,279.9,100,100,0.0,26.86,-0.7,30.5,3.356,3.362,28,30,560,558,00000000 10101000 10000010 00001010,10101000 10100000 10001010 00000000,27.3,0.0,26.85,77.0,32767.5,1905.0
2022-06-23 18:19:48.996363,27.3,0.0,23.1,279.9,100,100,0.0,26.86,-0.7,30.5,3.356,3.362,28,30,560,558,00000000 10101000 10000010 00001010,10101000 10100000 10001010 00000000,27.3,0.0,26.85,77.0,32767.5,1905.0
2022-06-23 18:19:49.999158,27.3,0.0,23.1,279.9,100,100,0.0,26.86,-0.7,30.5,3.356,3.362,28,30,560,558,00000000 10101000 10000010 00001010,10101000 10100000 10001010 00000000,27.3,0.0,26.85,77.0,32767.5,1905.0
2022-06-23 18:19:51.001807,27.3,0.0,23.1,279.9,100,100,0.0,26.86,-0.7,30.5,3.356,3.362,28,30,560,558,00000000 10101000 10000010 00001010,10101000 10100000 10001010 00000000,27.3,0.0,26.85,77.0,32767.5,1905.0
2022-06-23 18:19:52.004667,27.3,0.0,23.1,279.9,100,100,0.0,26.86,-0.7,30.5,3.356,3.362,28,30,560,558,00000000 10101000 10000010 00001010,10101000 10100000 10001010 00000000,27.3,0.0,26.85,77.0,32767.5,1905.0
2022-06-23 18:19:53.007887,27.3,0.0,23.1,279.9,100,100,0.0,26.86,-0.7,30.5,3.356,3.362,28,30,560,558,00000000 10101000 10000010 00001010,10101000 10100000 10001010 00000000,27.3,0.0,26.85,77.0,32767.5,1905.0
2022-06-23 18:19:54.016041,27.3,0.0,23.1,279.9,100,100,0.0,26.86,-0.7,30.5,3.356,3.362,28,30,560,558,00000000 10101000 10000010 00001010,10101000 10100000 10001010 00000000,27.3,0.0,26.85,76.0,32767.5,1905.0
